[2021-03-25T15:17:12.250] [DEBUG] cheese - login => username:admin,password:123456
[2021-03-25T15:17:12.499] [DEBUG] cheese - admin
[2021-03-25T15:17:12.588] [DEBUG] cheese - null
[2021-03-25T15:17:12.588] [DEBUG] cheese - null
[2021-03-27T13:34:30.127] [DEBUG] cheese - login => username:admin,password:123456
[2021-03-27T13:34:30.146] [DEBUG] cheese - admin
[2021-03-27T13:34:30.157] [DEBUG] cheese - null
[2021-03-27T13:34:30.158] [DEBUG] cheese - null
[2021-03-27T13:34:40.438] [DEBUG] cheese - login => username:admin1,password:123456
[2021-03-27T13:34:40.438] [DEBUG] cheese - admin1
[2021-03-27T13:34:40.441] [DEBUG] cheese - null
[2021-03-27T13:34:40.441] [DEBUG] cheese - null
[2021-03-27T13:34:42.440] [DEBUG] cheese - login => username:admin,password:123456
[2021-03-27T13:34:42.441] [DEBUG] cheese - admin
[2021-03-27T13:34:42.443] [DEBUG] cheese - null
[2021-03-27T13:34:42.444] [DEBUG] cheese - null
[2021-03-27T19:15:13.038] [DEBUG] cheese - login => username:admin,password:123456
[2021-03-27T19:15:13.050] [DEBUG] cheese - admin
[2021-03-27T19:15:13.107] [DEBUG] cheese - null
[2021-03-27T19:15:13.107] [DEBUG] cheese - null
[2021-03-27T19:16:09.205] [DEBUG] cheese - login => username:admin,password:123456
[2021-03-27T19:16:09.205] [DEBUG] cheese - admin
[2021-03-27T19:16:09.209] [DEBUG] cheese - null
[2021-03-27T19:16:09.210] [DEBUG] cheese - null
[2021-03-27T19:16:22.074] [DEBUG] cheese - login => username:admin,password:123456
[2021-03-27T19:16:22.074] [DEBUG] cheese - admin
[2021-03-27T19:16:22.080] [DEBUG] cheese - null
[2021-03-27T19:16:22.080] [DEBUG] cheese - null
[2021-03-27T19:16:24.750] [DEBUG] cheese - login => username:admin,password:123456
[2021-03-27T19:16:24.751] [DEBUG] cheese - admin
[2021-03-27T19:16:24.755] [DEBUG] cheese - null
[2021-03-27T19:16:24.756] [DEBUG] cheese - null
[2021-03-27T19:16:35.404] [DEBUG] cheese - login => username:admin,password:123456
[2021-03-27T19:16:35.405] [DEBUG] cheese - admin
[2021-03-27T19:16:35.412] [DEBUG] cheese - null
[2021-03-27T19:16:35.413] [DEBUG] cheese - null
[2021-03-27T19:16:39.756] [DEBUG] cheese - login => username:admin,password:123456
[2021-03-27T19:16:39.757] [DEBUG] cheese - admin
[2021-03-27T19:16:39.761] [DEBUG] cheese - null
[2021-03-27T19:16:39.761] [DEBUG] cheese - null
[2021-03-27T19:16:56.783] [DEBUG] cheese - login => username:admin,password:123456
[2021-03-27T19:16:56.783] [DEBUG] cheese - admin
[2021-03-27T19:16:56.787] [DEBUG] cheese - null
[2021-03-27T19:16:56.788] [DEBUG] cheese - null
[2021-03-27T19:18:30.425] [DEBUG] cheese - login => username:admin,password:123456
[2021-03-27T19:18:30.425] [DEBUG] cheese - admin
[2021-03-27T19:18:30.430] [DEBUG] cheese - null
[2021-03-27T19:18:30.430] [DEBUG] cheese - null
[2021-03-27T19:24:55.074] [DEBUG] cheese - login => username:admin,password:123456
[2021-03-27T19:24:55.074] [DEBUG] cheese - admin
[2021-03-27T19:24:55.076] [DEBUG] cheese - null
[2021-03-27T19:24:55.076] [DEBUG] cheese - null
[2021-03-27T19:43:09.773] [DEBUG] cheese - login => username:admin,password:123456
[2021-03-27T19:43:09.773] [DEBUG] cheese - admin
[2021-03-27T19:43:09.799] [DEBUG] cheese - null
[2021-03-27T19:43:09.799] [DEBUG] cheese - null
[2021-03-27T20:05:33.094] [DEBUG] cheese - login => username:admin,password:123456
[2021-03-27T20:05:33.094] [DEBUG] cheese - admin
[2021-03-27T20:05:33.096] [DEBUG] cheese - null
[2021-03-27T20:05:33.096] [DEBUG] cheese - null
[2021-03-27T21:36:05.154] [DEBUG] cheese - login => username:admin,password:123456
[2021-03-27T21:36:05.186] [DEBUG] cheese - admin
[2021-03-27T21:36:05.290] [DEBUG] cheese - null
[2021-03-27T21:36:05.291] [DEBUG] cheese - null
[2021-03-27T21:38:38.956] [DEBUG] cheese - login => username:admin,password:123456
[2021-03-27T21:38:38.961] [DEBUG] cheese - admin
[2021-03-27T21:38:38.974] [DEBUG] cheese - null
[2021-03-27T21:38:38.974] [DEBUG] cheese - null
[2021-03-27T21:42:14.027] [DEBUG] cheese - login => username:admin,password:123456
[2021-03-27T21:42:14.027] [DEBUG] cheese - admin
[2021-03-27T21:42:14.034] [DEBUG] cheese - null
[2021-03-27T21:42:14.034] [DEBUG] cheese - null
[2021-03-27T21:43:15.179] [DEBUG] cheese - login => username:admin,password:123456
[2021-03-27T21:43:15.179] [DEBUG] cheese - admin
[2021-03-27T21:43:15.200] [DEBUG] cheese - null
[2021-03-27T21:43:15.200] [DEBUG] cheese - null
[2021-03-27T21:43:33.910] [DEBUG] cheese - login => username:admin,password:123456
[2021-03-27T21:43:33.910] [DEBUG] cheese - admin
[2021-03-27T21:43:33.917] [DEBUG] cheese - null
[2021-03-27T21:43:33.917] [DEBUG] cheese - null
[2021-03-27T23:07:45.371] [DEBUG] cheese - login => username:admin,password:123456
[2021-03-27T23:07:45.405] [DEBUG] cheese - admin
[2021-03-27T23:07:45.469] [DEBUG] cheese - null
[2021-03-27T23:07:45.484] [DEBUG] cheese - null
[2021-03-28T00:10:26.904] [DEBUG] cheese - login => username:admin,password:123456
[2021-03-28T00:10:26.906] [DEBUG] cheese - admin
[2021-03-28T00:10:26.923] [DEBUG] cheese - null
[2021-03-28T00:10:26.924] [DEBUG] cheese - null
[2021-03-28T12:59:21.420] [DEBUG] cheese - login => username:admin,password:123456
[2021-03-28T12:59:21.421] [DEBUG] cheese - admin
[2021-03-28T12:59:21.483] [DEBUG] cheese - null
[2021-03-28T12:59:21.483] [DEBUG] cheese - null
[2021-03-28T12:59:34.384] [DEBUG] cheese - login => username:admin,password:123456
[2021-03-28T12:59:34.385] [DEBUG] cheese - admin
[2021-03-28T12:59:34.387] [DEBUG] cheese - null
[2021-03-28T12:59:34.387] [DEBUG] cheese - null
[2021-03-28T16:59:48.281] [DEBUG] cheese - login => username:admin,password:123456
[2021-03-28T16:59:48.290] [DEBUG] cheese - admin
[2021-03-28T16:59:48.426] [DEBUG] cheese - null
[2021-03-28T16:59:48.427] [DEBUG] cheese - null
[2021-03-28T17:11:24.141] [DEBUG] cheese - login => username:admin,password:123456
[2021-03-28T17:11:24.142] [DEBUG] cheese - admin
[2021-03-28T17:11:24.147] [DEBUG] cheese - null
[2021-03-28T17:11:24.148] [DEBUG] cheese - null
[2021-03-29T11:05:23.564] [DEBUG] cheese - login => username:admin,password:123456
[2021-03-29T11:05:23.569] [DEBUG] cheese - admin
[2021-03-29T11:05:23.726] [DEBUG] cheese - null
[2021-03-29T11:05:23.727] [DEBUG] cheese - null
[2021-03-29T11:06:43.840] [DEBUG] cheese - login => username:admin,password:123456
[2021-03-29T11:06:43.840] [DEBUG] cheese - admin
[2021-03-29T11:06:43.946] [DEBUG] cheese - null
[2021-03-29T11:06:43.947] [DEBUG] cheese - null
[2021-03-29T15:03:42.558] [DEBUG] cheese - login => username:admin,password:123456
[2021-03-29T15:03:42.571] [DEBUG] cheese - admin
[2021-03-29T15:03:42.616] [DEBUG] cheese - null
[2021-03-29T15:03:42.619] [DEBUG] cheese - null
[2021-03-29T15:52:09.565] [DEBUG] cheese - login => username:admin,password:123456
[2021-03-29T15:52:09.569] [DEBUG] cheese - admin
[2021-03-29T15:52:09.590] [DEBUG] cheese - null
[2021-03-29T15:52:09.591] [DEBUG] cheese - null
[2021-03-29T16:00:52.078] [DEBUG] cheese - login => username:admin,password:123456
[2021-03-29T16:00:52.079] [DEBUG] cheese - admin
[2021-03-29T16:00:52.086] [DEBUG] cheese - null
[2021-03-29T16:00:52.086] [DEBUG] cheese - null
[2021-03-29T16:01:53.386] [DEBUG] cheese - login => username:admin,password:123456
[2021-03-29T16:01:53.386] [DEBUG] cheese - admin
[2021-03-29T16:01:53.393] [DEBUG] cheese - null
[2021-03-29T16:01:53.393] [DEBUG] cheese - null
[2021-03-29T20:38:41.163] [DEBUG] cheese - login => username:admin,password:123456
[2021-03-29T20:38:41.169] [DEBUG] cheese - admin
[2021-03-29T20:38:41.211] [DEBUG] cheese - null
[2021-03-29T20:38:41.211] [DEBUG] cheese - null
[2021-03-29T20:44:51.697] [DEBUG] cheese - login => username:admin,password:123456
[2021-03-29T20:44:51.697] [DEBUG] cheese - admin
[2021-03-29T20:44:51.702] [DEBUG] cheese - null
[2021-03-29T20:44:51.702] [DEBUG] cheese - null
[2021-03-29T20:45:09.490] [DEBUG] cheese - login => username:admin,password:123456
[2021-03-29T20:45:09.490] [DEBUG] cheese - admin
[2021-03-29T20:45:09.494] [DEBUG] cheese - null
[2021-03-29T20:45:09.494] [DEBUG] cheese - null
[2021-03-30T13:00:05.907] [DEBUG] cheese - login => username:admin,password:123456
[2021-03-30T13:00:05.939] [DEBUG] cheese - admin
[2021-03-30T13:00:05.954] [DEBUG] cheese - login => username:admin,password:123456
[2021-03-30T13:00:05.954] [DEBUG] cheese - admin
[2021-03-30T13:00:06.003] [DEBUG] cheese - null
[2021-03-30T13:00:06.005] [DEBUG] cheese - null
[2021-03-30T13:00:06.289] [DEBUG] cheese - null
[2021-03-30T13:00:06.290] [DEBUG] cheese - null
[2021-03-30T13:00:06.539] [DEBUG] cheese - login => username:admin,password:123456
[2021-03-30T13:00:06.539] [DEBUG] cheese - admin
[2021-03-30T13:00:06.546] [DEBUG] cheese - null
[2021-03-30T13:00:06.547] [DEBUG] cheese - null
[2021-03-30T13:01:25.312] [DEBUG] cheese - login => username:admin,password:123456
[2021-03-30T13:01:25.312] [DEBUG] cheese - admin
[2021-03-30T13:01:25.316] [DEBUG] cheese - null
[2021-03-30T13:01:25.316] [DEBUG] cheese - null
[2021-03-30T16:11:59.841] [DEBUG] cheese - login => username:admin,password:123456
[2021-03-30T16:11:59.878] [DEBUG] cheese - admin
[2021-03-30T16:11:59.898] [DEBUG] cheese - null
[2021-03-30T16:11:59.900] [DEBUG] cheese - null
[2021-03-30T16:12:05.695] [DEBUG] cheese - login => username:admin,password:123456
[2021-03-30T16:12:05.696] [DEBUG] cheese - admin
[2021-03-30T16:12:05.700] [DEBUG] cheese - null
[2021-03-30T16:12:05.700] [DEBUG] cheese - null
[2021-03-30T16:12:41.165] [DEBUG] cheese - login => username:admin,password:123456
[2021-03-30T16:12:41.165] [DEBUG] cheese - admin
[2021-03-30T16:12:41.169] [DEBUG] cheese - null
[2021-03-30T16:12:41.169] [DEBUG] cheese - null
[2021-03-30T16:12:46.521] [DEBUG] cheese - login => username:admin,password:123456
[2021-03-30T16:12:46.522] [DEBUG] cheese - admin
[2021-03-30T16:12:46.526] [DEBUG] cheese - null
[2021-03-30T16:12:46.527] [DEBUG] cheese - null
[2021-03-30T16:12:49.935] [DEBUG] cheese - login => username:admin,password:123456
[2021-03-30T16:12:49.936] [DEBUG] cheese - admin
[2021-03-30T16:12:49.940] [DEBUG] cheese - null
[2021-03-30T16:12:49.940] [DEBUG] cheese - null
[2021-03-31T13:51:23.647] [DEBUG] cheese - login => username:admin,password:123456
[2021-03-31T13:51:23.648] [DEBUG] cheese - admin
[2021-03-31T13:51:23.938] [DEBUG] cheese - null
[2021-03-31T13:51:23.938] [DEBUG] cheese - null
[2021-03-31T13:55:20.818] [DEBUG] cheese - login => username:admin,password:123456
[2021-03-31T13:55:20.819] [DEBUG] cheese - admin
[2021-03-31T13:55:20.824] [DEBUG] cheese - null
[2021-03-31T13:55:20.824] [DEBUG] cheese - null
[2021-03-31T17:38:37.500] [DEBUG] cheese - login => username:admin,password:123456
[2021-03-31T17:38:37.621] [DEBUG] cheese - admin
[2021-03-31T17:38:37.805] [DEBUG] cheese - null
[2021-03-31T17:38:37.807] [DEBUG] cheese - null
[2021-03-31T17:42:43.365] [DEBUG] cheese - login => username:admin,password:123456
[2021-03-31T17:42:43.366] [DEBUG] cheese - admin
[2021-03-31T17:42:43.387] [DEBUG] cheese - null
[2021-03-31T17:42:43.388] [DEBUG] cheese - null
[2021-04-01T19:21:44.290] [DEBUG] cheese - login => username:admin,password:123456
[2021-04-01T19:21:44.291] [DEBUG] cheese - admin
[2021-04-01T19:21:44.551] [DEBUG] cheese - null
[2021-04-01T19:21:44.552] [DEBUG] cheese - null
[2021-04-01T19:23:16.857] [DEBUG] cheese - login => username:admin,password:123456
[2021-04-01T19:23:16.857] [DEBUG] cheese - admin
[2021-04-01T19:23:16.860] [DEBUG] cheese - null
[2021-04-01T19:23:16.860] [DEBUG] cheese - null
[2021-04-01T20:17:57.015] [DEBUG] cheese - login => username:admin,password:123456
[2021-04-01T20:17:57.017] [DEBUG] cheese - admin
[2021-04-01T20:17:57.021] [DEBUG] cheese - null
[2021-04-01T20:17:57.021] [DEBUG] cheese - null
[2021-04-01T20:30:11.815] [DEBUG] cheese - login => username:admin,password:123456
[2021-04-01T20:30:11.816] [DEBUG] cheese - admin
[2021-04-01T20:30:11.821] [DEBUG] cheese - null
[2021-04-01T20:30:11.821] [DEBUG] cheese - null
[2021-04-01T20:37:06.401] [DEBUG] cheese - login => username:admin,password:123456
[2021-04-01T20:37:06.401] [DEBUG] cheese - admin
[2021-04-01T20:37:06.403] [DEBUG] cheese - null
[2021-04-01T20:37:06.404] [DEBUG] cheese - null
[2021-04-01T20:41:51.497] [DEBUG] cheese - login => username:admin,password:123456
[2021-04-01T20:41:51.497] [DEBUG] cheese - admin
[2021-04-01T20:41:51.503] [DEBUG] cheese - null
[2021-04-01T20:41:51.503] [DEBUG] cheese - null
[2021-04-01T20:41:59.636] [DEBUG] cheese - login => username:admin,password:123456
[2021-04-01T20:41:59.637] [DEBUG] cheese - admin
[2021-04-01T20:41:59.641] [DEBUG] cheese - null
[2021-04-01T20:41:59.642] [DEBUG] cheese - null
[2021-04-01T20:44:44.926] [DEBUG] cheese - login => username:admin,password:123456
[2021-04-01T20:44:44.926] [DEBUG] cheese - admin
[2021-04-01T20:44:44.928] [DEBUG] cheese - null
[2021-04-01T20:44:44.928] [DEBUG] cheese - null
[2021-04-01T20:46:52.241] [DEBUG] cheese - login => username:admin,password:123456
[2021-04-01T20:46:52.241] [DEBUG] cheese - admin
[2021-04-01T20:46:52.243] [DEBUG] cheese - null
[2021-04-01T20:46:52.243] [DEBUG] cheese - null
[2021-04-01T21:27:19.752] [DEBUG] cheese - login => username:admin,password:123456
[2021-04-01T21:27:19.753] [DEBUG] cheese - admin
[2021-04-01T21:27:19.760] [DEBUG] cheese - null
[2021-04-01T21:27:19.760] [DEBUG] cheese - null
[2021-04-01T21:46:09.566] [DEBUG] cheese - login => username:admin,password:123456
[2021-04-01T21:46:09.566] [DEBUG] cheese - admin
[2021-04-01T21:46:09.568] [DEBUG] cheese - null
[2021-04-01T21:46:09.568] [DEBUG] cheese - null
[2021-04-01T22:22:41.102] [DEBUG] cheese - login => username:admin,password:123456
[2021-04-01T22:22:41.103] [DEBUG] cheese - admin
[2021-04-01T22:22:41.107] [DEBUG] cheese - null
[2021-04-01T22:22:41.107] [DEBUG] cheese - null
[2021-04-01T22:29:04.910] [DEBUG] cheese - login => username:admin,password:123456
[2021-04-01T22:29:04.911] [DEBUG] cheese - admin
[2021-04-01T22:29:04.919] [DEBUG] cheese - null
[2021-04-01T22:29:04.919] [DEBUG] cheese - null
[2021-04-01T22:44:31.973] [DEBUG] cheese - login => username:admin,password:123456
[2021-04-01T22:44:31.974] [DEBUG] cheese - admin
[2021-04-01T22:44:31.984] [DEBUG] cheese - null
[2021-04-01T22:44:31.984] [DEBUG] cheese - null
[2021-04-01T22:45:30.690] [DEBUG] cheese - login => username:admin,password:123456
[2021-04-01T22:45:30.690] [DEBUG] cheese - admin
[2021-04-01T22:45:30.694] [DEBUG] cheese - null
[2021-04-01T22:45:30.695] [DEBUG] cheese - null
[2021-04-01T22:45:48.564] [DEBUG] cheese - login => username:admin,password:123456
[2021-04-01T22:45:48.564] [DEBUG] cheese - admin
[2021-04-01T22:45:48.568] [DEBUG] cheese - null
[2021-04-01T22:45:48.568] [DEBUG] cheese - null
[2021-04-01T23:03:40.894] [DEBUG] cheese - login => username:admin,password:123456
[2021-04-01T23:03:40.894] [DEBUG] cheese - admin
[2021-04-01T23:03:41.286] [DEBUG] cheese - null
[2021-04-01T23:03:41.287] [DEBUG] cheese - null
[2021-04-01T23:16:18.191] [DEBUG] cheese - login => username:admin,password:123456
[2021-04-01T23:16:18.192] [DEBUG] cheese - admin
[2021-04-01T23:16:18.194] [DEBUG] cheese - null
[2021-04-01T23:16:18.194] [DEBUG] cheese - null
[2021-04-01T23:17:35.387] [DEBUG] cheese - login => username:admin,password:123456
[2021-04-01T23:17:35.387] [DEBUG] cheese - admin
[2021-04-01T23:17:35.389] [DEBUG] cheese - null
[2021-04-01T23:17:35.389] [DEBUG] cheese - null
[2021-04-01T23:54:44.341] [DEBUG] cheese - login => username:admin,password:123456
[2021-04-01T23:54:44.341] [DEBUG] cheese - admin
[2021-04-01T23:54:44.406] [DEBUG] cheese - null
[2021-04-01T23:54:44.406] [DEBUG] cheese - null
[2021-04-01T23:55:27.674] [DEBUG] cheese - login => username:admin,password:123456
[2021-04-01T23:55:27.674] [DEBUG] cheese - admin
[2021-04-01T23:55:27.677] [DEBUG] cheese - null
[2021-04-01T23:55:27.678] [DEBUG] cheese - null
[2021-04-02T00:00:37.473] [DEBUG] cheese - login => username:admin,password:123456
[2021-04-02T00:00:37.474] [DEBUG] cheese - admin
[2021-04-02T00:00:37.480] [DEBUG] cheese - null
[2021-04-02T00:00:37.480] [DEBUG] cheese - null
[2021-04-02T00:02:33.797] [DEBUG] cheese - login => username:admin,password:123456
[2021-04-02T00:02:33.797] [DEBUG] cheese - admin
[2021-04-02T00:02:33.799] [DEBUG] cheese - null
[2021-04-02T00:02:33.799] [DEBUG] cheese - null
[2021-04-02T11:35:10.858] [DEBUG] cheese - login => username:admin,password:123456
[2021-04-02T11:35:10.881] [DEBUG] cheese - admin
[2021-04-02T11:35:10.888] [DEBUG] cheese - login => username:admin,password:123456
[2021-04-02T11:35:10.888] [DEBUG] cheese - admin
[2021-04-02T11:35:10.893] [DEBUG] cheese - null
[2021-04-02T11:35:10.924] [DEBUG] cheese - null
[2021-04-02T11:35:11.033] [DEBUG] cheese - null
[2021-04-02T11:35:11.034] [DEBUG] cheese - null
[2021-04-02T12:01:46.207] [DEBUG] cheese - login => username:admin,password:123456
[2021-04-02T12:01:46.209] [DEBUG] cheese - admin
[2021-04-02T12:01:46.223] [DEBUG] cheese - null
[2021-04-02T12:01:46.224] [DEBUG] cheese - null
[2021-04-02T12:02:04.091] [DEBUG] cheese - login => username:admin,password:123456
[2021-04-02T12:02:04.092] [DEBUG] cheese - admin
[2021-04-02T12:02:04.096] [DEBUG] cheese - null
[2021-04-02T12:02:04.097] [DEBUG] cheese - null
[2021-04-02T15:35:01.858] [DEBUG] cheese - login => username:admin,password:123456
[2021-04-02T15:35:01.860] [DEBUG] cheese - admin
[2021-04-02T15:35:01.874] [DEBUG] cheese - null
[2021-04-02T15:35:01.875] [DEBUG] cheese - null
[2021-04-02T16:20:32.337] [DEBUG] cheese - login => username:admin,password:123456
[2021-04-02T16:20:32.337] [DEBUG] cheese - admin
[2021-04-02T16:20:32.347] [DEBUG] cheese - null
[2021-04-02T16:20:32.347] [DEBUG] cheese - null
[2021-04-03T11:21:02.449] [DEBUG] cheese - login => username:admin,password:123456
[2021-04-03T11:21:02.450] [DEBUG] cheese - admin
[2021-04-03T11:21:02.476] [DEBUG] cheese - null
[2021-04-03T11:21:02.476] [DEBUG] cheese - null
[2021-04-03T11:22:13.580] [DEBUG] cheese - login => username:admin,password:123456
[2021-04-03T11:22:13.580] [DEBUG] cheese - admin
[2021-04-03T11:22:13.584] [DEBUG] cheese - null
[2021-04-03T11:22:13.585] [DEBUG] cheese - null
[2021-04-03T13:50:36.574] [DEBUG] cheese - login => username:admin,password:123456
[2021-04-03T13:50:36.576] [DEBUG] cheese - admin
[2021-04-03T13:50:36.580] [DEBUG] cheese - null
[2021-04-03T13:50:36.580] [DEBUG] cheese - null
[2021-04-03T13:53:14.675] [DEBUG] cheese - login => username:admin,password:123456
[2021-04-03T13:53:14.675] [DEBUG] cheese - admin
[2021-04-03T13:53:14.677] [DEBUG] cheese - null
[2021-04-03T13:53:14.678] [DEBUG] cheese - null
[2021-04-03T14:02:32.251] [DEBUG] cheese - login => username:admin1,password:123456
[2021-04-03T14:02:32.251] [DEBUG] cheese - admin1
[2021-04-03T14:02:32.373] [DEBUG] cheese - null
[2021-04-03T14:02:32.373] [DEBUG] cheese - null
[2021-04-03T14:02:35.931] [DEBUG] cheese - login => username:admin,password:123456
[2021-04-03T14:02:35.931] [DEBUG] cheese - admin
[2021-04-03T14:02:35.933] [DEBUG] cheese - null
[2021-04-03T14:02:35.934] [DEBUG] cheese - null
[2021-04-03T14:20:48.095] [DEBUG] cheese - null
[2021-04-03T14:23:01.819] [DEBUG] cheese - null
[2021-04-03T14:26:37.501] [DEBUG] cheese - null
[2021-04-03T14:26:39.815] [DEBUG] cheese - null
[2021-04-03T14:26:42.215] [DEBUG] cheese - null
[2021-04-03T14:27:59.597] [DEBUG] cheese - null
[2021-04-03T14:32:10.595] [DEBUG] cheese - login => username:admin,password:123456
[2021-04-03T14:32:10.595] [DEBUG] cheese - admin
[2021-04-03T14:32:10.598] [DEBUG] cheese - null
[2021-04-03T14:32:10.598] [DEBUG] cheese - null
[2021-04-03T16:13:09.161] [DEBUG] cheese - login => username:admin,password:123456
[2021-04-03T16:13:09.184] [DEBUG] cheese - admin
[2021-04-03T16:13:09.272] [DEBUG] cheese - null
[2021-04-03T16:13:09.273] [DEBUG] cheese - null
[2021-04-03T16:24:51.332] [DEBUG] cheese - login => username:admin,password:123456
[2021-04-03T16:24:51.333] [DEBUG] cheese - admin
[2021-04-03T16:24:51.335] [DEBUG] cheese - null
[2021-04-03T16:24:51.335] [DEBUG] cheese - null
[2021-04-03T22:44:10.143] [DEBUG] cheese - login => username:123,password:123123
[2021-04-03T22:44:10.252] [DEBUG] cheese - 123
[2021-04-03T22:44:10.255] [DEBUG] cheese - null
[2021-04-03T22:44:10.255] [DEBUG] cheese - null
[2021-04-03T22:44:13.557] [DEBUG] cheese - login => username:123,password:123123
[2021-04-03T22:44:13.558] [DEBUG] cheese - 123
[2021-04-03T22:44:13.559] [DEBUG] cheese - null
[2021-04-03T22:44:13.559] [DEBUG] cheese - null
[2021-04-03T22:44:16.444] [DEBUG] cheese - login => username:admin,password:123456
[2021-04-03T22:44:16.444] [DEBUG] cheese - admin
[2021-04-03T22:44:16.446] [DEBUG] cheese - null
[2021-04-03T22:44:16.446] [DEBUG] cheese - null
[2021-04-03T22:45:21.428] [DEBUG] cheese - login => username:zhuguan,password:123456
[2021-04-03T22:45:21.428] [DEBUG] cheese - zhuguan
[2021-04-03T22:45:21.431] [DEBUG] cheese - null
[2021-04-03T22:45:21.431] [DEBUG] cheese - null
[2021-04-03T22:45:28.292] [DEBUG] cheese - login => username:zhuguan,password:123456
[2021-04-03T22:45:28.292] [DEBUG] cheese - zhuguan
[2021-04-03T22:45:28.293] [DEBUG] cheese - null
[2021-04-03T22:45:28.293] [DEBUG] cheese - null
[2021-04-03T22:45:55.962] [DEBUG] cheese - login => username:admin,password:123456
[2021-04-03T22:45:55.962] [DEBUG] cheese - admin
[2021-04-03T22:45:55.964] [DEBUG] cheese - null
[2021-04-03T22:45:55.964] [DEBUG] cheese - null
[2021-04-03T22:48:25.142] [DEBUG] cheese - login => username:linken,password:123456
[2021-04-03T22:48:25.142] [DEBUG] cheese - linken
[2021-04-03T22:48:25.143] [DEBUG] cheese - null
[2021-04-03T22:48:25.144] [DEBUG] cheese - null
[2021-04-03T22:48:31.663] [DEBUG] cheese - login => username:linken,password:123456
[2021-04-03T22:48:31.663] [DEBUG] cheese - linken
[2021-04-03T22:48:31.664] [DEBUG] cheese - null
[2021-04-03T22:48:31.664] [DEBUG] cheese - null
[2021-04-03T22:50:27.992] [DEBUG] cheese - login => username:linken,password:123456
[2021-04-03T22:50:27.992] [DEBUG] cheese - linken
[2021-04-03T22:50:27.994] [DEBUG] cheese - null
[2021-04-03T22:50:27.994] [DEBUG] cheese - null
[2021-04-03T22:50:30.768] [DEBUG] cheese - login => username:admin,password:123456
[2021-04-03T22:50:30.769] [DEBUG] cheese - admin
[2021-04-03T22:50:30.770] [DEBUG] cheese - null
[2021-04-03T22:50:30.770] [DEBUG] cheese - null
[2021-04-03T22:50:45.464] [DEBUG] cheese - login => username:admin,password:123456
[2021-04-03T22:50:45.464] [DEBUG] cheese - admin
[2021-04-03T22:50:45.466] [DEBUG] cheese - null
[2021-04-03T22:50:45.466] [DEBUG] cheese - null
[2021-04-03T22:51:36.684] [DEBUG] cheese - login => username:linken,password:123456
[2021-04-03T22:51:36.684] [DEBUG] cheese - linken
[2021-04-03T22:51:36.686] [DEBUG] cheese - null
[2021-04-03T22:51:36.687] [DEBUG] cheese - null
[2021-04-03T22:51:39.294] [DEBUG] cheese - null
[2021-04-03T22:51:39.330] [DEBUG] cheese - null
[2021-04-03T22:51:48.299] [DEBUG] cheese - login => username:admin,password:123456
[2021-04-03T22:51:48.299] [DEBUG] cheese - admin
[2021-04-03T22:51:48.300] [DEBUG] cheese - null
[2021-04-03T22:51:48.300] [DEBUG] cheese - null
[2021-04-03T22:52:01.436] [DEBUG] cheese - login => username:zhuguan,password:123456
[2021-04-03T22:52:01.436] [DEBUG] cheese - zhuguan
[2021-04-03T22:52:01.438] [DEBUG] cheese - null
[2021-04-03T22:52:01.438] [DEBUG] cheese - null
[2021-04-03T22:52:07.122] [DEBUG] cheese - login => username:zhuguan,password:123123
[2021-04-03T22:52:07.122] [DEBUG] cheese - zhuguan
[2021-04-03T22:52:07.125] [DEBUG] cheese - null
[2021-04-03T22:52:07.125] [DEBUG] cheese - null
[2021-04-03T22:52:10.177] [DEBUG] cheese - login => username:zhuguan,password:123456
[2021-04-03T22:52:10.178] [DEBUG] cheese - zhuguan
[2021-04-03T22:52:10.179] [DEBUG] cheese - null
[2021-04-03T22:52:10.179] [DEBUG] cheese - null
[2021-04-03T22:52:12.649] [DEBUG] cheese - login => username:admin,password:123456
[2021-04-03T22:52:12.649] [DEBUG] cheese - admin
[2021-04-03T22:52:12.650] [DEBUG] cheese - null
[2021-04-03T22:52:12.650] [DEBUG] cheese - null
[2021-04-03T23:48:10.710] [DEBUG] cheese - login => username:admin,password:123456
[2021-04-03T23:48:10.711] [DEBUG] cheese - admin
[2021-04-03T23:48:10.715] [DEBUG] cheese - null
[2021-04-03T23:48:10.715] [DEBUG] cheese - null
[2021-04-04T00:18:19.694] [DEBUG] cheese - login => username:admin,password:123456
[2021-04-04T00:18:19.694] [DEBUG] cheese - admin
[2021-04-04T00:18:19.697] [DEBUG] cheese - null
[2021-04-04T00:18:19.698] [DEBUG] cheese - null
[2021-04-04T00:18:41.971] [DEBUG] cheese - login => username:admin,password:123456
[2021-04-04T00:18:41.972] [DEBUG] cheese - admin
[2021-04-04T00:18:41.977] [DEBUG] cheese - null
[2021-04-04T00:18:41.977] [DEBUG] cheese - null
[2021-04-04T00:19:03.768] [DEBUG] cheese - login => username:admin,password:123456
[2021-04-04T00:19:03.768] [DEBUG] cheese - admin
[2021-04-04T00:19:03.771] [DEBUG] cheese - null
[2021-04-04T00:19:03.771] [DEBUG] cheese - null
[2021-04-04T01:31:37.120] [DEBUG] cheese - login => username:admin,password:123456
[2021-04-04T01:31:37.121] [DEBUG] cheese - admin
[2021-04-04T01:31:37.125] [DEBUG] cheese - null
[2021-04-04T01:31:37.125] [DEBUG] cheese - null
[2021-04-05T12:38:24.551] [DEBUG] cheese - login => username:admin,password:123456
[2021-04-05T12:38:24.552] [DEBUG] cheese - admin
[2021-04-05T12:38:24.647] [DEBUG] cheese - null
[2021-04-05T12:38:24.647] [DEBUG] cheese - null
[2021-04-05T12:40:37.021] [DEBUG] cheese - login => username:admin,password:123456
[2021-04-05T12:40:37.022] [DEBUG] cheese - admin
[2021-04-05T12:40:37.026] [DEBUG] cheese - null
[2021-04-05T12:40:37.027] [DEBUG] cheese - null
[2021-04-06T12:03:53.979] [DEBUG] cheese - login => username:admin,password:123456
[2021-04-06T12:03:53.981] [DEBUG] cheese - admin
[2021-04-06T12:03:54.022] [DEBUG] cheese - null
[2021-04-06T12:03:54.023] [DEBUG] cheese - null
[2021-04-06T12:03:56.435] [DEBUG] cheese - login => username:admin,password:123456
[2021-04-06T12:03:56.435] [DEBUG] cheese - admin
[2021-04-06T12:03:56.441] [DEBUG] cheese - null
[2021-04-06T12:03:56.441] [DEBUG] cheese - null
[2021-04-07T11:24:44.222] [DEBUG] cheese - login => username:admin,password:123456
[2021-04-07T11:24:44.224] [DEBUG] cheese - admin
[2021-04-07T11:24:44.274] [DEBUG] cheese - null
[2021-04-07T11:24:44.275] [DEBUG] cheese - null
[2021-04-07T13:38:48.353] [DEBUG] cheese - login => username:admin,password:123456
[2021-04-07T13:38:48.354] [DEBUG] cheese - admin
[2021-04-07T13:38:48.392] [DEBUG] cheese - null
[2021-04-07T13:38:48.393] [DEBUG] cheese - null
[2021-04-08T14:55:28.758] [DEBUG] cheese - login => username:admin,password:123456
[2021-04-08T14:55:28.759] [DEBUG] cheese - admin
[2021-04-08T14:55:28.771] [DEBUG] cheese - null
[2021-04-08T14:55:28.772] [DEBUG] cheese - null
[2021-04-08T14:55:44.273] [DEBUG] cheese - login => username:admin,password:123456
[2021-04-08T14:55:44.273] [DEBUG] cheese - admin
[2021-04-08T14:55:44.276] [DEBUG] cheese - null
[2021-04-08T14:55:44.276] [DEBUG] cheese - null
[2021-04-08T20:51:02.904] [DEBUG] cheese - login => username:admin,password:123456
[2021-04-08T20:51:02.905] [DEBUG] cheese - admin
[2021-04-08T20:51:02.915] [DEBUG] cheese - null
[2021-04-08T20:51:02.938] [DEBUG] cheese - null
[2021-04-08T22:05:55.603] [DEBUG] cheese - null
[2021-04-09T11:57:46.347] [DEBUG] cheese - login => username:admin,password:123456
[2021-04-09T11:57:46.348] [DEBUG] cheese - admin
[2021-04-09T11:57:46.594] [DEBUG] cheese - null
[2021-04-09T11:57:46.594] [DEBUG] cheese - null
[2021-04-09T11:59:20.223] [DEBUG] cheese - login => username:admin,password:123456
[2021-04-09T11:59:20.224] [DEBUG] cheese - admin
[2021-04-09T11:59:20.227] [DEBUG] cheese - null
[2021-04-09T11:59:20.227] [DEBUG] cheese - null
[2021-04-09T16:58:38.453] [DEBUG] cheese - null
[2021-04-09T17:05:50.603] [DEBUG] cheese - null
[2021-04-09T17:08:22.217] [DEBUG] cheese - null
[2021-04-09T17:08:51.228] [DEBUG] cheese - null
[2021-04-09T17:09:09.273] [DEBUG] cheese - null
[2021-04-09T17:09:14.708] [DEBUG] cheese - null
[2021-04-09T17:10:20.332] [DEBUG] cheese - null
[2021-04-09T17:10:37.131] [DEBUG] cheese - null
[2021-04-09T17:10:47.795] [DEBUG] cheese - null
[2021-04-09T17:11:10.505] [DEBUG] cheese - null
[2021-04-09T17:11:24.227] [DEBUG] cheese - null
[2021-04-09T17:14:46.284] [DEBUG] cheese - null
[2021-04-09T17:15:15.651] [DEBUG] cheese - null
[2021-04-09T17:37:51.228] [DEBUG] cheese - null
[2021-04-09T17:37:55.478] [DEBUG] cheese - null
[2021-04-09T17:40:32.030] [DEBUG] cheese - login => username:admin,password:123456
[2021-04-09T17:40:32.030] [DEBUG] cheese - admin
[2021-04-09T17:40:32.033] [DEBUG] cheese - null
[2021-04-09T17:40:32.034] [DEBUG] cheese - null
[2021-04-09T23:44:28.278] [DEBUG] cheese - login => username:admin,password:123456
[2021-04-09T23:44:28.310] [DEBUG] cheese - admin
[2021-04-09T23:44:28.355] [DEBUG] cheese - null
[2021-04-09T23:44:28.357] [DEBUG] cheese - null
[2021-04-11T19:06:23.479] [DEBUG] cheese - login => username:admin,password:123456
[2021-04-11T19:06:23.480] [DEBUG] cheese - admin
[2021-04-11T19:06:23.490] [DEBUG] cheese - null
[2021-04-11T19:06:23.490] [DEBUG] cheese - null
[2021-04-11T19:07:33.219] [DEBUG] cheese - login => username:admin,password:123456
[2021-04-11T19:07:33.219] [DEBUG] cheese - admin
[2021-04-11T19:07:33.221] [DEBUG] cheese - null
[2021-04-11T19:07:33.222] [DEBUG] cheese - null
[2021-04-12T12:21:21.752] [DEBUG] cheese - login => username:admin,password:123456
[2021-04-12T12:21:21.753] [DEBUG] cheese - admin
[2021-04-12T12:21:21.762] [DEBUG] cheese - null
[2021-04-12T12:21:21.763] [DEBUG] cheese - null
[2021-04-12T12:22:12.942] [DEBUG] cheese - login => username:admin,password:123456
[2021-04-12T12:22:12.943] [DEBUG] cheese - admin
[2021-04-12T12:22:12.948] [DEBUG] cheese - null
[2021-04-12T12:22:12.949] [DEBUG] cheese - null
[2021-04-12T14:03:25.675] [DEBUG] cheese - login => username:admin,password:123456
[2021-04-12T14:03:25.675] [DEBUG] cheese - admin
[2021-04-12T14:03:25.680] [DEBUG] cheese - null
[2021-04-12T14:03:25.680] [DEBUG] cheese - null
[2021-04-12T14:34:20.772] [DEBUG] cheese - login => username:admin,password:123456
[2021-04-12T14:34:20.778] [DEBUG] cheese - admin
[2021-04-12T14:34:21.060] [DEBUG] cheese - null
[2021-04-12T14:34:21.061] [DEBUG] cheese - null
[2021-04-12T16:14:12.907] [DEBUG] cheese - login => username:admin,password:123456
[2021-04-12T16:14:12.907] [DEBUG] cheese - admin
[2021-04-12T16:14:12.910] [DEBUG] cheese - null
[2021-04-12T16:14:12.910] [DEBUG] cheese - null
[2021-04-12T16:23:11.617] [DEBUG] cheese - login => username:admin,password:123456
[2021-04-12T16:23:11.617] [DEBUG] cheese - admin
[2021-04-12T16:23:11.620] [DEBUG] cheese - null
[2021-04-12T16:23:11.620] [DEBUG] cheese - null
[2021-04-12T16:49:10.982] [DEBUG] cheese - login => username:admin,password:123456
[2021-04-12T16:49:10.990] [DEBUG] cheese - admin
[2021-04-12T16:49:11.007] [DEBUG] cheese - null
[2021-04-12T16:49:11.008] [DEBUG] cheese - null
[2021-04-12T17:59:30.666] [DEBUG] cheese - login => username:admin,password:123456
[2021-04-12T17:59:30.669] [DEBUG] cheese - admin
[2021-04-12T17:59:30.681] [DEBUG] cheese - null
[2021-04-12T17:59:30.681] [DEBUG] cheese - null
[2021-04-12T18:05:51.247] [DEBUG] cheese - login => username:admin,password:123456
[2021-04-12T18:05:51.247] [DEBUG] cheese - admin
[2021-04-12T18:05:51.251] [DEBUG] cheese - null
[2021-04-12T18:05:51.251] [DEBUG] cheese - null
[2021-04-12T18:07:50.328] [DEBUG] cheese - login => username:admin,password:123456
[2021-04-12T18:07:50.328] [DEBUG] cheese - admin
[2021-04-12T18:07:50.331] [DEBUG] cheese - null
[2021-04-12T18:07:50.331] [DEBUG] cheese - null
[2021-04-19T17:03:40.920] [DEBUG] cheese - login => username:admin,password:123456
[2021-04-19T17:03:40.924] [DEBUG] cheese - admin
[2021-04-19T17:03:41.235] [DEBUG] cheese - null
[2021-04-19T17:03:41.236] [DEBUG] cheese - null
[2021-04-19T17:53:07.269] [DEBUG] cheese - login => username:admin,password:123456
[2021-04-19T17:53:07.271] [DEBUG] cheese - admin
[2021-04-19T17:53:07.290] [DEBUG] cheese - null
[2021-04-19T17:53:07.290] [DEBUG] cheese - null
[2021-05-12T12:57:11.436] [DEBUG] cheese - login => username:admin,password:123456
[2021-05-12T12:57:11.441] [DEBUG] cheese - admin
[2021-05-12T12:57:11.618] [DEBUG] cheese - null
[2021-05-12T12:57:11.619] [DEBUG] cheese - null
[2021-05-14T12:41:59.630] [DEBUG] cheese - login => username:admin,password:123456
[2021-05-14T12:41:59.632] [DEBUG] cheese - admin
[2021-05-14T12:41:59.889] [DEBUG] cheese - null
[2021-05-14T12:41:59.890] [DEBUG] cheese - null
[2021-05-14T13:10:40.751] [DEBUG] cheese - login => username:admin,password:123456
[2021-05-14T13:10:40.754] [DEBUG] cheese - admin
[2021-05-14T13:10:40.761] [DEBUG] cheese - null
[2021-05-14T13:10:40.762] [DEBUG] cheese - null
[2021-05-14T13:13:11.278] [DEBUG] cheese - login => username:admin,password:123456
[2021-05-14T13:13:11.280] [DEBUG] cheese - admin
[2021-05-14T13:13:11.299] [DEBUG] cheese - null
[2021-05-14T13:13:11.300] [DEBUG] cheese - null
[2021-05-14T17:20:54.796] [DEBUG] cheese - login => username:admin,password:123456
[2021-05-14T17:20:54.810] [DEBUG] cheese - admin
[2021-05-14T17:20:54.883] [DEBUG] cheese - null
[2021-05-14T17:20:54.905] [DEBUG] cheese - null
[2021-05-14T17:23:22.062] [DEBUG] cheese - login => username:admin,password:123456
[2021-05-14T17:23:22.062] [DEBUG] cheese - admin
[2021-05-14T17:23:22.067] [DEBUG] cheese - null
[2021-05-14T17:23:22.067] [DEBUG] cheese - null
[2021-05-14T17:24:26.328] [DEBUG] cheese - login => username:admin,password:123456
[2021-05-14T17:24:26.328] [DEBUG] cheese - admin
[2021-05-14T17:24:26.331] [DEBUG] cheese - null
[2021-05-14T17:24:26.332] [DEBUG] cheese - null
[2021-05-15T15:20:59.930] [DEBUG] cheese - login => username:admin,password:123456
[2021-05-15T15:20:59.939] [DEBUG] cheese - admin
[2021-05-15T15:20:59.955] [DEBUG] cheese - null
[2021-05-15T15:20:59.983] [DEBUG] cheese - null
[2021-05-16T09:37:14.267] [DEBUG] cheese - login => username:admin,password:123456
[2021-05-16T09:37:14.270] [DEBUG] cheese - admin
[2021-05-16T09:37:14.321] [DEBUG] cheese - null
[2021-05-16T09:37:14.323] [DEBUG] cheese - null
[2021-05-16T10:00:48.764] [DEBUG] cheese - login => username:admin,password:123456
[2021-05-16T10:00:48.766] [DEBUG] cheese - admin
[2021-05-16T10:00:48.773] [DEBUG] cheese - null
[2021-05-16T10:00:48.773] [DEBUG] cheese - null
[2021-05-16T10:16:12.839] [DEBUG] cheese - login => username:zec,password:123456
[2021-05-16T10:16:12.841] [DEBUG] cheese - zec
[2021-05-16T10:16:12.845] [DEBUG] cheese - null
[2021-05-16T10:16:12.845] [DEBUG] cheese - null
[2021-05-16T10:16:17.309] [DEBUG] cheese - login => username:zec,password:123456
[2021-05-16T10:16:17.309] [DEBUG] cheese - zec
[2021-05-16T10:16:17.312] [DEBUG] cheese - null
[2021-05-16T10:16:17.312] [DEBUG] cheese - null
[2021-05-16T10:16:22.203] [DEBUG] cheese - login => username:zec,password:123456
[2021-05-16T10:16:22.203] [DEBUG] cheese - zec
[2021-05-16T10:16:22.206] [DEBUG] cheese - null
[2021-05-16T10:16:22.207] [DEBUG] cheese - null
[2021-05-16T10:16:28.768] [DEBUG] cheese - login => username:ww,password:123456
[2021-05-16T10:16:28.768] [DEBUG] cheese - ww
[2021-05-16T10:16:28.770] [DEBUG] cheese - null
[2021-05-16T10:16:28.770] [DEBUG] cheese - null
[2021-05-16T10:16:33.927] [DEBUG] cheese - login => username:admin,password:123456
[2021-05-16T10:16:33.927] [DEBUG] cheese - admin
[2021-05-16T10:16:33.929] [DEBUG] cheese - null
[2021-05-16T10:16:33.929] [DEBUG] cheese - null
[2021-05-16T10:21:23.376] [DEBUG] cheese - login => username:plan,password:123456
[2021-05-16T10:21:23.376] [DEBUG] cheese - plan
[2021-05-16T10:21:23.378] [DEBUG] cheese - null
[2021-05-16T10:21:23.378] [DEBUG] cheese - null
[2021-05-16T10:21:25.580] [DEBUG] cheese - null
[2021-05-16T10:21:25.584] [DEBUG] cheese - null
[2021-05-16T10:21:32.475] [DEBUG] cheese - null
[2021-05-16T10:21:32.478] [DEBUG] cheese - null
[2021-05-16T10:21:33.908] [DEBUG] cheese - null
[2021-05-16T10:21:33.913] [DEBUG] cheese - null
[2021-05-16T10:21:34.980] [DEBUG] cheese - null
[2021-05-16T10:21:34.986] [DEBUG] cheese - null
[2021-05-16T10:21:37.895] [DEBUG] cheese - null
[2021-05-16T10:21:37.900] [DEBUG] cheese - null
[2021-05-16T10:21:39.803] [DEBUG] cheese - null
[2021-05-16T10:21:39.807] [DEBUG] cheese - null
[2021-05-16T10:21:41.152] [DEBUG] cheese - null
[2021-05-16T10:21:41.155] [DEBUG] cheese - null
[2021-05-16T10:21:42.345] [DEBUG] cheese - null
[2021-05-16T10:21:42.354] [DEBUG] cheese - null
[2021-05-16T10:21:45.956] [DEBUG] cheese - login => username:admin,password:123456
[2021-05-16T10:21:45.956] [DEBUG] cheese - admin
[2021-05-16T10:21:45.958] [DEBUG] cheese - null
[2021-05-16T10:21:45.958] [DEBUG] cheese - null
[2021-05-16T10:21:55.962] [DEBUG] cheese - login => username:director,password:123456
[2021-05-16T10:21:55.962] [DEBUG] cheese - director
[2021-05-16T10:21:55.964] [DEBUG] cheese - null
[2021-05-16T10:21:55.964] [DEBUG] cheese - null
[2021-05-16T10:22:02.930] [DEBUG] cheese - login => username:admin,password:123456
[2021-05-16T10:22:02.930] [DEBUG] cheese - admin
[2021-05-16T10:22:02.933] [DEBUG] cheese - null
[2021-05-16T10:22:02.933] [DEBUG] cheese - null
[2021-05-16T10:22:14.962] [DEBUG] cheese - login => username:manager,password:123456
[2021-05-16T10:22:14.962] [DEBUG] cheese - manager
[2021-05-16T10:22:14.965] [DEBUG] cheese - null
[2021-05-16T10:22:14.965] [DEBUG] cheese - null
[2021-05-16T10:22:18.655] [DEBUG] cheese - null
[2021-05-16T10:22:18.660] [DEBUG] cheese - null
[2021-05-16T10:22:20.659] [DEBUG] cheese - null
[2021-05-16T10:22:24.782] [DEBUG] cheese - login => username:admin,password:123456
[2021-05-16T10:22:24.782] [DEBUG] cheese - admin
[2021-05-16T10:22:24.783] [DEBUG] cheese - null
[2021-05-16T10:22:24.784] [DEBUG] cheese - null
[2021-05-16T11:12:30.466] [DEBUG] cheese - login => username:admin,password:123456
[2021-05-16T11:12:30.468] [DEBUG] cheese - admin
[2021-05-16T11:12:30.475] [DEBUG] cheese - null
[2021-05-16T11:12:30.476] [DEBUG] cheese - null
[2021-05-16T12:32:27.661] [DEBUG] cheese - login => username:admin,password:123456
[2021-05-16T12:32:27.663] [DEBUG] cheese - admin
[2021-05-16T12:32:27.670] [DEBUG] cheese - login => username:admin,password:123456
[2021-05-16T12:32:27.670] [DEBUG] cheese - admin
[2021-05-16T12:32:27.679] [DEBUG] cheese - null
[2021-05-16T12:32:27.679] [DEBUG] cheese - null
[2021-05-16T12:32:27.799] [DEBUG] cheese - null
[2021-05-16T12:32:27.799] [DEBUG] cheese - null
[2021-05-16T12:32:34.214] [DEBUG] cheese - login => username:admin,password:123456
[2021-05-16T12:32:34.215] [DEBUG] cheese - admin
[2021-05-16T12:32:34.216] [DEBUG] cheese - null
[2021-05-16T12:32:34.216] [DEBUG] cheese - null
[2021-05-16T12:32:45.840] [DEBUG] cheese - login => username:admin,password:123456
[2021-05-16T12:32:45.841] [DEBUG] cheese - admin
[2021-05-16T12:32:45.842] [DEBUG] cheese - null
[2021-05-16T12:32:45.842] [DEBUG] cheese - null
[2021-05-16T12:34:39.484] [DEBUG] cheese - login => username:admin,password:123456
[2021-05-16T12:34:39.487] [DEBUG] cheese - admin
[2021-05-16T12:34:39.506] [DEBUG] cheese - null
[2021-05-16T12:34:39.506] [DEBUG] cheese - null
[2021-05-16T12:36:24.622] [DEBUG] cheese - login => username:admin,password:123456
[2021-05-16T12:36:24.623] [DEBUG] cheese - admin
[2021-05-16T12:36:24.627] [DEBUG] cheese - null
[2021-05-16T12:36:24.627] [DEBUG] cheese - null
[2021-05-16T12:40:00.956] [DEBUG] cheese - login => username:admin,password:123456
[2021-05-16T12:40:00.956] [DEBUG] cheese - admin
[2021-05-16T12:40:00.960] [DEBUG] cheese - null
[2021-05-16T12:40:00.961] [DEBUG] cheese - null
[2021-05-16T12:41:41.593] [DEBUG] cheese - login => username:admin,password:123456
[2021-05-16T12:41:41.593] [DEBUG] cheese - admin
[2021-05-16T12:41:41.597] [DEBUG] cheese - null
[2021-05-16T12:41:41.597] [DEBUG] cheese - null
[2021-05-16T12:44:24.868] [DEBUG] cheese - login => username:admin,password:123456
[2021-05-16T12:44:24.868] [DEBUG] cheese - admin
[2021-05-16T12:44:24.870] [DEBUG] cheese - null
[2021-05-16T12:44:24.871] [DEBUG] cheese - null
[2021-05-16T12:53:36.655] [DEBUG] cheese - login => username:admin,password:123456
[2021-05-16T12:53:36.655] [DEBUG] cheese - admin
[2021-05-16T12:53:36.660] [DEBUG] cheese - null
[2021-05-16T12:53:36.660] [DEBUG] cheese - null
[2021-05-16T13:19:50.572] [DEBUG] cheese - login => username:admin,password:123456
[2021-05-16T13:19:50.572] [DEBUG] cheese - admin
[2021-05-16T13:19:50.577] [DEBUG] cheese - null
[2021-05-16T13:19:50.577] [DEBUG] cheese - null
[2021-05-16T13:34:03.075] [DEBUG] cheese - login => username:admin,password:123456
[2021-05-16T13:34:03.075] [DEBUG] cheese - admin
[2021-05-16T13:34:03.079] [DEBUG] cheese - null
[2021-05-16T13:34:03.080] [DEBUG] cheese - null
[2021-05-16T13:35:30.934] [DEBUG] cheese - login => username:admin,password:123456
[2021-05-16T13:35:30.934] [DEBUG] cheese - admin
[2021-05-16T13:35:30.939] [DEBUG] cheese - null
[2021-05-16T13:35:30.939] [DEBUG] cheese - null
[2021-05-16T13:40:52.541] [DEBUG] cheese - login => username:admin,password:123456
[2021-05-16T13:40:52.541] [DEBUG] cheese - admin
[2021-05-16T13:40:52.543] [DEBUG] cheese - null
[2021-05-16T13:40:52.543] [DEBUG] cheese - null
[2021-05-16T14:35:52.150] [DEBUG] cheese - login => username:admin,password:123456
[2021-05-16T14:35:52.150] [DEBUG] cheese - admin
[2021-05-16T14:35:52.192] [DEBUG] cheese - null
[2021-05-16T14:35:52.192] [DEBUG] cheese - null
[2021-05-16T14:36:46.570] [DEBUG] cheese - login => username:admin@admin.com,password:123456
[2021-05-16T14:36:46.571] [DEBUG] cheese - admin@admin.com
[2021-05-16T14:36:46.690] [DEBUG] cheese - null
[2021-05-16T14:36:46.690] [DEBUG] cheese - null
[2021-05-16T17:23:19.747] [DEBUG] cheese - login => username:admin,password:123456
[2021-05-16T17:23:19.748] [DEBUG] cheese - admin
[2021-05-16T17:23:19.759] [DEBUG] cheese - null
[2021-05-16T17:23:19.759] [DEBUG] cheese - null
[2021-05-16T21:28:08.636] [DEBUG] cheese - login => username:admin,password:123456
[2021-05-16T21:28:08.650] [DEBUG] cheese - admin
[2021-05-16T21:28:08.673] [DEBUG] cheese - { inspect: [Function: inspect] }
[2021-05-16T21:28:08.676] [DEBUG] cheese - 查询失败
[2021-05-16T21:28:13.204] [DEBUG] cheese - login => username:admin,password:123456
[2021-05-16T21:28:13.205] [DEBUG] cheese - admin
[2021-05-16T21:28:13.208] [DEBUG] cheese - { inspect: [Function: inspect] }
[2021-05-16T21:28:13.209] [DEBUG] cheese - 查询失败
[2021-05-16T21:28:24.476] [DEBUG] cheese - login => username:admin,password:123456
[2021-05-16T21:28:24.476] [DEBUG] cheese - admin
[2021-05-16T21:28:24.479] [DEBUG] cheese - { inspect: [Function: inspect] }
[2021-05-16T21:28:24.480] [DEBUG] cheese - 查询失败
[2021-05-16T21:28:29.582] [DEBUG] cheese - login => username:admin,password:123456
[2021-05-16T21:28:29.582] [DEBUG] cheese - admin
[2021-05-16T21:28:29.586] [DEBUG] cheese - { inspect: [Function: inspect] }
[2021-05-16T21:28:29.586] [DEBUG] cheese - 查询失败
[2021-05-16T21:29:07.641] [DEBUG] cheese - login => username:admin,password:123456
[2021-05-16T21:29:07.644] [DEBUG] cheese - admin
[2021-05-16T21:29:07.663] [DEBUG] cheese - { inspect: [Function: inspect] }
[2021-05-16T21:29:07.666] [DEBUG] cheese - 查询失败
[2021-05-16T21:29:23.310] [DEBUG] cheese - login => username:admin,password:123456
[2021-05-16T21:29:23.311] [DEBUG] cheese - admin
[2021-05-16T21:29:23.317] [DEBUG] cheese - { inspect: [Function: inspect] }
[2021-05-16T21:29:23.317] [DEBUG] cheese - 查询失败
[2021-05-16T21:30:03.413] [DEBUG] cheese - login => username:admin,password:123456
[2021-05-16T21:30:03.413] [DEBUG] cheese - admin
[2021-05-16T21:30:03.417] [DEBUG] cheese - { inspect: [Function: inspect] }
[2021-05-16T21:30:03.418] [DEBUG] cheese - 查询失败
[2021-05-16T21:32:11.454] [DEBUG] cheese - login => username:admin,password:123456
[2021-05-16T21:32:11.455] [DEBUG] cheese - admin
[2021-05-16T21:32:28.062] [DEBUG] cheese - { inspect: [Function: inspect] }
[2021-05-16T21:32:28.062] [DEBUG] cheese - 查询失败
[2021-05-16T21:32:44.179] [DEBUG] cheese - login => username:admin,password:123456
[2021-05-16T21:32:44.180] [DEBUG] cheese - admin
[2021-05-16T21:32:54.717] [DEBUG] cheese - { inspect: [Function: inspect] }
[2021-05-16T21:32:54.718] [DEBUG] cheese - 查询失败
[2021-05-16T21:33:15.799] [DEBUG] cheese - login => username:admin,password:123456
[2021-05-16T21:33:15.802] [DEBUG] cheese - admin
[2021-05-16T21:33:15.821] [DEBUG] cheese - { inspect: [Function: inspect] }
[2021-05-16T21:33:15.824] [DEBUG] cheese - 查询失败
[2021-05-16T21:33:22.261] [DEBUG] cheese - login => username:admin,password:123456
[2021-05-16T21:33:22.261] [DEBUG] cheese - admin
[2021-05-16T21:33:22.267] [DEBUG] cheese - { inspect: [Function: inspect] }
[2021-05-16T21:33:22.268] [DEBUG] cheese - 查询失败
[2021-05-16T21:34:04.076] [DEBUG] cheese - login => username:admin,password:123456
[2021-05-16T21:34:04.076] [DEBUG] cheese - admin
[2021-05-16T21:34:04.079] [DEBUG] cheese - { inspect: [Function: inspect] }
[2021-05-16T21:34:04.080] [DEBUG] cheese - 查询失败
[2021-05-16T21:34:26.381] [DEBUG] cheese - login => username:admin,password:123456
[2021-05-16T21:34:26.382] [DEBUG] cheese - admin
[2021-05-16T21:34:26.385] [DEBUG] cheese - { inspect: [Function: inspect] }
[2021-05-16T21:34:26.385] [DEBUG] cheese - 查询失败
[2021-05-16T21:34:35.660] [DEBUG] cheese - login => username:boos,password:123456
[2021-05-16T21:34:35.660] [DEBUG] cheese - boos
[2021-05-16T21:34:35.665] [DEBUG] cheese - { inspect: [Function: inspect] }
[2021-05-16T21:34:35.666] [DEBUG] cheese - 查询失败
[2021-05-16T21:35:09.981] [DEBUG] cheese - login => username:manager,password:123456
[2021-05-16T21:35:09.981] [DEBUG] cheese - manager
[2021-05-16T21:35:09.986] [DEBUG] cheese - { inspect: [Function: inspect] }
[2021-05-16T21:35:09.986] [DEBUG] cheese - 查询失败
[2021-05-16T21:35:23.612] [DEBUG] cheese - login => username:manager,password:123456
[2021-05-16T21:35:23.613] [DEBUG] cheese - manager
[2021-05-16T21:35:23.615] [DEBUG] cheese - { inspect: [Function: inspect] }
[2021-05-16T21:35:23.615] [DEBUG] cheese - 查询失败
[2021-05-16T21:35:51.064] [DEBUG] cheese - login => username:admin,password:123456
[2021-05-16T21:35:51.064] [DEBUG] cheese - admin
[2021-05-16T21:35:51.067] [DEBUG] cheese - { inspect: [Function: inspect] }
[2021-05-16T21:35:51.067] [DEBUG] cheese - 查询失败
[2021-05-16T21:36:07.668] [DEBUG] cheese - login => username:admin,password:123456
[2021-05-16T21:36:07.668] [DEBUG] cheese - admin
[2021-05-16T21:36:07.670] [DEBUG] cheese - { inspect: [Function: inspect] }
[2021-05-16T21:36:07.670] [DEBUG] cheese - 查询失败
[2021-05-16T21:37:14.325] [DEBUG] cheese - login => username:admin,password:123456
[2021-05-16T21:37:14.326] [DEBUG] cheese - admin
[2021-05-16T21:37:14.334] [DEBUG] cheese - { inspect: [Function: inspect] }
[2021-05-16T21:37:14.335] [DEBUG] cheese - 查询失败
[2021-05-16T21:37:18.270] [DEBUG] cheese - login => username:admin,password:123456
[2021-05-16T21:37:18.271] [DEBUG] cheese - admin
[2021-05-16T21:37:18.273] [DEBUG] cheese - { inspect: [Function: inspect] }
[2021-05-16T21:37:18.273] [DEBUG] cheese - 查询失败
[2021-05-16T21:37:29.307] [DEBUG] cheese - login => username:admin,password:123456
[2021-05-16T21:37:29.307] [DEBUG] cheese - admin
[2021-05-16T21:37:29.309] [DEBUG] cheese - { inspect: [Function: inspect] }
[2021-05-16T21:37:29.309] [DEBUG] cheese - 查询失败
[2021-05-16T21:37:30.504] [DEBUG] cheese - login => username:admin,password:123456
[2021-05-16T21:37:30.504] [DEBUG] cheese - admin
[2021-05-16T21:37:30.507] [DEBUG] cheese - { inspect: [Function: inspect] }
[2021-05-16T21:37:30.507] [DEBUG] cheese - 查询失败
[2021-05-16T21:37:31.448] [DEBUG] cheese - login => username:admin,password:123456
[2021-05-16T21:37:31.448] [DEBUG] cheese - admin
[2021-05-16T21:37:31.449] [DEBUG] cheese - { inspect: [Function: inspect] }
[2021-05-16T21:37:31.450] [DEBUG] cheese - 查询失败
[2021-05-16T21:37:32.274] [DEBUG] cheese - login => username:admin,password:123456
[2021-05-16T21:37:32.275] [DEBUG] cheese - admin
[2021-05-16T21:37:32.277] [DEBUG] cheese - { inspect: [Function: inspect] }
[2021-05-16T21:37:32.277] [DEBUG] cheese - 查询失败
[2021-05-16T21:37:52.484] [DEBUG] cheese - login => username:admin,password:123456
[2021-05-16T21:37:52.484] [DEBUG] cheese - admin
[2021-05-16T21:37:52.485] [DEBUG] cheese - { inspect: [Function: inspect] }
[2021-05-16T21:37:52.485] [DEBUG] cheese - 查询失败
[2021-05-16T21:37:53.831] [DEBUG] cheese - login => username:admin,password:123456
[2021-05-16T21:37:53.831] [DEBUG] cheese - admin
[2021-05-16T21:37:53.834] [DEBUG] cheese - { inspect: [Function: inspect] }
[2021-05-16T21:37:53.834] [DEBUG] cheese - 查询失败
[2021-05-16T21:37:55.049] [DEBUG] cheese - login => username:admin,password:123456
[2021-05-16T21:37:55.049] [DEBUG] cheese - admin
[2021-05-16T21:37:55.051] [DEBUG] cheese - { inspect: [Function: inspect] }
[2021-05-16T21:37:55.051] [DEBUG] cheese - 查询失败
[2021-05-16T21:38:59.095] [DEBUG] cheese - login => username:admin,password:123456
[2021-05-16T21:38:59.095] [DEBUG] cheese - admin
[2021-05-16T21:38:59.100] [DEBUG] cheese - { inspect: [Function: inspect] }
[2021-05-16T21:38:59.101] [DEBUG] cheese - 查询失败
[2021-05-16T21:39:06.042] [DEBUG] cheese - login => username:admin,password:123456
[2021-05-16T21:39:06.042] [DEBUG] cheese - admin
[2021-05-16T21:39:06.046] [DEBUG] cheese - { inspect: [Function: inspect] }
[2021-05-16T21:39:06.047] [DEBUG] cheese - 查询失败
[2021-05-16T21:40:33.481] [DEBUG] cheese - login => username:admin,password:123456
[2021-05-16T21:40:33.482] [DEBUG] cheese - admin
[2021-05-16T21:40:33.492] [DEBUG] cheese - null
[2021-05-16T21:40:33.492] [DEBUG] cheese - null
[2021-05-16T21:47:58.968] [DEBUG] cheese - login => username:admin,password:123456
[2021-05-16T21:47:58.968] [DEBUG] cheese - admin
[2021-05-16T21:47:58.970] [DEBUG] cheese - null
[2021-05-16T21:47:58.970] [DEBUG] cheese - null
[2021-05-16T21:53:48.250] [DEBUG] cheese - login => username:admin,password:123456
[2021-05-16T21:53:48.250] [DEBUG] cheese - admin
[2021-05-16T21:53:48.254] [DEBUG] cheese - null
[2021-05-16T21:53:48.255] [DEBUG] cheese - null
[2021-05-16T21:55:49.177] [DEBUG] cheese - login => username:admin,password:123456
[2021-05-16T21:55:49.177] [DEBUG] cheese - admin
[2021-05-16T21:55:49.180] [DEBUG] cheese - null
[2021-05-16T21:55:49.180] [DEBUG] cheese - null
[2021-05-16T22:02:27.257] [DEBUG] cheese - login => username:admin,password:123456
[2021-05-16T22:02:27.257] [DEBUG] cheese - admin
[2021-05-16T22:02:27.260] [DEBUG] cheese - null
[2021-05-16T22:02:27.260] [DEBUG] cheese - null
[2021-05-16T22:20:45.132] [DEBUG] cheese - login => username:admin,password:123456
[2021-05-16T22:20:45.133] [DEBUG] cheese - admin
[2021-05-16T22:20:45.144] [DEBUG] cheese - null
[2021-05-16T22:20:45.145] [DEBUG] cheese - null
[2021-05-16T22:31:22.341] [DEBUG] cheese - login => username:admin,password:123456
[2021-05-16T22:31:22.344] [DEBUG] cheese - admin
[2021-05-16T22:31:22.363] [DEBUG] cheese - null
[2021-05-16T22:31:22.364] [DEBUG] cheese - null
[2021-05-17T08:47:06.326] [DEBUG] cheese - login => username:admin,password:123456
[2021-05-17T08:47:06.348] [DEBUG] cheese - admin
[2021-05-17T08:47:06.394] [DEBUG] cheese - null
[2021-05-17T08:47:06.395] [DEBUG] cheese - null
[2021-05-17T08:59:58.715] [DEBUG] cheese - login => username:admin,password:123456
[2021-05-17T08:59:58.717] [DEBUG] cheese - admin
[2021-05-17T08:59:58.741] [DEBUG] cheese - null
[2021-05-17T08:59:58.742] [DEBUG] cheese - null
[2021-05-17T09:53:58.534] [DEBUG] cheese - login => username:admin,password:123456
[2021-05-17T09:53:58.544] [DEBUG] cheese - admin
[2021-05-17T09:53:58.553] [DEBUG] cheese - null
[2021-05-17T09:53:58.553] [DEBUG] cheese - null
[2021-05-17T10:08:28.106] [DEBUG] cheese - login => username:admin,password:123456
[2021-05-17T10:08:28.107] [DEBUG] cheese - admin
[2021-05-17T10:08:28.110] [DEBUG] cheese - null
[2021-05-17T10:08:28.110] [DEBUG] cheese - null
[2021-05-17T10:16:16.501] [DEBUG] cheese - login => username:admin,password:123456
[2021-05-17T10:16:16.501] [DEBUG] cheese - admin
[2021-05-17T10:16:16.502] [DEBUG] cheese - null
[2021-05-17T10:16:16.503] [DEBUG] cheese - null
[2021-05-17T10:23:32.527] [DEBUG] cheese - login => username:admin,password:123456
[2021-05-17T10:23:32.528] [DEBUG] cheese - admin
[2021-05-17T10:23:32.529] [DEBUG] cheese - null
[2021-05-17T10:23:32.529] [DEBUG] cheese - null
[2021-05-17T10:56:16.971] [DEBUG] cheese - login => username:admin,password:123456
[2021-05-17T10:56:16.971] [DEBUG] cheese - admin
[2021-05-17T10:56:16.974] [DEBUG] cheese - null
[2021-05-17T10:56:16.974] [DEBUG] cheese - null
[2021-05-17T14:36:18.522] [DEBUG] cheese - login => username:admin,password:123456
[2021-05-17T14:36:18.523] [DEBUG] cheese - admin
[2021-05-17T14:36:18.530] [DEBUG] cheese - null
[2021-05-17T14:36:18.530] [DEBUG] cheese - null
[2021-05-19T09:39:49.194] [DEBUG] cheese - login => username:admin,password:123456
[2021-05-19T09:39:49.218] [DEBUG] cheese - admin
[2021-05-19T09:39:49.281] [DEBUG] cheese - null
[2021-05-19T09:39:49.282] [DEBUG] cheese - null
[2021-05-19T09:45:38.781] [DEBUG] cheese - login => username:admin,password:123456
[2021-05-19T09:45:38.782] [DEBUG] cheese - admin
[2021-05-19T09:45:38.786] [DEBUG] cheese - null
[2021-05-19T09:45:38.786] [DEBUG] cheese - null
[2021-05-19T10:46:04.595] [DEBUG] cheese - login => username:admin,password:123456
[2021-05-19T10:46:04.596] [DEBUG] cheese - admin
[2021-05-19T10:46:04.605] [DEBUG] cheese - null
[2021-05-19T10:46:04.605] [DEBUG] cheese - null
[2021-05-19T20:54:13.205] [DEBUG] cheese - login => username:admin,password:123456
[2021-05-19T20:54:13.313] [DEBUG] cheese - admin
[2021-05-19T20:54:13.316] [DEBUG] cheese - null
[2021-05-19T20:54:13.372] [DEBUG] cheese - null
[2021-05-19T20:58:44.888] [DEBUG] cheese - login => username:admin,password:123456
[2021-05-19T20:58:44.888] [DEBUG] cheese - admin
[2021-05-19T20:58:44.892] [DEBUG] cheese - null
[2021-05-19T20:58:44.892] [DEBUG] cheese - null
[2021-05-19T21:22:19.926] [DEBUG] cheese - login => username:admin ,password:123456
[2021-05-19T21:22:19.926] [DEBUG] cheese - admin 
[2021-05-19T21:22:19.933] [DEBUG] cheese - null
[2021-05-19T21:22:19.933] [DEBUG] cheese - null
[2021-05-19T21:22:45.273] [DEBUG] cheese - login => username:admin,password:123456
[2021-05-19T21:22:45.273] [DEBUG] cheese - admin
[2021-05-19T21:22:45.277] [DEBUG] cheese - null
[2021-05-19T21:22:45.277] [DEBUG] cheese - null
[2021-05-19T21:42:34.050] [DEBUG] cheese - login => username:admin,password:123456
[2021-05-19T21:42:34.052] [DEBUG] cheese - admin
[2021-05-19T21:42:34.058] [DEBUG] cheese - null
[2021-05-19T21:42:34.059] [DEBUG] cheese - null
[2021-05-19T22:27:58.544] [DEBUG] cheese - null
[2021-05-19T22:35:54.401] [DEBUG] cheese - null
[2021-05-19T22:37:36.973] [DEBUG] cheese - null
[2021-05-20T09:18:11.526] [DEBUG] cheese - login => username:admin,password:123456
[2021-05-20T09:18:11.536] [DEBUG] cheese - admin
[2021-05-20T09:18:11.540] [DEBUG] cheese - null
[2021-05-20T09:18:11.540] [DEBUG] cheese - null
[2021-05-20T09:38:13.639] [DEBUG] cheese - login => username:admin,password:123456
[2021-05-20T09:38:13.640] [DEBUG] cheese - admin
[2021-05-20T09:38:13.642] [DEBUG] cheese - null
[2021-05-20T09:38:13.643] [DEBUG] cheese - null
[2021-05-20T10:08:25.832] [DEBUG] cheese - login => username:admin,password:123456
[2021-05-20T10:08:25.833] [DEBUG] cheese - admin
[2021-05-20T10:08:25.836] [DEBUG] cheese - null
[2021-05-20T10:08:25.836] [DEBUG] cheese - null
[2021-05-20T10:18:34.975] [DEBUG] cheese - null
[2021-05-20T10:20:42.156] [DEBUG] cheese - null
[2021-05-20T10:20:46.604] [DEBUG] cheese - null
[2021-05-20T10:20:57.564] [DEBUG] cheese - null
[2021-05-20T10:21:25.848] [DEBUG] cheese - null
[2021-05-20T10:21:55.175] [DEBUG] cheese - null
[2021-05-20T20:20:11.475] [DEBUG] cheese - login => username:admin,password:123446
[2021-05-20T20:20:11.513] [DEBUG] cheese - admin
[2021-05-20T20:20:11.781] [DEBUG] cheese - null
[2021-05-20T20:20:11.795] [DEBUG] cheese - null
[2021-05-20T20:20:15.928] [DEBUG] cheese - login => username:admin,password:123456
[2021-05-20T20:20:15.929] [DEBUG] cheese - admin
[2021-05-20T20:20:15.931] [DEBUG] cheese - null
[2021-05-20T20:20:15.931] [DEBUG] cheese - null
[2021-05-21T19:49:26.953] [DEBUG] cheese - login => username:admin,password:123456
[2021-05-21T19:49:26.986] [DEBUG] cheese - admin
[2021-05-21T19:49:27.064] [DEBUG] cheese - null
[2021-05-21T19:49:27.065] [DEBUG] cheese - null
[2021-05-21T22:13:58.091] [DEBUG] cheese - login => username:admin,password:123456
[2021-05-21T22:13:58.093] [DEBUG] cheese - admin
[2021-05-21T22:13:58.124] [DEBUG] cheese - null
[2021-05-21T22:13:58.124] [DEBUG] cheese - null
[2021-05-21T22:15:39.458] [DEBUG] cheese - login => username:admin,password:123456
[2021-05-21T22:15:39.458] [DEBUG] cheese - admin
[2021-05-21T22:15:39.461] [DEBUG] cheese - null
[2021-05-21T22:15:39.461] [DEBUG] cheese - null
[2021-05-22T07:35:46.014] [DEBUG] cheese - login => username:admin,password:123456
[2021-05-22T07:35:46.015] [DEBUG] cheese - admin
[2021-05-22T07:35:46.038] [DEBUG] cheese - null
[2021-05-22T07:35:46.038] [DEBUG] cheese - null
[2021-05-22T08:50:05.147] [DEBUG] cheese - login => username:admin,password:123456
[2021-05-22T08:50:05.148] [DEBUG] cheese - admin
[2021-05-22T08:50:05.172] [DEBUG] cheese - null
[2021-05-22T08:50:05.173] [DEBUG] cheese - null
[2021-05-22T08:50:16.447] [DEBUG] cheese - login => username:admin,password:123456
[2021-05-22T08:50:16.447] [DEBUG] cheese - admin
[2021-05-22T08:50:16.451] [DEBUG] cheese - null
[2021-05-22T08:50:16.452] [DEBUG] cheese - null
[2021-05-22T08:52:36.763] [DEBUG] cheese - login => username:admin,password:123456
[2021-05-22T08:52:36.763] [DEBUG] cheese - admin
[2021-05-22T08:52:36.765] [DEBUG] cheese - null
[2021-05-22T08:52:36.765] [DEBUG] cheese - null
[2021-05-22T09:14:49.008] [DEBUG] cheese - login => username:admin,password:123456
[2021-05-22T09:14:49.008] [DEBUG] cheese - admin
[2021-05-22T09:14:49.010] [DEBUG] cheese - null
[2021-05-22T09:14:49.010] [DEBUG] cheese - null
[2021-05-22T10:38:07.314] [DEBUG] cheese - login => username:admin,password:123456
[2021-05-22T10:38:07.314] [DEBUG] cheese - admin
[2021-05-22T10:38:07.317] [DEBUG] cheese - null
[2021-05-22T10:38:07.317] [DEBUG] cheese - null
[2021-05-28T13:29:18.054] [DEBUG] cheese - login => username:admin,password:123456
[2021-05-28T13:29:18.058] [DEBUG] cheese - admin
[2021-05-28T13:29:18.378] [DEBUG] cheese - null
[2021-05-28T13:29:18.380] [DEBUG] cheese - null
[2021-05-28T13:50:31.903] [DEBUG] cheese - login => username:admin,password:123456
[2021-05-28T13:50:31.903] [DEBUG] cheese - admin
[2021-05-28T13:50:31.909] [DEBUG] cheese - null
[2021-05-28T13:50:31.909] [DEBUG] cheese - null
[2021-05-28T13:58:59.275] [DEBUG] cheese - login => username:admin,password:123456
[2021-05-28T13:58:59.276] [DEBUG] cheese - admin
[2021-05-28T13:58:59.277] [DEBUG] cheese - null
[2021-05-28T13:58:59.277] [DEBUG] cheese - null
[2021-05-28T16:28:37.681] [DEBUG] cheese - login => username:admin,password:123456
[2021-05-28T16:28:37.684] [DEBUG] cheese - admin
[2021-05-28T16:28:37.690] [DEBUG] cheese - null
[2021-05-28T16:28:37.691] [DEBUG] cheese - null
[2021-05-29T09:56:54.951] [DEBUG] cheese - login => username:admin,password:123456
[2021-05-29T09:56:54.952] [DEBUG] cheese - admin
[2021-05-29T09:56:55.015] [DEBUG] cheese - null
[2021-05-29T09:56:55.015] [DEBUG] cheese - null
[2021-05-30T08:15:46.466] [DEBUG] cheese - login => username:admin,password:123456
[2021-05-30T08:15:46.485] [DEBUG] cheese - admin
[2021-05-30T08:15:46.894] [DEBUG] cheese - null
[2021-05-30T08:15:46.895] [DEBUG] cheese - null
[2021-05-30T08:19:28.339] [DEBUG] cheese - login => username:admin,password:123456
[2021-05-30T08:19:28.341] [DEBUG] cheese - admin
[2021-05-30T08:19:28.346] [DEBUG] cheese - null
[2021-05-30T08:19:28.346] [DEBUG] cheese - null
[2021-05-30T08:21:34.413] [DEBUG] cheese - null
[2021-05-30T08:21:38.384] [DEBUG] cheese - null
[2021-05-30T08:22:32.621] [DEBUG] cheese - null
[2021-05-30T08:23:49.518] [DEBUG] cheese - null
[2021-05-30T08:23:52.193] [DEBUG] cheese - null
[2021-05-30T08:24:34.526] [DEBUG] cheese - null
[2021-05-30T08:24:59.290] [DEBUG] cheese - null
[2021-05-30T08:34:37.480] [DEBUG] cheese - login => username:admin,password:123456
[2021-05-30T08:34:37.484] [DEBUG] cheese - admin
[2021-05-30T08:34:37.593] [DEBUG] cheese - null
[2021-05-30T08:34:37.595] [DEBUG] cheese - null
[2021-05-30T08:36:34.187] [DEBUG] cheese - login => username:admin,password:123456
[2021-05-30T08:36:34.187] [DEBUG] cheese - admin
[2021-05-30T08:36:34.192] [DEBUG] cheese - null
[2021-05-30T08:36:34.193] [DEBUG] cheese - null
[2021-05-30T08:38:43.121] [DEBUG] cheese - null
[2021-05-30T08:38:44.977] [DEBUG] cheese - null
[2021-05-30T08:39:41.502] [DEBUG] cheese - null
[2021-05-30T08:40:55.717] [DEBUG] cheese - null
[2023-03-14T16:52:25.056] [DEBUG] cheese - login => username:admin,password:123456
[2023-03-14T16:52:25.058] [DEBUG] cheese - admin
[2023-03-14T16:52:25.071] [DEBUG] cheese - null
[2023-03-14T16:52:25.072] [DEBUG] cheese - null
[2023-03-14T16:52:51.824] [DEBUG] cheese - login => username:ww,password:123456
[2023-03-14T16:52:51.824] [DEBUG] cheese - ww
[2023-03-14T16:52:51.828] [DEBUG] cheese - null
[2023-03-14T16:52:51.828] [DEBUG] cheese - null
[2023-03-14T16:52:54.786] [DEBUG] cheese - login => username:ww,password:123123
[2023-03-14T16:52:54.787] [DEBUG] cheese - ww
[2023-03-14T16:52:54.790] [DEBUG] cheese - null
[2023-03-14T16:52:54.790] [DEBUG] cheese - null
[2023-05-18T12:52:01.451] [DEBUG] cheese - login => username:admin,password:123456
[2023-05-18T12:52:01.453] [DEBUG] cheese - admin
[2023-05-18T12:52:01.538] [DEBUG] cheese - null
[2023-05-18T12:52:01.538] [DEBUG] cheese - null
[2023-09-19T16:27:15.198] [DEBUG] cheese - login => username:admin,password:123456
[2023-09-19T16:27:15.200] [DEBUG] cheese - admin
[2023-09-19T16:27:15.284] [DEBUG] cheese - null
[2023-09-19T16:27:15.284] [DEBUG] cheese - null
[2023-10-08T16:54:58.014] [DEBUG] cheese - login => username:admin,password:123456
[2023-10-08T16:54:58.021] [DEBUG] cheese - admin
[2023-10-08T16:54:58.105] [DEBUG] cheese - null
[2023-10-08T16:54:58.106] [DEBUG] cheese - null
[2023-10-08T17:41:37.548] [DEBUG] cheese - login => username:admin,password:123456
[2023-10-08T17:41:37.548] [DEBUG] cheese - admin
[2023-10-08T17:41:37.587] [DEBUG] cheese - null
[2023-10-08T17:41:37.587] [DEBUG] cheese - null
[2023-10-08T17:41:51.322] [DEBUG] cheese - login => username:admin,password:123456
[2023-10-08T17:41:51.323] [DEBUG] cheese - admin
[2023-10-08T17:41:51.327] [DEBUG] cheese - null
[2023-10-08T17:41:51.327] [DEBUG] cheese - null
[2023-10-08T17:42:17.021] [DEBUG] cheese - login => username:admin,password:123456
[2023-10-08T17:42:17.022] [DEBUG] cheese - admin
[2023-10-08T17:42:17.026] [DEBUG] cheese - null
[2023-10-08T17:42:17.026] [DEBUG] cheese - null
[2023-10-08T17:42:53.512] [DEBUG] cheese - login => username:admin,password:123456
[2023-10-08T17:42:53.514] [DEBUG] cheese - admin
[2023-10-08T17:42:53.522] [DEBUG] cheese - null
[2023-10-08T17:42:53.522] [DEBUG] cheese - null
[2023-10-08T17:43:10.978] [DEBUG] cheese - login => username:admin,password:123456
[2023-10-08T17:43:10.979] [DEBUG] cheese - admin
[2023-10-08T17:43:10.986] [DEBUG] cheese - null
[2023-10-08T17:43:10.987] [DEBUG] cheese - null
[2023-10-08T17:46:28.925] [DEBUG] cheese - login => username:1,password:1
[2023-10-08T17:46:28.925] [DEBUG] cheese - 1
[2023-10-08T17:46:28.930] [DEBUG] cheese - null
[2023-10-08T17:46:28.930] [DEBUG] cheese - null
[2023-10-08T17:46:36.605] [DEBUG] cheese - login => username:admin,password:123456
[2023-10-08T17:46:36.605] [DEBUG] cheese - admin
[2023-10-08T17:46:36.608] [DEBUG] cheese - null
[2023-10-08T17:46:36.608] [DEBUG] cheese - null
[2023-10-08T17:47:25.158] [DEBUG] cheese - login => username:admin,password:123456
[2023-10-08T17:47:25.159] [DEBUG] cheese - admin
[2023-10-08T17:47:25.170] [DEBUG] cheese - null
[2023-10-08T17:47:25.170] [DEBUG] cheese - null
[2023-10-08T17:58:34.077] [DEBUG] cheese - login => username:admin,password:123456
[2023-10-08T17:58:34.078] [DEBUG] cheese - admin
[2023-10-08T17:58:34.134] [DEBUG] cheese - null
[2023-10-08T17:58:34.138] [DEBUG] cheese - null
[2023-10-08T18:00:37.276] [DEBUG] cheese - login => username:admin,password:123456
[2023-10-08T18:00:37.276] [DEBUG] cheese - admin
[2023-10-08T18:00:37.289] [DEBUG] cheese - null
[2023-10-08T18:00:37.289] [DEBUG] cheese - null
[2023-10-08T18:02:27.024] [DEBUG] cheese - login => username:admin,password:11
[2023-10-08T18:02:27.024] [DEBUG] cheese - admin
[2023-10-08T18:02:27.029] [DEBUG] cheese - null
[2023-10-08T18:02:27.029] [DEBUG] cheese - null
[2023-10-08T18:02:28.136] [DEBUG] cheese - login => username:admin,password:11
[2023-10-08T18:02:28.136] [DEBUG] cheese - admin
[2023-10-08T18:02:28.144] [DEBUG] cheese - null
[2023-10-08T18:02:28.144] [DEBUG] cheese - null
[2023-10-08T18:02:28.386] [DEBUG] cheese - login => username:admin,password:11
[2023-10-08T18:02:28.386] [DEBUG] cheese - admin
[2023-10-08T18:02:28.389] [DEBUG] cheese - null
[2023-10-08T18:02:28.389] [DEBUG] cheese - null
[2023-10-08T18:02:28.535] [DEBUG] cheese - login => username:admin,password:11
[2023-10-08T18:02:28.535] [DEBUG] cheese - admin
[2023-10-08T18:02:28.539] [DEBUG] cheese - null
[2023-10-08T18:02:28.539] [DEBUG] cheese - null
[2023-10-08T18:02:28.718] [DEBUG] cheese - login => username:admin,password:11
[2023-10-08T18:02:28.718] [DEBUG] cheese - admin
[2023-10-08T18:02:28.721] [DEBUG] cheese - null
[2023-10-08T18:02:28.721] [DEBUG] cheese - null
[2023-10-08T18:02:42.331] [DEBUG] cheese - login => username:admin,password:11
[2023-10-08T18:02:42.331] [DEBUG] cheese - admin
[2023-10-08T18:02:42.337] [DEBUG] cheese - null
[2023-10-08T18:02:42.337] [DEBUG] cheese - null
[2023-10-08T18:02:43.129] [DEBUG] cheese - login => username:admin,password:11
[2023-10-08T18:02:43.130] [DEBUG] cheese - admin
[2023-10-08T18:02:43.132] [DEBUG] cheese - null
[2023-10-08T18:02:43.132] [DEBUG] cheese - null
[2023-10-08T18:02:43.278] [DEBUG] cheese - login => username:admin,password:11
[2023-10-08T18:02:43.278] [DEBUG] cheese - admin
[2023-10-08T18:02:43.280] [DEBUG] cheese - null
[2023-10-08T18:02:43.280] [DEBUG] cheese - null
[2023-10-08T18:02:43.411] [DEBUG] cheese - login => username:admin,password:11
[2023-10-08T18:02:43.411] [DEBUG] cheese - admin
[2023-10-08T18:02:43.412] [DEBUG] cheese - null
[2023-10-08T18:02:43.412] [DEBUG] cheese - null
[2023-10-08T18:02:43.628] [DEBUG] cheese - login => username:admin,password:11
[2023-10-08T18:02:43.628] [DEBUG] cheese - admin
[2023-10-08T18:02:43.630] [DEBUG] cheese - null
[2023-10-08T18:02:43.630] [DEBUG] cheese - null
[2023-10-08T18:02:43.928] [DEBUG] cheese - login => username:admin,password:11
[2023-10-08T18:02:43.928] [DEBUG] cheese - admin
[2023-10-08T18:02:43.930] [DEBUG] cheese - null
[2023-10-08T18:02:43.930] [DEBUG] cheese - null
[2023-10-08T18:02:44.379] [DEBUG] cheese - login => username:admin,password:11
[2023-10-08T18:02:44.379] [DEBUG] cheese - admin
[2023-10-08T18:02:44.381] [DEBUG] cheese - null
[2023-10-08T18:02:44.382] [DEBUG] cheese - null
[2023-10-08T18:02:49.151] [DEBUG] cheese - login => username:admin,password:11
[2023-10-08T18:02:49.151] [DEBUG] cheese - admin
[2023-10-08T18:02:49.153] [DEBUG] cheese - null
[2023-10-08T18:02:49.154] [DEBUG] cheese - null
[2023-10-08T18:02:54.473] [DEBUG] cheese - login => username:admin,password:11
[2023-10-08T18:02:54.473] [DEBUG] cheese - admin
[2023-10-08T18:02:54.478] [DEBUG] cheese - null
[2023-10-08T18:02:54.478] [DEBUG] cheese - null
[2023-10-08T18:02:55.532] [DEBUG] cheese - login => username:admin,password:11
[2023-10-08T18:02:55.533] [DEBUG] cheese - admin
[2023-10-08T18:02:55.537] [DEBUG] cheese - null
[2023-10-08T18:02:55.537] [DEBUG] cheese - null
[2023-10-08T18:02:56.582] [DEBUG] cheese - login => username:admin,password:11
[2023-10-08T18:02:56.582] [DEBUG] cheese - admin
[2023-10-08T18:02:56.584] [DEBUG] cheese - null
[2023-10-08T18:02:56.584] [DEBUG] cheese - null
[2023-10-08T18:02:57.166] [DEBUG] cheese - login => username:admin,password:11
[2023-10-08T18:02:57.166] [DEBUG] cheese - admin
[2023-10-08T18:02:57.168] [DEBUG] cheese - null
[2023-10-08T18:02:57.170] [DEBUG] cheese - null
[2023-10-08T18:04:03.043] [DEBUG] cheese - login => username:admin,password:111
[2023-10-08T18:04:03.043] [DEBUG] cheese - admin
[2023-10-08T18:04:03.049] [DEBUG] cheese - null
[2023-10-08T18:04:03.049] [DEBUG] cheese - null
[2023-10-08T18:04:42.894] [DEBUG] cheese - login => username:admin,password:111
[2023-10-08T18:04:42.894] [DEBUG] cheese - admin
[2023-10-08T18:04:42.899] [DEBUG] cheese - null
[2023-10-08T18:04:42.899] [DEBUG] cheese - null
[2023-10-08T18:04:59.306] [DEBUG] cheese - login => username:admin,password:111
[2023-10-08T18:04:59.306] [DEBUG] cheese - admin
[2023-10-08T18:04:59.308] [DEBUG] cheese - null
[2023-10-08T18:04:59.308] [DEBUG] cheese - null
[2023-10-08T18:05:02.857] [DEBUG] cheese - login => username:111,password:11
[2023-10-08T18:05:02.857] [DEBUG] cheese - 111
[2023-10-08T18:05:02.861] [DEBUG] cheese - null
[2023-10-08T18:05:02.861] [DEBUG] cheese - null
[2023-10-08T18:05:51.344] [DEBUG] cheese - login => username:11,password:11
[2023-10-08T18:05:51.344] [DEBUG] cheese - 11
[2023-10-08T18:05:51.348] [DEBUG] cheese - null
[2023-10-08T18:05:51.348] [DEBUG] cheese - null
[2023-10-08T18:06:20.095] [DEBUG] cheese - login => username:admin,password:123456
[2023-10-08T18:06:20.095] [DEBUG] cheese - admin
[2023-10-08T18:06:20.099] [DEBUG] cheese - null
[2023-10-08T18:06:20.099] [DEBUG] cheese - null
[2023-10-08T18:06:47.343] [DEBUG] cheese - login => username:11,password:11
[2023-10-08T18:06:47.343] [DEBUG] cheese - 11
[2023-10-08T18:06:47.349] [DEBUG] cheese - null
[2023-10-08T18:06:47.355] [DEBUG] cheese - null
[2023-10-08T18:07:24.861] [DEBUG] cheese - login => username:111,password:11
[2023-10-08T18:07:24.862] [DEBUG] cheese - 111
[2023-10-08T18:07:24.867] [DEBUG] cheese - null
[2023-10-08T18:07:24.867] [DEBUG] cheese - null
[2023-10-08T18:09:49.116] [DEBUG] cheese - login => username:111,password:11
[2023-10-08T18:09:49.117] [DEBUG] cheese - 111
[2023-10-08T18:09:49.126] [DEBUG] cheese - null
[2023-10-08T18:09:49.126] [DEBUG] cheese - null
[2023-10-08T18:09:50.337] [DEBUG] cheese - login => username:111,password:11
[2023-10-08T18:09:50.337] [DEBUG] cheese - 111
[2023-10-08T18:09:50.339] [DEBUG] cheese - null
[2023-10-08T18:09:50.339] [DEBUG] cheese - null
[2023-10-08T18:09:50.669] [DEBUG] cheese - login => username:111,password:11
[2023-10-08T18:09:50.669] [DEBUG] cheese - 111
[2023-10-08T18:09:50.671] [DEBUG] cheese - null
[2023-10-08T18:09:50.671] [DEBUG] cheese - null
[2023-10-08T18:09:50.834] [DEBUG] cheese - login => username:111,password:11
[2023-10-08T18:09:50.834] [DEBUG] cheese - 111
[2023-10-08T18:09:50.836] [DEBUG] cheese - null
[2023-10-08T18:09:50.836] [DEBUG] cheese - null
[2023-10-08T18:09:51.026] [DEBUG] cheese - login => username:111,password:11
[2023-10-08T18:09:51.026] [DEBUG] cheese - 111
[2023-10-08T18:09:51.027] [DEBUG] cheese - null
[2023-10-08T18:09:51.027] [DEBUG] cheese - null
[2023-10-08T18:09:51.187] [DEBUG] cheese - login => username:111,password:11
[2023-10-08T18:09:51.187] [DEBUG] cheese - 111
[2023-10-08T18:09:51.189] [DEBUG] cheese - null
[2023-10-08T18:09:51.189] [DEBUG] cheese - null
[2023-10-08T18:09:51.402] [DEBUG] cheese - login => username:111,password:11
[2023-10-08T18:09:51.402] [DEBUG] cheese - 111
[2023-10-08T18:09:51.404] [DEBUG] cheese - null
[2023-10-08T18:09:51.404] [DEBUG] cheese - null
[2023-10-08T18:09:51.685] [DEBUG] cheese - login => username:111,password:11
[2023-10-08T18:09:51.685] [DEBUG] cheese - 111
[2023-10-08T18:09:51.687] [DEBUG] cheese - null
[2023-10-08T18:09:51.687] [DEBUG] cheese - null
[2023-10-08T18:09:51.869] [DEBUG] cheese - login => username:111,password:11
[2023-10-08T18:09:51.869] [DEBUG] cheese - 111
[2023-10-08T18:09:51.871] [DEBUG] cheese - null
[2023-10-08T18:09:51.871] [DEBUG] cheese - null
[2023-10-08T18:09:52.031] [DEBUG] cheese - login => username:111,password:11
[2023-10-08T18:09:52.031] [DEBUG] cheese - 111
[2023-10-08T18:09:52.034] [DEBUG] cheese - null
[2023-10-08T18:09:52.034] [DEBUG] cheese - null
[2023-10-08T18:09:52.189] [DEBUG] cheese - login => username:111,password:11
[2023-10-08T18:09:52.189] [DEBUG] cheese - 111
[2023-10-08T18:09:52.191] [DEBUG] cheese - null
[2023-10-08T18:09:52.191] [DEBUG] cheese - null
[2023-10-08T18:10:29.932] [DEBUG] cheese - login => username:1,password:1
[2023-10-08T18:10:29.933] [DEBUG] cheese - 1
[2023-10-08T18:10:29.939] [DEBUG] cheese - null
[2023-10-08T18:10:29.940] [DEBUG] cheese - null
[2023-10-08T18:10:38.122] [DEBUG] cheese - login => username:1,password:1
[2023-10-08T18:10:38.122] [DEBUG] cheese - 1
[2023-10-08T18:10:38.131] [DEBUG] cheese - null
[2023-10-08T18:10:38.131] [DEBUG] cheese - null
[2023-10-08T18:10:39.302] [DEBUG] cheese - login => username:1,password:1
[2023-10-08T18:10:39.302] [DEBUG] cheese - 1
[2023-10-08T18:10:39.306] [DEBUG] cheese - null
[2023-10-08T18:10:39.306] [DEBUG] cheese - null
[2023-10-08T18:11:29.210] [DEBUG] cheese - login => username:admin,password:q
[2023-10-08T18:11:29.211] [DEBUG] cheese - admin
[2023-10-08T18:11:29.214] [DEBUG] cheese - null
[2023-10-08T18:11:29.215] [DEBUG] cheese - null
[2023-10-08T18:11:54.263] [DEBUG] cheese - login => username:admin,password:1
[2023-10-08T18:11:54.264] [DEBUG] cheese - admin
[2023-10-08T18:11:54.269] [DEBUG] cheese - null
[2023-10-08T18:11:54.269] [DEBUG] cheese - null
[2023-10-08T18:12:08.173] [DEBUG] cheese - login => username:admin,password:123456
[2023-10-08T18:12:08.173] [DEBUG] cheese - admin
[2023-10-08T18:12:08.176] [DEBUG] cheese - null
[2023-10-08T18:12:08.176] [DEBUG] cheese - null
[2023-10-09T10:25:35.358] [DEBUG] cheese - login => username:admin,password:123456
[2023-10-09T10:25:35.359] [DEBUG] cheese - admin
[2023-10-09T10:25:35.400] [DEBUG] cheese - null
[2023-10-09T10:25:35.400] [DEBUG] cheese - null
[2023-10-09T10:33:49.993] [DEBUG] cheese - login => username:111,password:111
[2023-10-09T10:33:49.994] [DEBUG] cheese - 111
[2023-10-09T10:33:50.001] [DEBUG] cheese - null
[2023-10-09T10:33:50.001] [DEBUG] cheese - null
[2023-10-09T10:33:57.266] [DEBUG] cheese - login => username:admin,password:123456
[2023-10-09T10:33:57.266] [DEBUG] cheese - admin
[2023-10-09T10:33:57.272] [DEBUG] cheese - null
[2023-10-09T10:33:57.272] [DEBUG] cheese - null
[2023-10-09T10:34:18.901] [DEBUG] cheese - login => username:111,password:111
[2023-10-09T10:34:18.901] [DEBUG] cheese - 111
[2023-10-09T10:34:18.904] [DEBUG] cheese - null
[2023-10-09T10:34:18.904] [DEBUG] cheese - null
[2023-10-09T11:15:02.894] [DEBUG] cheese - login => username:admin,password:123456
[2023-10-09T11:15:02.896] [DEBUG] cheese - admin
[2023-10-09T11:15:02.940] [DEBUG] cheese - null
[2023-10-09T11:15:02.940] [DEBUG] cheese - null
[2023-10-09T11:16:08.680] [DEBUG] cheese - login => username:admin,password:123456
[2023-10-09T11:16:08.680] [DEBUG] cheese - admin
[2023-10-09T11:16:08.684] [DEBUG] cheese - null
[2023-10-09T11:16:08.684] [DEBUG] cheese - null
[2023-10-09T11:16:45.928] [DEBUG] cheese - login => username:admin,password:123456
[2023-10-09T11:16:45.929] [DEBUG] cheese - admin
[2023-10-09T11:16:45.933] [DEBUG] cheese - null
[2023-10-09T11:16:45.933] [DEBUG] cheese - null
[2023-10-09T11:17:03.899] [DEBUG] cheese - login => username:admin,password:123456
[2023-10-09T11:17:03.899] [DEBUG] cheese - admin
[2023-10-09T11:17:03.902] [DEBUG] cheese - null
[2023-10-09T11:17:03.902] [DEBUG] cheese - null
[2023-10-09T11:24:33.066] [DEBUG] cheese - login => username:admin,password:123456
[2023-10-09T11:24:33.067] [DEBUG] cheese - admin
[2023-10-09T11:24:33.073] [DEBUG] cheese - null
[2023-10-09T11:24:33.073] [DEBUG] cheese - null
[2023-10-09T11:30:55.659] [DEBUG] cheese - login => username:admin,password:123456
[2023-10-09T11:30:55.659] [DEBUG] cheese - admin
[2023-10-09T11:30:55.664] [DEBUG] cheese - null
[2023-10-09T11:30:55.664] [DEBUG] cheese - null
[2023-10-09T11:32:18.955] [DEBUG] cheese - login => username:admin,password:123456
[2023-10-09T11:32:18.956] [DEBUG] cheese - admin
[2023-10-09T11:32:18.971] [DEBUG] cheese - null
[2023-10-09T11:32:18.972] [DEBUG] cheese - null
[2023-10-09T11:32:36.365] [DEBUG] cheese - login => username:admin,password:123456
[2023-10-09T11:32:36.365] [DEBUG] cheese - admin
[2023-10-09T11:32:36.367] [DEBUG] cheese - null
[2023-10-09T11:32:36.367] [DEBUG] cheese - null
[2023-10-09T11:42:21.724] [DEBUG] cheese - login => username:admin,password:123456
[2023-10-09T11:42:21.724] [DEBUG] cheese - admin
[2023-10-09T11:42:21.732] [DEBUG] cheese - null
[2023-10-09T11:42:21.732] [DEBUG] cheese - null
[2023-10-09T12:29:27.838] [DEBUG] cheese - login => username:admin,password:123456
[2023-10-09T12:29:27.839] [DEBUG] cheese - admin
[2023-10-09T12:29:27.846] [DEBUG] cheese - null
[2023-10-09T12:29:27.846] [DEBUG] cheese - null
[2023-10-09T12:36:19.855] [DEBUG] cheese - login => username:admin,password:123456
[2023-10-09T12:36:19.857] [DEBUG] cheese - admin
[2023-10-09T12:36:19.919] [DEBUG] cheese - null
[2023-10-09T12:36:19.919] [DEBUG] cheese - null
[2023-10-09T16:43:10.626] [DEBUG] cheese - login => username:admin,password:123456
[2023-10-09T16:43:10.628] [DEBUG] cheese - admin
[2023-10-09T16:43:10.685] [DEBUG] cheese - null
[2023-10-09T16:43:10.685] [DEBUG] cheese - null
[2023-10-09T16:43:26.906] [DEBUG] cheese - login => username:admin,password:123456
[2023-10-09T16:43:26.907] [DEBUG] cheese - admin
[2023-10-09T16:43:26.919] [DEBUG] cheese - null
[2023-10-09T16:43:26.919] [DEBUG] cheese - null
[2023-10-09T16:43:34.683] [DEBUG] cheese - login => username:admin,password:123456
[2023-10-09T16:43:34.683] [DEBUG] cheese - admin
[2023-10-09T16:43:34.686] [DEBUG] cheese - null
[2023-10-09T16:43:34.687] [DEBUG] cheese - null
[2023-10-09T16:43:59.216] [DEBUG] cheese - login => username:admin,password:123456
[2023-10-09T16:43:59.217] [DEBUG] cheese - admin
[2023-10-09T16:43:59.223] [DEBUG] cheese - null
[2023-10-09T16:43:59.223] [DEBUG] cheese - null
[2023-10-09T16:46:33.803] [DEBUG] cheese - login => username:admin,password:123456
[2023-10-09T16:46:33.804] [DEBUG] cheese - admin
[2023-10-09T16:46:33.814] [DEBUG] cheese - null
[2023-10-09T16:46:33.814] [DEBUG] cheese - null
[2023-10-09T16:47:59.318] [DEBUG] cheese - login => username:admin,password:123456
[2023-10-09T16:47:59.319] [DEBUG] cheese - admin
[2023-10-09T16:47:59.337] [DEBUG] cheese - null
[2023-10-09T16:47:59.338] [DEBUG] cheese - null
[2023-10-09T16:48:36.344] [DEBUG] cheese - login => username:admin,password:123456
[2023-10-09T16:48:36.345] [DEBUG] cheese - admin
[2023-10-09T16:48:36.351] [DEBUG] cheese - null
[2023-10-09T16:48:36.351] [DEBUG] cheese - null
[2023-10-09T17:17:20.465] [DEBUG] cheese - login => username:admin,password:123456
[2023-10-09T17:17:20.468] [DEBUG] cheese - admin
[2023-10-09T17:17:20.523] [DEBUG] cheese - null
[2023-10-09T17:17:20.524] [DEBUG] cheese - null
[2023-10-09T17:36:53.278] [DEBUG] cheese - login => username:admin,password:123456
[2023-10-09T17:36:53.283] [DEBUG] cheese - admin
[2023-10-09T17:36:53.337] [DEBUG] cheese - null
[2023-10-09T17:36:53.337] [DEBUG] cheese - null
[2023-10-09T17:37:09.645] [DEBUG] cheese - login => username:admin,password:123456
[2023-10-09T17:37:09.646] [DEBUG] cheese - admin
[2023-10-09T17:37:09.654] [DEBUG] cheese - null
[2023-10-09T17:37:09.655] [DEBUG] cheese - null
[2023-10-09T17:38:00.833] [DEBUG] cheese - login => username:admin,password:123456
[2023-10-09T17:38:00.833] [DEBUG] cheese - admin
[2023-10-09T17:38:00.841] [DEBUG] cheese - null
[2023-10-09T17:38:00.841] [DEBUG] cheese - null
[2023-10-09T17:43:06.530] [DEBUG] cheese - login => username:admin,password:123456
[2023-10-09T17:43:06.535] [DEBUG] cheese - admin
[2023-10-09T17:43:06.593] [DEBUG] cheese - null
[2023-10-09T17:43:06.593] [DEBUG] cheese - null
[2023-10-09T18:32:27.640] [DEBUG] cheese - login => username:admin,password:123456
[2023-10-09T18:32:27.641] [DEBUG] cheese - admin
[2023-10-09T18:32:27.681] [DEBUG] cheese - null
[2023-10-09T18:32:27.681] [DEBUG] cheese - null
[2023-10-09T18:48:36.501] [DEBUG] cheese - login => username:admin,password:123456
[2023-10-09T18:48:36.502] [DEBUG] cheese - admin
[2023-10-09T18:48:36.556] [DEBUG] cheese - null
[2023-10-09T18:48:36.557] [DEBUG] cheese - null
[2023-10-10T14:32:41.709] [DEBUG] cheese - login => username:admin,password:123456
[2023-10-10T14:32:41.712] [DEBUG] cheese - admin
[2023-10-10T14:32:41.762] [DEBUG] cheese - null
[2023-10-10T14:32:41.762] [DEBUG] cheese - null
[2023-10-11T09:41:40.198] [DEBUG] cheese - login => username:admin,password:123456
[2023-10-11T09:41:40.200] [DEBUG] cheese - admin
[2023-10-11T09:41:40.211] [DEBUG] cheese - null
[2023-10-11T09:41:40.211] [DEBUG] cheese - null
[2023-10-11T10:12:27.279] [DEBUG] cheese - login => username:admin,password:123456
[2023-10-11T10:12:27.281] [DEBUG] cheese - admin
[2023-10-11T10:12:27.287] [DEBUG] cheese - null
[2023-10-11T10:12:27.287] [DEBUG] cheese - null
[2023-10-11T14:31:24.605] [DEBUG] cheese - null
[2023-10-11T14:52:25.777] [DEBUG] cheese - null
[2023-10-11T14:54:02.464] [DEBUG] cheese - null
[2023-10-11T14:55:32.404] [DEBUG] cheese - null
[2023-10-11T14:55:38.879] [DEBUG] cheese - null
[2023-10-11T15:03:37.676] [DEBUG] cheese - null
[2023-10-11T15:06:11.115] [DEBUG] cheese - null
[2023-10-11T15:06:17.695] [DEBUG] cheese - null
[2023-10-11T15:06:23.886] [DEBUG] cheese - null
[2023-10-11T15:06:43.905] [DEBUG] cheese - null
[2023-10-11T15:07:16.081] [DEBUG] cheese - null
[2023-10-11T15:07:24.446] [DEBUG] cheese - null
[2023-10-11T15:07:59.376] [DEBUG] cheese - null
[2023-10-11T15:08:28.753] [DEBUG] cheese - null
[2023-10-11T15:08:59.951] [DEBUG] cheese - null
[2023-10-11T15:11:24.855] [DEBUG] cheese - null
[2023-10-11T15:30:10.018] [DEBUG] cheese - null
[2023-10-11T17:10:13.005] [DEBUG] cheese - null
[2023-10-11T17:10:28.220] [DEBUG] cheese - null
[2023-10-11T17:11:33.934] [DEBUG] cheese - null
[2023-10-11T17:20:19.626] [DEBUG] cheese - null
[2023-10-11T17:20:51.408] [DEBUG] cheese - null
[2023-10-11T17:20:53.227] [DEBUG] cheese - null
[2023-10-11T17:20:56.349] [DEBUG] cheese - null
[2023-10-11T17:20:56.735] [DEBUG] cheese - null
[2023-10-11T17:20:57.976] [DEBUG] cheese - null
[2023-10-11T17:44:54.626] [DEBUG] cheese - null
[2023-10-11T17:44:55.493] [DEBUG] cheese - null
[2023-10-11T17:44:56.155] [DEBUG] cheese - null
[2023-10-11T17:44:56.768] [DEBUG] cheese - null
[2023-10-11T18:54:29.817] [DEBUG] cheese - null
[2023-10-11T18:54:50.514] [DEBUG] cheese - null
[2023-10-11T18:55:01.669] [DEBUG] cheese - null
[2023-10-11T18:55:07.051] [DEBUG] cheese - null
[2023-10-11T18:56:35.394] [DEBUG] cheese - null
[2023-10-11T18:56:44.608] [DEBUG] cheese - null
[2023-10-11T18:57:38.890] [DEBUG] cheese - null
[2023-10-11T18:57:46.694] [DEBUG] cheese - null
[2023-10-11T18:57:49.973] [DEBUG] cheese - null
[2023-10-11T19:27:23.879] [DEBUG] cheese - login => username:admin,password:123456
[2023-10-11T19:27:23.879] [DEBUG] cheese - admin
[2023-10-11T19:27:23.889] [DEBUG] cheese - null
[2023-10-11T19:27:23.889] [DEBUG] cheese - null
[2023-10-12T08:51:22.098] [DEBUG] cheese - null
[2023-10-12T08:53:25.491] [DEBUG] cheese - null
[2023-10-12T08:54:03.162] [DEBUG] cheese - null
[2023-10-12T09:02:53.092] [DEBUG] cheese - null
[2023-10-12T09:03:21.004] [DEBUG] cheese - null
[2023-10-12T09:03:22.106] [DEBUG] cheese - null
[2023-10-12T09:08:53.882] [DEBUG] cheese - null
[2023-10-12T09:09:30.499] [DEBUG] cheese - null
[2023-10-12T09:10:26.744] [DEBUG] cheese - null
[2023-10-12T09:10:35.263] [DEBUG] cheese - null
[2023-10-12T09:11:24.446] [DEBUG] cheese - null
[2023-10-12T09:11:54.871] [DEBUG] cheese - null
[2023-10-12T09:13:09.141] [DEBUG] cheese - null
[2023-10-12T09:13:46.534] [DEBUG] cheese - null
[2023-10-12T09:40:48.495] [DEBUG] cheese - login => username:admin,password:123456
[2023-10-12T09:40:48.498] [DEBUG] cheese - admin
[2023-10-12T09:40:48.556] [DEBUG] cheese - null
[2023-10-12T09:40:48.556] [DEBUG] cheese - null
[2023-10-12T09:46:37.963] [DEBUG] cheese - null
[2023-10-12T09:46:55.782] [DEBUG] cheese - null
[2023-10-12T09:50:47.671] [DEBUG] cheese - null
[2023-10-12T09:51:28.282] [DEBUG] cheese - null
[2023-10-12T09:52:11.621] [DEBUG] cheese - null
[2023-10-12T09:57:55.561] [DEBUG] cheese - null
[2023-10-12T09:58:20.010] [DEBUG] cheese - null
[2023-10-12T09:58:35.854] [DEBUG] cheese - null
[2023-10-12T09:58:41.467] [DEBUG] cheese - null
[2023-10-12T09:59:37.019] [DEBUG] cheese - null
[2023-10-12T10:01:12.415] [DEBUG] cheese - null
[2023-10-12T10:01:32.925] [DEBUG] cheese - null
[2023-10-12T11:37:48.299] [DEBUG] cheese - login => username:admin,password:123456
[2023-10-12T11:37:48.302] [DEBUG] cheese - admin
[2023-10-12T11:37:48.321] [DEBUG] cheese - null
[2023-10-12T11:37:48.321] [DEBUG] cheese - null
[2023-10-12T11:37:53.696] [DEBUG] cheese - null
[2023-10-12T11:37:54.341] [DEBUG] cheese - null
[2023-10-12T11:57:20.867] [DEBUG] cheese - login => username:admin,password:123456
[2023-10-12T11:57:20.867] [DEBUG] cheese - admin
[2023-10-12T11:57:20.920] [DEBUG] cheese - null
[2023-10-12T11:57:20.920] [DEBUG] cheese - null
[2023-10-12T13:55:23.966] [DEBUG] cheese - null
[2023-10-12T13:55:25.699] [DEBUG] cheese - null
[2023-10-12T13:58:25.105] [DEBUG] cheese - null
[2023-10-12T13:58:29.976] [DEBUG] cheese - null
[2023-10-12T15:11:16.711] [DEBUG] cheese - login => username:admin,password:1234561
[2023-10-12T15:11:16.714] [DEBUG] cheese - admin
[2023-10-12T15:11:16.721] [DEBUG] cheese - null
[2023-10-12T15:11:16.721] [DEBUG] cheese - null
[2023-10-12T15:11:25.182] [DEBUG] cheese - login => username:admin1,password:123456
[2023-10-12T15:11:25.183] [DEBUG] cheese - admin1
[2023-10-12T15:11:25.192] [DEBUG] cheese - null
[2023-10-12T15:11:25.192] [DEBUG] cheese - null
[2023-10-12T15:11:28.415] [DEBUG] cheese - login => username:admin,password:123456
[2023-10-12T15:11:28.415] [DEBUG] cheese - admin
[2023-10-12T15:11:28.420] [DEBUG] cheese - null
[2023-10-12T15:11:28.420] [DEBUG] cheese - null
[2023-10-12T15:13:47.881] [DEBUG] cheese - login => username:admin,password:1234561
[2023-10-12T15:13:47.881] [DEBUG] cheese - admin
[2023-10-12T15:13:47.884] [DEBUG] cheese - null
[2023-10-12T15:13:47.884] [DEBUG] cheese - null
[2023-10-12T15:13:51.514] [DEBUG] cheese - login => username:admin1,password:1234561
[2023-10-12T15:13:51.514] [DEBUG] cheese - admin1
[2023-10-12T15:13:51.516] [DEBUG] cheese - null
[2023-10-12T15:13:51.516] [DEBUG] cheese - null
[2023-10-12T15:13:55.130] [DEBUG] cheese - login => username:admin,password:1234561
[2023-10-12T15:13:55.130] [DEBUG] cheese - admin
[2023-10-12T15:13:55.133] [DEBUG] cheese - null
[2023-10-12T15:13:55.133] [DEBUG] cheese - null
[2023-10-12T15:13:58.630] [DEBUG] cheese - login => username:admin,password:123456
[2023-10-12T15:13:58.630] [DEBUG] cheese - admin
[2023-10-12T15:13:58.633] [DEBUG] cheese - null
[2023-10-12T15:13:58.633] [DEBUG] cheese - null
[2023-10-12T15:14:57.142] [DEBUG] cheese - null
[2023-10-12T15:15:44.696] [DEBUG] cheese - null
[2023-10-12T15:16:02.552] [DEBUG] cheese - null
[2023-10-12T15:18:07.256] [DEBUG] cheese - null
[2023-10-12T15:19:35.033] [DEBUG] cheese - null
[2023-10-12T15:20:03.099] [DEBUG] cheese - null
[2023-10-12T15:20:04.647] [DEBUG] cheese - null
[2023-10-12T15:33:47.838] [DEBUG] cheese - null
[2023-10-12T15:33:48.872] [DEBUG] cheese - null
[2023-10-12T15:33:49.369] [DEBUG] cheese - null
[2023-10-12T15:33:49.763] [DEBUG] cheese - null
[2023-10-13T11:37:23.983] [DEBUG] cheese - null
[2023-10-13T11:37:32.742] [DEBUG] cheese - null
[2023-10-13T11:37:40.111] [DEBUG] cheese - null
[2023-10-13T11:53:56.949] [DEBUG] cheese - null
[2023-10-13T11:53:57.872] [DEBUG] cheese - null
[2023-10-13T13:57:19.299] [DEBUG] cheese - null
[2023-10-13T13:57:22.442] [DEBUG] cheese - null
[2023-10-13T14:04:28.053] [DEBUG] cheese - login => username:admin,password:123456
[2023-10-13T14:04:28.055] [DEBUG] cheese - admin
[2023-10-13T14:04:28.075] [DEBUG] cheese - null
[2023-10-13T14:04:28.076] [DEBUG] cheese - null
[2023-10-13T15:21:54.664] [DEBUG] cheese - login => username:admin,password:123456
[2023-10-13T15:21:54.667] [DEBUG] cheese - admin
[2023-10-13T15:21:54.720] [DEBUG] cheese - null
[2023-10-13T15:21:54.721] [DEBUG] cheese - null
[2023-10-13T17:24:45.235] [DEBUG] cheese - login => username:admin,password:123456
[2023-10-13T17:24:45.237] [DEBUG] cheese - admin
[2023-10-13T17:24:45.245] [DEBUG] cheese - null
[2023-10-13T17:24:45.246] [DEBUG] cheese - null
[2023-10-13T18:06:37.211] [DEBUG] cheese - login => username:admin,password:123456
[2023-10-13T18:06:37.213] [DEBUG] cheese - admin
[2023-10-13T18:06:37.231] [DEBUG] cheese - null
[2023-10-13T18:06:37.231] [DEBUG] cheese - null
[2023-10-13T18:09:52.713] [DEBUG] cheese - login => username:admin,password:123456
[2023-10-13T18:09:52.716] [DEBUG] cheese - admin
[2023-10-13T18:09:52.719] [DEBUG] cheese - null
[2023-10-13T18:09:52.719] [DEBUG] cheese - null
[2023-10-13T18:12:19.139] [DEBUG] cheese - login => username:admin,password:123456
[2023-10-13T18:12:19.139] [DEBUG] cheese - admin
[2023-10-13T18:12:19.145] [DEBUG] cheese - null
[2023-10-13T18:12:19.145] [DEBUG] cheese - null
[2023-10-16T08:34:27.324] [DEBUG] cheese - login => username:admin,password:123456
[2023-10-16T08:34:27.327] [DEBUG] cheese - admin
[2023-10-16T08:34:27.376] [DEBUG] cheese - null
[2023-10-16T08:34:27.376] [DEBUG] cheese - null
[2023-10-16T16:53:22.089] [DEBUG] cheese - login => username:admin,password:123456
[2023-10-16T16:53:22.090] [DEBUG] cheese - admin
[2023-10-16T16:53:22.126] [DEBUG] cheese - null
[2023-10-16T16:53:22.126] [DEBUG] cheese - null
[2023-10-16T16:54:39.060] [DEBUG] cheese - login => username:admin,password:123456
[2023-10-16T16:54:39.060] [DEBUG] cheese - admin
[2023-10-16T16:54:39.074] [DEBUG] cheese - null
[2023-10-16T16:54:39.075] [DEBUG] cheese - null
[2023-10-16T17:15:02.877] [DEBUG] cheese - null
[2023-10-16T17:15:03.365] [DEBUG] cheese - null
[2023-10-16T17:20:22.961] [DEBUG] cheese - null
[2023-10-16T17:20:23.793] [DEBUG] cheese - null
[2023-10-16T17:20:24.379] [DEBUG] cheese - null
[2023-10-16T17:20:24.630] [DEBUG] cheese - null
[2023-10-16T17:44:42.345] [DEBUG] cheese - null
[2023-10-16T17:44:51.010] [DEBUG] cheese - null
[2023-10-16T17:48:32.850] [DEBUG] cheese - null
[2023-10-16T18:16:19.735] [DEBUG] cheese - null
[2023-10-16T18:16:22.816] [DEBUG] cheese - null
[2023-10-16T18:17:10.875] [DEBUG] cheese - null
[2023-10-16T18:17:38.231] [DEBUG] cheese - null
[2023-10-16T18:18:00.563] [DEBUG] cheese - null
[2023-10-16T18:21:04.126] [DEBUG] cheese - null
[2023-10-16T18:22:54.617] [DEBUG] cheese - null
[2023-10-16T18:23:27.351] [DEBUG] cheese - null
[2023-10-17T08:53:04.666] [DEBUG] cheese - null
[2023-10-17T08:53:43.935] [DEBUG] cheese - null
[2023-10-17T09:26:07.614] [DEBUG] cheese - null
[2023-10-17T09:38:40.306] [DEBUG] cheese - null
[2023-10-17T09:45:40.880] [DEBUG] cheese - null
[2023-10-17T09:47:17.218] [DEBUG] cheese - null
[2023-10-17T09:50:52.659] [DEBUG] cheese - null
[2023-10-17T09:51:24.606] [DEBUG] cheese - null
[2023-10-17T09:52:06.390] [DEBUG] cheese - null
[2023-10-17T09:52:07.515] [DEBUG] cheese - null
[2023-10-17T09:52:08.380] [DEBUG] cheese - null
[2023-10-17T09:52:15.942] [DEBUG] cheese - null
[2023-10-17T09:52:29.301] [DEBUG] cheese - null
[2023-10-17T09:55:35.480] [DEBUG] cheese - login => username:admin,password:123456
[2023-10-17T09:55:35.480] [DEBUG] cheese - admin
[2023-10-17T09:55:35.488] [DEBUG] cheese - null
[2023-10-17T09:55:35.488] [DEBUG] cheese - null
[2023-10-17T10:00:54.501] [DEBUG] cheese - null
[2023-10-17T10:01:14.221] [DEBUG] cheese - null
[2023-10-17T10:01:54.281] [DEBUG] cheese - null
[2023-10-17T10:02:18.000] [DEBUG] cheese - null
[2023-10-17T10:02:57.578] [DEBUG] cheese - null
[2023-10-17T10:05:05.166] [DEBUG] cheese - null
[2023-10-17T10:32:34.197] [DEBUG] cheese - null
[2023-10-17T10:32:57.519] [DEBUG] cheese - null
[2023-10-17T10:33:58.805] [DEBUG] cheese - null
[2023-10-17T10:34:07.479] [DEBUG] cheese - null
[2023-10-17T10:34:09.973] [DEBUG] cheese - null
[2023-10-17T10:34:12.328] [DEBUG] cheese - null
[2023-10-17T10:34:32.168] [DEBUG] cheese - null
[2023-10-17T10:34:37.626] [DEBUG] cheese - null
[2023-10-17T10:34:39.424] [DEBUG] cheese - null
[2023-10-17T10:35:04.453] [DEBUG] cheese - null
[2023-10-17T10:35:08.530] [DEBUG] cheese - null
[2023-10-17T10:36:36.911] [DEBUG] cheese - null
[2023-10-17T10:41:48.865] [DEBUG] cheese - null
[2023-10-17T10:44:39.053] [DEBUG] cheese - null
[2023-10-17T10:44:44.836] [DEBUG] cheese - null
[2023-10-17T10:49:50.481] [DEBUG] cheese - null
[2023-10-17T10:50:43.318] [DEBUG] cheese - null
[2023-10-17T10:50:48.863] [DEBUG] cheese - null
[2023-10-17T10:51:10.809] [DEBUG] cheese - login => username:admin,password:123456
[2023-10-17T10:51:10.810] [DEBUG] cheese - admin
[2023-10-17T10:51:10.815] [DEBUG] cheese - null
[2023-10-17T10:51:10.815] [DEBUG] cheese - null
[2023-10-17T10:51:24.095] [DEBUG] cheese - null
[2023-10-17T10:53:50.598] [DEBUG] cheese - null
[2023-10-17T10:54:35.869] [DEBUG] cheese - null
[2023-10-17T10:56:14.080] [DEBUG] cheese - null
[2023-10-17T10:56:53.263] [DEBUG] cheese - null
[2023-10-17T10:57:15.755] [DEBUG] cheese - null
[2023-10-17T10:57:19.903] [DEBUG] cheese - null
[2023-10-17T10:57:54.326] [DEBUG] cheese - null
[2023-10-17T10:58:06.522] [DEBUG] cheese - null
[2023-10-17T10:58:10.060] [DEBUG] cheese - null
[2023-10-17T11:28:57.905] [DEBUG] cheese - null
[2023-10-17T11:29:08.749] [DEBUG] cheese - null
[2023-10-17T11:37:24.301] [DEBUG] cheese - null
[2023-10-17T15:05:04.053] [DEBUG] cheese - null
[2023-10-17T17:21:03.942] [DEBUG] cheese - null
[2023-10-17T17:22:30.570] [DEBUG] cheese - null
[2023-10-17T17:22:57.469] [DEBUG] cheese - null
[2023-10-18T09:02:39.926] [DEBUG] cheese - null
[2023-10-18T09:02:48.251] [DEBUG] cheese - null
[2023-10-18T13:37:05.606] [DEBUG] cheese - login => username:admin,password:123456
[2023-10-18T13:37:05.608] [DEBUG] cheese - admin
[2023-10-18T13:37:05.655] [DEBUG] cheese - null
[2023-10-18T13:37:05.656] [DEBUG] cheese - null
[2023-10-18T14:42:00.074] [DEBUG] cheese - null
[2023-10-18T17:16:00.206] [DEBUG] cheese - login => username:admin,password:123456
[2023-10-18T17:16:00.212] [DEBUG] cheese - admin
[2023-10-18T17:16:00.279] [DEBUG] cheese - null
[2023-10-18T17:16:00.279] [DEBUG] cheese - null
[2023-10-18T17:16:05.331] [DEBUG] cheese - login => username:admin,password:123456
[2023-10-18T17:16:05.331] [DEBUG] cheese - admin
[2023-10-18T17:16:05.334] [DEBUG] cheese - null
[2023-10-18T17:16:05.335] [DEBUG] cheese - null
[2023-10-18T17:16:07.033] [DEBUG] cheese - login => username:admin,password:123456
[2023-10-18T17:16:07.033] [DEBUG] cheese - admin
[2023-10-18T17:16:07.040] [DEBUG] cheese - null
[2023-10-18T17:16:07.041] [DEBUG] cheese - null
[2023-10-18T17:16:10.311] [DEBUG] cheese - login => username:admin,password:123456
[2023-10-18T17:16:10.312] [DEBUG] cheese - admin
[2023-10-18T17:16:10.315] [DEBUG] cheese - null
[2023-10-18T17:16:10.315] [DEBUG] cheese - null
[2023-10-18T17:16:15.499] [DEBUG] cheese - login => username:admin,password:123456
[2023-10-18T17:16:15.500] [DEBUG] cheese - admin
[2023-10-18T17:16:15.504] [DEBUG] cheese - null
[2023-10-18T17:16:15.504] [DEBUG] cheese - null
[2023-10-18T17:16:20.648] [DEBUG] cheese - login => username:admin,password:123456
[2023-10-18T17:16:20.648] [DEBUG] cheese - admin
[2023-10-18T17:16:20.650] [DEBUG] cheese - null
[2023-10-18T17:16:20.650] [DEBUG] cheese - null
[2023-10-18T17:17:39.652] [DEBUG] cheese - login => username:admin,password:123456
[2023-10-18T17:17:39.653] [DEBUG] cheese - admin
[2023-10-18T17:17:39.660] [DEBUG] cheese - null
[2023-10-18T17:17:39.660] [DEBUG] cheese - null
[2023-10-18T17:17:39.830] [DEBUG] cheese - login => username:admin,password:123456
[2023-10-18T17:17:39.830] [DEBUG] cheese - admin
[2023-10-18T17:17:39.831] [DEBUG] cheese - null
[2023-10-18T17:17:39.831] [DEBUG] cheese - null
[2023-10-18T17:18:04.646] [DEBUG] cheese - login => username:admin,password:123456
[2023-10-18T17:18:04.647] [DEBUG] cheese - admin
[2023-10-18T17:18:04.651] [DEBUG] cheese - null
[2023-10-18T17:18:04.651] [DEBUG] cheese - null
[2023-10-18T17:18:21.545] [DEBUG] cheese - login => username:admin,password:123456
[2023-10-18T17:18:21.548] [DEBUG] cheese - admin
[2023-10-18T17:18:21.556] [DEBUG] cheese - null
[2023-10-18T17:18:21.556] [DEBUG] cheese - null
[2023-10-18T17:18:22.830] [DEBUG] cheese - login => username:admin,password:123456
[2023-10-18T17:18:22.830] [DEBUG] cheese - admin
[2023-10-18T17:18:22.832] [DEBUG] cheese - null
[2023-10-18T17:18:22.832] [DEBUG] cheese - null
[2023-10-18T17:18:23.096] [DEBUG] cheese - login => username:admin,password:123456
[2023-10-18T17:18:23.096] [DEBUG] cheese - admin
[2023-10-18T17:18:23.098] [DEBUG] cheese - null
[2023-10-18T17:18:23.098] [DEBUG] cheese - null
[2023-10-18T17:18:23.281] [DEBUG] cheese - login => username:admin,password:123456
[2023-10-18T17:18:23.281] [DEBUG] cheese - admin
[2023-10-18T17:18:23.283] [DEBUG] cheese - null
[2023-10-18T17:18:23.283] [DEBUG] cheese - null
[2023-10-18T17:18:23.426] [DEBUG] cheese - login => username:admin,password:123456
[2023-10-18T17:18:23.426] [DEBUG] cheese - admin
[2023-10-18T17:18:23.428] [DEBUG] cheese - null
[2023-10-18T17:18:23.428] [DEBUG] cheese - null
[2023-10-18T17:18:23.613] [DEBUG] cheese - login => username:admin,password:123456
[2023-10-18T17:18:23.613] [DEBUG] cheese - admin
[2023-10-18T17:18:23.614] [DEBUG] cheese - null
[2023-10-18T17:18:23.615] [DEBUG] cheese - null
[2023-10-18T17:18:49.203] [DEBUG] cheese - login => username:admin,password:123456
[2023-10-18T17:18:49.204] [DEBUG] cheese - admin
[2023-10-18T17:18:49.212] [DEBUG] cheese - null
[2023-10-18T17:18:49.212] [DEBUG] cheese - null
[2023-10-18T17:18:49.334] [DEBUG] cheese - login => username:admin,password:123456
[2023-10-18T17:18:49.334] [DEBUG] cheese - admin
[2023-10-18T17:18:49.335] [DEBUG] cheese - null
[2023-10-18T17:18:49.335] [DEBUG] cheese - null
[2023-10-18T17:19:17.254] [DEBUG] cheese - login => username:admin,password:123456
[2023-10-18T17:19:17.255] [DEBUG] cheese - admin
[2023-10-18T17:19:17.260] [DEBUG] cheese - null
[2023-10-18T17:19:17.260] [DEBUG] cheese - null
[2023-10-18T17:19:18.065] [DEBUG] cheese - login => username:admin,password:123456
[2023-10-18T17:19:18.066] [DEBUG] cheese - admin
[2023-10-18T17:19:18.086] [DEBUG] cheese - null
[2023-10-18T17:19:18.087] [DEBUG] cheese - null
[2023-10-18T17:19:20.364] [DEBUG] cheese - login => username:admin,password:123456
[2023-10-18T17:19:20.364] [DEBUG] cheese - admin
[2023-10-18T17:19:20.366] [DEBUG] cheese - null
[2023-10-18T17:19:20.366] [DEBUG] cheese - null
[2023-10-18T17:19:23.747] [DEBUG] cheese - login => username:admin,password:123456
[2023-10-18T17:19:23.748] [DEBUG] cheese - admin
[2023-10-18T17:19:23.749] [DEBUG] cheese - null
[2023-10-18T17:19:23.749] [DEBUG] cheese - null
[2023-10-18T17:19:43.781] [DEBUG] cheese - login => username:admin,password:123456
[2023-10-18T17:19:43.781] [DEBUG] cheese - admin
[2023-10-18T17:19:43.783] [DEBUG] cheese - null
[2023-10-18T17:19:43.783] [DEBUG] cheese - null
[2023-10-18T17:19:44.930] [DEBUG] cheese - login => username:admin,password:123456
[2023-10-18T17:19:44.930] [DEBUG] cheese - admin
[2023-10-18T17:19:44.934] [DEBUG] cheese - null
[2023-10-18T17:19:44.934] [DEBUG] cheese - null
[2023-10-18T17:19:49.435] [DEBUG] cheese - login => username:admin,password:123456
[2023-10-18T17:19:49.435] [DEBUG] cheese - admin
[2023-10-18T17:19:49.438] [DEBUG] cheese - null
[2023-10-18T17:19:49.438] [DEBUG] cheese - null
[2023-10-18T17:19:50.197] [DEBUG] cheese - login => username:admin,password:123456
[2023-10-18T17:19:50.197] [DEBUG] cheese - admin
[2023-10-18T17:19:50.199] [DEBUG] cheese - null
[2023-10-18T17:19:50.199] [DEBUG] cheese - null
[2023-10-18T17:19:50.358] [DEBUG] cheese - login => username:admin,password:123456
[2023-10-18T17:19:50.358] [DEBUG] cheese - admin
[2023-10-18T17:19:50.359] [DEBUG] cheese - null
[2023-10-18T17:19:50.360] [DEBUG] cheese - null
[2023-10-18T17:19:50.529] [DEBUG] cheese - login => username:admin,password:123456
[2023-10-18T17:19:50.529] [DEBUG] cheese - admin
[2023-10-18T17:19:50.530] [DEBUG] cheese - null
[2023-10-18T17:19:50.530] [DEBUG] cheese - null
[2023-10-18T17:30:28.842] [DEBUG] cheese - login => username:admin,password:123456
[2023-10-18T17:30:28.844] [DEBUG] cheese - admin
[2023-10-18T17:30:28.888] [DEBUG] cheese - null
[2023-10-18T17:30:28.889] [DEBUG] cheese - null
[2023-10-18T17:30:30.821] [DEBUG] cheese - login => username:admin,password:123456
[2023-10-18T17:30:30.821] [DEBUG] cheese - admin
[2023-10-18T17:30:30.823] [DEBUG] cheese - null
[2023-10-18T17:30:30.823] [DEBUG] cheese - null
[2023-10-18T17:30:49.542] [DEBUG] cheese - login => username:admin,password:123456
[2023-10-18T17:30:49.543] [DEBUG] cheese - admin
[2023-10-18T17:30:49.548] [DEBUG] cheese - null
[2023-10-18T17:30:49.548] [DEBUG] cheese - null
[2023-10-18T17:30:50.782] [DEBUG] cheese - login => username:admin,password:123456
[2023-10-18T17:30:50.787] [DEBUG] cheese - admin
[2023-10-18T17:30:50.788] [DEBUG] cheese - null
[2023-10-18T17:30:50.788] [DEBUG] cheese - null
[2023-10-18T17:31:22.028] [DEBUG] cheese - login => username:admin,password:123456
[2023-10-18T17:31:22.029] [DEBUG] cheese - admin
[2023-10-18T17:31:22.044] [DEBUG] cheese - null
[2023-10-18T17:31:22.044] [DEBUG] cheese - null
[2023-10-18T17:31:25.908] [DEBUG] cheese - login => username:admin,password:123456
[2023-10-18T17:31:25.908] [DEBUG] cheese - admin
[2023-10-18T17:31:25.913] [DEBUG] cheese - null
[2023-10-18T17:31:25.913] [DEBUG] cheese - null
[2023-10-18T17:31:29.261] [DEBUG] cheese - login => username:admin,password:123456
[2023-10-18T17:31:29.261] [DEBUG] cheese - admin
[2023-10-18T17:31:29.267] [DEBUG] cheese - null
[2023-10-18T17:31:29.267] [DEBUG] cheese - null
[2023-10-18T17:31:33.471] [DEBUG] cheese - login => username:admin,password:123456
[2023-10-18T17:31:33.471] [DEBUG] cheese - admin
[2023-10-18T17:31:33.473] [DEBUG] cheese - null
[2023-10-18T17:31:33.473] [DEBUG] cheese - null
[2023-10-18T17:31:48.421] [DEBUG] cheese - login => username:admin,password:123456
[2023-10-18T17:31:48.421] [DEBUG] cheese - admin
[2023-10-18T17:31:48.425] [DEBUG] cheese - null
[2023-10-18T17:31:48.426] [DEBUG] cheese - null
[2023-10-18T18:21:35.978] [DEBUG] cheese - login => username:admin,password:123456
[2023-10-18T18:21:35.981] [DEBUG] cheese - admin
[2023-10-18T18:21:36.035] [DEBUG] cheese - null
[2023-10-18T18:21:36.035] [DEBUG] cheese - null
[2023-10-18T18:21:54.299] [DEBUG] cheese - login => username:admin,password:123456
[2023-10-18T18:21:54.300] [DEBUG] cheese - admin
[2023-10-18T18:21:54.328] [DEBUG] cheese - null
[2023-10-18T18:21:54.328] [DEBUG] cheese - null
[2023-10-18T18:22:08.015] [DEBUG] cheese - login => username:admin,password:123456
[2023-10-18T18:22:08.015] [DEBUG] cheese - admin
[2023-10-18T18:22:08.019] [DEBUG] cheese - null
[2023-10-18T18:22:08.019] [DEBUG] cheese - null
[2023-10-18T18:22:16.262] [DEBUG] cheese - login => username:admin,password:123456
[2023-10-18T18:22:16.263] [DEBUG] cheese - admin
[2023-10-18T18:22:16.301] [DEBUG] cheese - null
[2023-10-18T18:22:16.301] [DEBUG] cheese - null
[2023-10-18T18:22:16.857] [DEBUG] cheese - login => username:admin,password:123456
[2023-10-18T18:22:16.857] [DEBUG] cheese - admin
[2023-10-18T18:22:16.859] [DEBUG] cheese - null
[2023-10-18T18:22:16.859] [DEBUG] cheese - null
[2023-10-18T18:22:17.332] [DEBUG] cheese - login => username:admin,password:123456
[2023-10-18T18:22:17.332] [DEBUG] cheese - admin
[2023-10-18T18:22:17.339] [DEBUG] cheese - null
[2023-10-18T18:22:17.339] [DEBUG] cheese - null
[2023-10-18T18:22:17.784] [DEBUG] cheese - login => username:admin,password:123456
[2023-10-18T18:22:17.786] [DEBUG] cheese - admin
[2023-10-18T18:22:17.792] [DEBUG] cheese - null
[2023-10-18T18:22:17.792] [DEBUG] cheese - null
[2023-10-18T18:22:18.234] [DEBUG] cheese - login => username:admin,password:123456
[2023-10-18T18:22:18.241] [DEBUG] cheese - admin
[2023-10-18T18:22:18.243] [DEBUG] cheese - null
[2023-10-18T18:22:18.243] [DEBUG] cheese - null
[2023-10-18T18:22:18.656] [DEBUG] cheese - login => username:admin,password:123456
[2023-10-18T18:22:18.656] [DEBUG] cheese - admin
[2023-10-18T18:22:18.660] [DEBUG] cheese - null
[2023-10-18T18:22:18.660] [DEBUG] cheese - null
[2023-10-18T18:22:19.072] [DEBUG] cheese - login => username:admin,password:123456
[2023-10-18T18:22:19.072] [DEBUG] cheese - admin
[2023-10-18T18:22:19.074] [DEBUG] cheese - null
[2023-10-18T18:22:19.074] [DEBUG] cheese - null
[2023-10-18T18:22:19.490] [DEBUG] cheese - login => username:admin,password:123456
[2023-10-18T18:22:19.490] [DEBUG] cheese - admin
[2023-10-18T18:22:19.494] [DEBUG] cheese - null
[2023-10-18T18:22:19.494] [DEBUG] cheese - null
[2023-10-18T18:22:19.943] [DEBUG] cheese - login => username:admin,password:123456
[2023-10-18T18:22:19.943] [DEBUG] cheese - admin
[2023-10-18T18:22:19.945] [DEBUG] cheese - null
[2023-10-18T18:22:19.945] [DEBUG] cheese - null
[2023-10-18T18:22:20.353] [DEBUG] cheese - login => username:admin,password:123456
[2023-10-18T18:22:20.353] [DEBUG] cheese - admin
[2023-10-18T18:22:20.358] [DEBUG] cheese - null
[2023-10-18T18:22:20.358] [DEBUG] cheese - null
[2023-10-18T18:22:20.784] [DEBUG] cheese - login => username:admin,password:123456
[2023-10-18T18:22:20.784] [DEBUG] cheese - admin
[2023-10-18T18:22:20.785] [DEBUG] cheese - null
[2023-10-18T18:22:20.785] [DEBUG] cheese - null
[2023-10-18T18:22:21.200] [DEBUG] cheese - login => username:admin,password:123456
[2023-10-18T18:22:21.200] [DEBUG] cheese - admin
[2023-10-18T18:22:21.201] [DEBUG] cheese - null
[2023-10-18T18:22:21.201] [DEBUG] cheese - null
[2023-10-18T18:22:21.630] [DEBUG] cheese - login => username:admin,password:123456
[2023-10-18T18:22:21.630] [DEBUG] cheese - admin
[2023-10-18T18:22:21.632] [DEBUG] cheese - null
[2023-10-18T18:22:21.632] [DEBUG] cheese - null
[2023-10-18T18:22:22.076] [DEBUG] cheese - login => username:admin,password:123456
[2023-10-18T18:22:22.076] [DEBUG] cheese - admin
[2023-10-18T18:22:22.078] [DEBUG] cheese - null
[2023-10-18T18:22:22.078] [DEBUG] cheese - null
[2023-10-18T18:22:22.489] [DEBUG] cheese - login => username:admin,password:123456
[2023-10-18T18:22:22.490] [DEBUG] cheese - admin
[2023-10-18T18:22:22.491] [DEBUG] cheese - null
[2023-10-18T18:22:22.491] [DEBUG] cheese - null
[2023-10-18T18:22:22.921] [DEBUG] cheese - login => username:admin,password:123456
[2023-10-18T18:22:22.921] [DEBUG] cheese - admin
[2023-10-18T18:22:22.922] [DEBUG] cheese - null
[2023-10-18T18:22:22.923] [DEBUG] cheese - null
[2023-10-18T18:22:23.338] [DEBUG] cheese - login => username:admin,password:123456
[2023-10-18T18:22:23.338] [DEBUG] cheese - admin
[2023-10-18T18:22:23.340] [DEBUG] cheese - null
[2023-10-18T18:22:23.340] [DEBUG] cheese - null
[2023-10-18T18:22:23.754] [DEBUG] cheese - login => username:admin,password:123456
[2023-10-18T18:22:23.754] [DEBUG] cheese - admin
[2023-10-18T18:22:23.755] [DEBUG] cheese - null
[2023-10-18T18:22:23.755] [DEBUG] cheese - null
[2023-10-18T18:22:24.207] [DEBUG] cheese - login => username:admin,password:123456
[2023-10-18T18:22:24.207] [DEBUG] cheese - admin
[2023-10-18T18:22:24.208] [DEBUG] cheese - null
[2023-10-18T18:22:24.208] [DEBUG] cheese - null
[2023-10-18T18:22:24.628] [DEBUG] cheese - login => username:admin,password:123456
[2023-10-18T18:22:24.628] [DEBUG] cheese - admin
[2023-10-18T18:22:24.630] [DEBUG] cheese - null
[2023-10-18T18:22:24.630] [DEBUG] cheese - null
[2023-10-18T18:22:25.078] [DEBUG] cheese - login => username:admin,password:123456
[2023-10-18T18:22:25.078] [DEBUG] cheese - admin
[2023-10-18T18:22:25.080] [DEBUG] cheese - null
[2023-10-18T18:22:25.080] [DEBUG] cheese - null
[2023-10-18T18:22:25.489] [DEBUG] cheese - login => username:admin,password:123456
[2023-10-18T18:22:25.489] [DEBUG] cheese - admin
[2023-10-18T18:22:25.490] [DEBUG] cheese - null
[2023-10-18T18:22:25.490] [DEBUG] cheese - null
[2023-10-18T18:22:25.932] [DEBUG] cheese - login => username:admin,password:123456
[2023-10-18T18:22:25.932] [DEBUG] cheese - admin
[2023-10-18T18:22:25.933] [DEBUG] cheese - null
[2023-10-18T18:22:25.933] [DEBUG] cheese - null
[2023-10-18T18:22:26.428] [DEBUG] cheese - login => username:admin,password:123456
[2023-10-18T18:22:26.428] [DEBUG] cheese - admin
[2023-10-18T18:22:26.430] [DEBUG] cheese - null
[2023-10-18T18:22:26.430] [DEBUG] cheese - null
[2023-10-18T18:22:27.026] [DEBUG] cheese - login => username:admin,password:123456
[2023-10-18T18:22:27.026] [DEBUG] cheese - admin
[2023-10-18T18:22:27.028] [DEBUG] cheese - null
[2023-10-18T18:22:27.028] [DEBUG] cheese - null
[2023-10-18T18:22:27.459] [DEBUG] cheese - login => username:admin,password:123456
[2023-10-18T18:22:27.460] [DEBUG] cheese - admin
[2023-10-18T18:22:27.462] [DEBUG] cheese - null
[2023-10-18T18:22:27.462] [DEBUG] cheese - null
[2023-10-18T18:22:27.901] [DEBUG] cheese - login => username:admin,password:123456
[2023-10-18T18:22:27.901] [DEBUG] cheese - admin
[2023-10-18T18:22:27.902] [DEBUG] cheese - null
[2023-10-18T18:22:27.902] [DEBUG] cheese - null
[2023-10-18T18:22:28.324] [DEBUG] cheese - login => username:admin,password:123456
[2023-10-18T18:22:28.324] [DEBUG] cheese - admin
[2023-10-18T18:22:28.325] [DEBUG] cheese - null
[2023-10-18T18:22:28.326] [DEBUG] cheese - null
[2023-10-18T18:22:28.750] [DEBUG] cheese - login => username:admin,password:123456
[2023-10-18T18:22:28.750] [DEBUG] cheese - admin
[2023-10-18T18:22:28.752] [DEBUG] cheese - null
[2023-10-18T18:22:28.752] [DEBUG] cheese - null
[2023-10-18T18:22:29.208] [DEBUG] cheese - login => username:admin,password:123456
[2023-10-18T18:22:29.208] [DEBUG] cheese - admin
[2023-10-18T18:22:29.210] [DEBUG] cheese - null
[2023-10-18T18:22:29.210] [DEBUG] cheese - null
[2023-10-18T18:22:29.660] [DEBUG] cheese - login => username:admin,password:123456
[2023-10-18T18:22:29.660] [DEBUG] cheese - admin
[2023-10-18T18:22:29.661] [DEBUG] cheese - null
[2023-10-18T18:22:29.661] [DEBUG] cheese - null
[2023-10-18T18:22:30.085] [DEBUG] cheese - login => username:admin,password:123456
[2023-10-18T18:22:30.085] [DEBUG] cheese - admin
[2023-10-18T18:22:30.087] [DEBUG] cheese - null
[2023-10-18T18:22:30.087] [DEBUG] cheese - null
[2023-10-18T18:22:30.563] [DEBUG] cheese - login => username:admin,password:123456
[2023-10-18T18:22:30.564] [DEBUG] cheese - admin
[2023-10-18T18:22:30.567] [DEBUG] cheese - null
[2023-10-18T18:22:30.567] [DEBUG] cheese - null
[2023-10-18T18:22:31.128] [DEBUG] cheese - login => username:admin,password:123456
[2023-10-18T18:22:31.128] [DEBUG] cheese - admin
[2023-10-18T18:22:31.130] [DEBUG] cheese - null
[2023-10-18T18:22:31.137] [DEBUG] cheese - null
[2023-10-18T18:22:31.556] [DEBUG] cheese - login => username:admin,password:123456
[2023-10-18T18:22:31.556] [DEBUG] cheese - admin
[2023-10-18T18:22:31.558] [DEBUG] cheese - null
[2023-10-18T18:22:31.558] [DEBUG] cheese - null
[2023-10-18T18:22:31.971] [DEBUG] cheese - login => username:admin,password:123456
[2023-10-18T18:22:31.971] [DEBUG] cheese - admin
[2023-10-18T18:22:31.972] [DEBUG] cheese - null
[2023-10-18T18:22:31.972] [DEBUG] cheese - null
[2023-10-18T18:22:32.383] [DEBUG] cheese - login => username:admin,password:123456
[2023-10-18T18:22:32.384] [DEBUG] cheese - admin
[2023-10-18T18:22:32.386] [DEBUG] cheese - null
[2023-10-18T18:22:32.386] [DEBUG] cheese - null
[2023-10-18T18:22:32.829] [DEBUG] cheese - login => username:admin,password:123456
[2023-10-18T18:22:32.829] [DEBUG] cheese - admin
[2023-10-18T18:22:32.830] [DEBUG] cheese - null
[2023-10-18T18:22:32.830] [DEBUG] cheese - null
[2023-10-18T18:22:33.256] [DEBUG] cheese - login => username:admin,password:123456
[2023-10-18T18:22:33.256] [DEBUG] cheese - admin
[2023-10-18T18:22:33.258] [DEBUG] cheese - null
[2023-10-18T18:22:33.258] [DEBUG] cheese - null
[2023-10-18T18:22:33.729] [DEBUG] cheese - login => username:admin,password:123456
[2023-10-18T18:22:33.730] [DEBUG] cheese - admin
[2023-10-18T18:22:33.731] [DEBUG] cheese - null
[2023-10-18T18:22:33.731] [DEBUG] cheese - null
[2023-10-18T18:22:34.171] [DEBUG] cheese - login => username:admin,password:123456
[2023-10-18T18:22:34.171] [DEBUG] cheese - admin
[2023-10-18T18:22:34.172] [DEBUG] cheese - null
[2023-10-18T18:22:34.172] [DEBUG] cheese - null
[2023-10-18T18:22:34.607] [DEBUG] cheese - login => username:admin,password:123456
[2023-10-18T18:22:34.607] [DEBUG] cheese - admin
[2023-10-18T18:22:34.608] [DEBUG] cheese - null
[2023-10-18T18:22:34.608] [DEBUG] cheese - null
[2023-10-18T18:22:35.016] [DEBUG] cheese - login => username:admin,password:123456
[2023-10-18T18:22:35.016] [DEBUG] cheese - admin
[2023-10-18T18:22:35.018] [DEBUG] cheese - null
[2023-10-18T18:22:35.018] [DEBUG] cheese - null
[2023-10-18T18:22:35.431] [DEBUG] cheese - login => username:admin,password:123456
[2023-10-18T18:22:35.431] [DEBUG] cheese - admin
[2023-10-18T18:22:35.433] [DEBUG] cheese - null
[2023-10-18T18:22:35.433] [DEBUG] cheese - null
[2023-10-18T18:22:35.888] [DEBUG] cheese - login => username:admin,password:123456
[2023-10-18T18:22:35.888] [DEBUG] cheese - admin
[2023-10-18T18:22:35.890] [DEBUG] cheese - null
[2023-10-18T18:22:35.890] [DEBUG] cheese - null
[2023-10-18T18:22:37.207] [DEBUG] cheese - login => username:admin,password:123456
[2023-10-18T18:22:37.208] [DEBUG] cheese - admin
[2023-10-18T18:22:37.225] [DEBUG] cheese - null
[2023-10-18T18:22:37.225] [DEBUG] cheese - null
[2023-10-18T18:22:44.057] [DEBUG] cheese - login => username:admin,password:123456
[2023-10-18T18:22:44.058] [DEBUG] cheese - admin
[2023-10-18T18:22:44.079] [DEBUG] cheese - null
[2023-10-18T18:22:44.079] [DEBUG] cheese - null
[2023-10-18T18:22:46.412] [DEBUG] cheese - login => username:admin,password:123456
[2023-10-18T18:22:46.412] [DEBUG] cheese - admin
[2023-10-18T18:22:46.414] [DEBUG] cheese - null
[2023-10-18T18:22:46.414] [DEBUG] cheese - null
[2023-10-18T18:34:29.158] [DEBUG] cheese - login => username:admin,password:123456
[2023-10-18T18:34:29.161] [DEBUG] cheese - admin
[2023-10-18T18:34:29.210] [DEBUG] cheese - null
[2023-10-18T18:34:29.210] [DEBUG] cheese - null
[2023-10-18T18:34:48.711] [DEBUG] cheese - login => username:admin,password:123456
[2023-10-18T18:34:48.711] [DEBUG] cheese - admin
[2023-10-18T18:34:48.715] [DEBUG] cheese - null
[2023-10-18T18:34:48.715] [DEBUG] cheese - null
[2023-10-18T18:35:34.643] [DEBUG] cheese - login => username:admin,password:123456
[2023-10-18T18:35:34.644] [DEBUG] cheese - admin
[2023-10-18T18:35:34.707] [DEBUG] cheese - null
[2023-10-18T18:35:34.707] [DEBUG] cheese - null
[2023-10-18T18:35:35.494] [DEBUG] cheese - login => username:admin,password:123456
[2023-10-18T18:35:35.494] [DEBUG] cheese - admin
[2023-10-18T18:35:35.497] [DEBUG] cheese - null
[2023-10-18T18:35:35.497] [DEBUG] cheese - null
[2023-10-18T18:35:35.955] [DEBUG] cheese - login => username:admin,password:123456
[2023-10-18T18:35:35.955] [DEBUG] cheese - admin
[2023-10-18T18:35:35.957] [DEBUG] cheese - null
[2023-10-18T18:35:35.957] [DEBUG] cheese - null
[2023-10-18T18:35:36.391] [DEBUG] cheese - login => username:admin,password:123456
[2023-10-18T18:35:36.391] [DEBUG] cheese - admin
[2023-10-18T18:35:36.394] [DEBUG] cheese - null
[2023-10-18T18:35:36.394] [DEBUG] cheese - null
[2023-10-18T18:35:36.808] [DEBUG] cheese - login => username:admin,password:123456
[2023-10-18T18:35:36.808] [DEBUG] cheese - admin
[2023-10-18T18:35:36.811] [DEBUG] cheese - null
[2023-10-18T18:35:36.811] [DEBUG] cheese - null
[2023-10-18T18:35:37.254] [DEBUG] cheese - login => username:admin,password:123456
[2023-10-18T18:35:37.254] [DEBUG] cheese - admin
[2023-10-18T18:35:37.255] [DEBUG] cheese - null
[2023-10-18T18:35:37.255] [DEBUG] cheese - null
[2023-10-18T18:35:37.665] [DEBUG] cheese - login => username:admin,password:123456
[2023-10-18T18:35:37.665] [DEBUG] cheese - admin
[2023-10-18T18:35:37.667] [DEBUG] cheese - null
[2023-10-18T18:35:37.667] [DEBUG] cheese - null
[2023-10-18T18:35:38.098] [DEBUG] cheese - login => username:admin,password:123456
[2023-10-18T18:35:38.099] [DEBUG] cheese - admin
[2023-10-18T18:35:38.100] [DEBUG] cheese - null
[2023-10-18T18:35:38.100] [DEBUG] cheese - null
[2023-10-18T18:35:38.507] [DEBUG] cheese - login => username:admin,password:123456
[2023-10-18T18:35:38.507] [DEBUG] cheese - admin
[2023-10-18T18:35:38.509] [DEBUG] cheese - null
[2023-10-18T18:35:38.509] [DEBUG] cheese - null
[2023-10-18T18:35:38.921] [DEBUG] cheese - login => username:admin,password:123456
[2023-10-18T18:35:38.921] [DEBUG] cheese - admin
[2023-10-18T18:35:38.923] [DEBUG] cheese - null
[2023-10-18T18:35:38.923] [DEBUG] cheese - null
[2023-10-18T18:35:39.371] [DEBUG] cheese - login => username:admin,password:123456
[2023-10-18T18:35:39.371] [DEBUG] cheese - admin
[2023-10-18T18:35:39.373] [DEBUG] cheese - null
[2023-10-18T18:35:39.373] [DEBUG] cheese - null
[2023-10-18T18:35:39.797] [DEBUG] cheese - login => username:admin,password:123456
[2023-10-18T18:35:39.797] [DEBUG] cheese - admin
[2023-10-18T18:35:39.801] [DEBUG] cheese - null
[2023-10-18T18:35:39.801] [DEBUG] cheese - null
[2023-10-18T18:35:40.222] [DEBUG] cheese - login => username:admin,password:123456
[2023-10-18T18:35:40.222] [DEBUG] cheese - admin
[2023-10-18T18:35:40.224] [DEBUG] cheese - null
[2023-10-18T18:35:40.224] [DEBUG] cheese - null
[2023-10-18T18:35:40.669] [DEBUG] cheese - login => username:admin,password:123456
[2023-10-18T18:35:40.669] [DEBUG] cheese - admin
[2023-10-18T18:35:40.671] [DEBUG] cheese - null
[2023-10-18T18:35:40.671] [DEBUG] cheese - null
[2023-10-18T18:35:41.078] [DEBUG] cheese - login => username:admin,password:123456
[2023-10-18T18:35:41.078] [DEBUG] cheese - admin
[2023-10-18T18:35:41.080] [DEBUG] cheese - null
[2023-10-18T18:35:41.080] [DEBUG] cheese - null
[2023-10-18T18:35:41.495] [DEBUG] cheese - login => username:admin,password:123456
[2023-10-18T18:35:41.496] [DEBUG] cheese - admin
[2023-10-18T18:35:41.497] [DEBUG] cheese - null
[2023-10-18T18:35:41.497] [DEBUG] cheese - null
[2023-10-18T18:35:41.932] [DEBUG] cheese - login => username:admin,password:123456
[2023-10-18T18:35:41.932] [DEBUG] cheese - admin
[2023-10-18T18:35:41.934] [DEBUG] cheese - null
[2023-10-18T18:35:41.934] [DEBUG] cheese - null
[2023-10-18T18:35:42.342] [DEBUG] cheese - login => username:admin,password:123456
[2023-10-18T18:35:42.342] [DEBUG] cheese - admin
[2023-10-18T18:35:42.344] [DEBUG] cheese - null
[2023-10-18T18:35:42.344] [DEBUG] cheese - null
[2023-10-18T18:35:42.804] [DEBUG] cheese - login => username:admin,password:123456
[2023-10-18T18:35:42.805] [DEBUG] cheese - admin
[2023-10-18T18:35:42.806] [DEBUG] cheese - null
[2023-10-18T18:35:42.806] [DEBUG] cheese - null
[2023-10-18T18:35:43.252] [DEBUG] cheese - login => username:admin,password:123456
[2023-10-18T18:35:43.252] [DEBUG] cheese - admin
[2023-10-18T18:35:43.253] [DEBUG] cheese - null
[2023-10-18T18:35:43.253] [DEBUG] cheese - null
[2023-10-18T18:35:43.710] [DEBUG] cheese - login => username:admin,password:123456
[2023-10-18T18:35:43.710] [DEBUG] cheese - admin
[2023-10-18T18:35:43.712] [DEBUG] cheese - null
[2023-10-18T18:35:43.712] [DEBUG] cheese - null
[2023-10-18T18:35:44.140] [DEBUG] cheese - login => username:admin,password:123456
[2023-10-18T18:35:44.141] [DEBUG] cheese - admin
[2023-10-18T18:35:44.142] [DEBUG] cheese - null
[2023-10-18T18:35:44.142] [DEBUG] cheese - null
[2023-10-18T18:35:44.613] [DEBUG] cheese - login => username:admin,password:123456
[2023-10-18T18:35:44.613] [DEBUG] cheese - admin
[2023-10-18T18:35:44.615] [DEBUG] cheese - null
[2023-10-18T18:35:44.615] [DEBUG] cheese - null
[2023-10-18T18:35:45.032] [DEBUG] cheese - login => username:admin,password:123456
[2023-10-18T18:35:45.032] [DEBUG] cheese - admin
[2023-10-18T18:35:45.034] [DEBUG] cheese - null
[2023-10-18T18:35:45.034] [DEBUG] cheese - null
[2023-10-18T18:35:45.455] [DEBUG] cheese - login => username:admin,password:123456
[2023-10-18T18:35:45.455] [DEBUG] cheese - admin
[2023-10-18T18:35:45.456] [DEBUG] cheese - null
[2023-10-18T18:35:45.457] [DEBUG] cheese - null
[2023-10-18T18:35:45.883] [DEBUG] cheese - login => username:admin,password:123456
[2023-10-18T18:35:45.883] [DEBUG] cheese - admin
[2023-10-18T18:35:45.884] [DEBUG] cheese - null
[2023-10-18T18:35:45.885] [DEBUG] cheese - null
[2023-10-18T18:35:46.308] [DEBUG] cheese - login => username:admin,password:123456
[2023-10-18T18:35:46.308] [DEBUG] cheese - admin
[2023-10-18T18:35:46.310] [DEBUG] cheese - null
[2023-10-18T18:35:46.310] [DEBUG] cheese - null
[2023-10-18T18:35:46.742] [DEBUG] cheese - login => username:admin,password:123456
[2023-10-18T18:35:46.743] [DEBUG] cheese - admin
[2023-10-18T18:35:46.746] [DEBUG] cheese - null
[2023-10-18T18:35:46.746] [DEBUG] cheese - null
[2023-10-18T18:35:47.160] [DEBUG] cheese - login => username:admin,password:123456
[2023-10-18T18:35:47.160] [DEBUG] cheese - admin
[2023-10-18T18:35:47.162] [DEBUG] cheese - null
[2023-10-18T18:35:47.163] [DEBUG] cheese - null
[2023-10-18T18:35:47.570] [DEBUG] cheese - login => username:admin,password:123456
[2023-10-18T18:35:47.570] [DEBUG] cheese - admin
[2023-10-18T18:35:47.572] [DEBUG] cheese - null
[2023-10-18T18:35:47.572] [DEBUG] cheese - null
[2023-10-18T18:35:48.011] [DEBUG] cheese - login => username:admin,password:123456
[2023-10-18T18:35:48.012] [DEBUG] cheese - admin
[2023-10-18T18:35:48.014] [DEBUG] cheese - null
[2023-10-18T18:35:48.014] [DEBUG] cheese - null
[2023-10-18T18:35:48.434] [DEBUG] cheese - login => username:admin,password:123456
[2023-10-18T18:35:48.434] [DEBUG] cheese - admin
[2023-10-18T18:35:48.435] [DEBUG] cheese - null
[2023-10-18T18:35:48.435] [DEBUG] cheese - null
[2023-10-18T18:35:48.850] [DEBUG] cheese - login => username:admin,password:123456
[2023-10-18T18:35:48.850] [DEBUG] cheese - admin
[2023-10-18T18:35:48.851] [DEBUG] cheese - null
[2023-10-18T18:35:48.851] [DEBUG] cheese - null
[2023-10-18T18:35:49.279] [DEBUG] cheese - login => username:admin,password:123456
[2023-10-18T18:35:49.279] [DEBUG] cheese - admin
[2023-10-18T18:35:49.280] [DEBUG] cheese - null
[2023-10-18T18:35:49.280] [DEBUG] cheese - null
[2023-10-18T18:35:49.688] [DEBUG] cheese - login => username:admin,password:123456
[2023-10-18T18:35:49.688] [DEBUG] cheese - admin
[2023-10-18T18:35:49.689] [DEBUG] cheese - null
[2023-10-18T18:35:49.689] [DEBUG] cheese - null
[2023-10-18T18:35:50.099] [DEBUG] cheese - login => username:admin,password:123456
[2023-10-18T18:35:50.099] [DEBUG] cheese - admin
[2023-10-18T18:35:50.100] [DEBUG] cheese - null
[2023-10-18T18:35:50.100] [DEBUG] cheese - null
[2023-10-18T18:35:50.551] [DEBUG] cheese - login => username:admin,password:123456
[2023-10-18T18:35:50.551] [DEBUG] cheese - admin
[2023-10-18T18:35:50.556] [DEBUG] cheese - null
[2023-10-18T18:35:50.556] [DEBUG] cheese - null
[2023-10-18T18:35:50.975] [DEBUG] cheese - login => username:admin,password:123456
[2023-10-18T18:35:50.975] [DEBUG] cheese - admin
[2023-10-18T18:35:50.976] [DEBUG] cheese - null
[2023-10-18T18:35:50.976] [DEBUG] cheese - null
[2023-10-18T18:35:51.389] [DEBUG] cheese - login => username:admin,password:123456
[2023-10-18T18:35:51.389] [DEBUG] cheese - admin
[2023-10-18T18:35:51.391] [DEBUG] cheese - null
[2023-10-18T18:35:51.392] [DEBUG] cheese - null
[2023-10-18T18:35:51.866] [DEBUG] cheese - login => username:admin,password:123456
[2023-10-18T18:35:51.866] [DEBUG] cheese - admin
[2023-10-18T18:35:51.868] [DEBUG] cheese - null
[2023-10-18T18:35:51.868] [DEBUG] cheese - null
[2023-10-18T18:35:52.319] [DEBUG] cheese - login => username:admin,password:123456
[2023-10-18T18:35:52.320] [DEBUG] cheese - admin
[2023-10-18T18:35:52.321] [DEBUG] cheese - null
[2023-10-18T18:35:52.321] [DEBUG] cheese - null
[2023-10-18T18:35:52.752] [DEBUG] cheese - login => username:admin,password:123456
[2023-10-18T18:35:52.752] [DEBUG] cheese - admin
[2023-10-18T18:35:52.754] [DEBUG] cheese - null
[2023-10-18T18:35:52.754] [DEBUG] cheese - null
[2023-10-18T18:35:53.204] [DEBUG] cheese - login => username:admin,password:123456
[2023-10-18T18:35:53.205] [DEBUG] cheese - admin
[2023-10-18T18:35:53.206] [DEBUG] cheese - null
[2023-10-18T18:35:53.206] [DEBUG] cheese - null
[2023-10-18T18:35:53.616] [DEBUG] cheese - login => username:admin,password:123456
[2023-10-18T18:35:53.616] [DEBUG] cheese - admin
[2023-10-18T18:35:53.619] [DEBUG] cheese - null
[2023-10-18T18:35:53.619] [DEBUG] cheese - null
[2023-10-18T18:35:54.052] [DEBUG] cheese - login => username:admin,password:123456
[2023-10-18T18:35:54.053] [DEBUG] cheese - admin
[2023-10-18T18:35:54.054] [DEBUG] cheese - null
[2023-10-18T18:35:54.054] [DEBUG] cheese - null
[2023-10-18T18:35:54.467] [DEBUG] cheese - login => username:admin,password:123456
[2023-10-18T18:35:54.467] [DEBUG] cheese - admin
[2023-10-18T18:35:54.469] [DEBUG] cheese - null
[2023-10-18T18:35:54.470] [DEBUG] cheese - null
[2023-10-18T18:35:54.895] [DEBUG] cheese - login => username:admin,password:123456
[2023-10-18T18:35:54.896] [DEBUG] cheese - admin
[2023-10-18T18:35:54.898] [DEBUG] cheese - null
[2023-10-18T18:35:54.898] [DEBUG] cheese - null
[2023-10-18T18:35:55.380] [DEBUG] cheese - login => username:admin,password:123456
[2023-10-18T18:35:55.380] [DEBUG] cheese - admin
[2023-10-18T18:35:55.382] [DEBUG] cheese - null
[2023-10-18T18:35:55.382] [DEBUG] cheese - null
[2023-10-18T18:35:55.809] [DEBUG] cheese - login => username:admin,password:123456
[2023-10-18T18:35:55.809] [DEBUG] cheese - admin
[2023-10-18T18:35:55.811] [DEBUG] cheese - null
[2023-10-18T18:35:55.811] [DEBUG] cheese - null
[2023-10-18T18:35:56.232] [DEBUG] cheese - login => username:admin,password:123456
[2023-10-18T18:35:56.232] [DEBUG] cheese - admin
[2023-10-18T18:35:56.233] [DEBUG] cheese - null
[2023-10-18T18:35:56.233] [DEBUG] cheese - null
[2023-10-18T18:35:56.658] [DEBUG] cheese - login => username:admin,password:123456
[2023-10-18T18:35:56.658] [DEBUG] cheese - admin
[2023-10-18T18:35:56.660] [DEBUG] cheese - null
[2023-10-18T18:35:56.660] [DEBUG] cheese - null
[2023-10-18T18:35:57.121] [DEBUG] cheese - login => username:admin,password:123456
[2023-10-18T18:35:57.121] [DEBUG] cheese - admin
[2023-10-18T18:35:57.123] [DEBUG] cheese - null
[2023-10-18T18:35:57.123] [DEBUG] cheese - null
[2023-10-18T18:35:57.621] [DEBUG] cheese - login => username:admin,password:123456
[2023-10-18T18:35:57.621] [DEBUG] cheese - admin
[2023-10-18T18:35:57.624] [DEBUG] cheese - null
[2023-10-18T18:35:57.624] [DEBUG] cheese - null
[2023-10-18T18:35:58.051] [DEBUG] cheese - login => username:admin,password:123456
[2023-10-18T18:35:58.051] [DEBUG] cheese - admin
[2023-10-18T18:35:58.053] [DEBUG] cheese - null
[2023-10-18T18:35:58.053] [DEBUG] cheese - null
[2023-10-18T18:35:58.495] [DEBUG] cheese - login => username:admin,password:123456
[2023-10-18T18:35:58.495] [DEBUG] cheese - admin
[2023-10-18T18:35:58.496] [DEBUG] cheese - null
[2023-10-18T18:35:58.497] [DEBUG] cheese - null
[2023-10-18T18:35:58.941] [DEBUG] cheese - login => username:admin,password:123456
[2023-10-18T18:35:58.941] [DEBUG] cheese - admin
[2023-10-18T18:35:58.943] [DEBUG] cheese - null
[2023-10-18T18:35:58.943] [DEBUG] cheese - null
[2023-10-18T18:35:59.361] [DEBUG] cheese - login => username:admin,password:123456
[2023-10-18T18:35:59.361] [DEBUG] cheese - admin
[2023-10-18T18:35:59.363] [DEBUG] cheese - null
[2023-10-18T18:35:59.363] [DEBUG] cheese - null
[2023-10-18T18:35:59.787] [DEBUG] cheese - login => username:admin,password:123456
[2023-10-18T18:35:59.787] [DEBUG] cheese - admin
[2023-10-18T18:35:59.788] [DEBUG] cheese - null
[2023-10-18T18:35:59.789] [DEBUG] cheese - null
[2023-10-18T18:36:01.075] [DEBUG] cheese - login => username:admin,password:123456
[2023-10-18T18:36:01.075] [DEBUG] cheese - admin
[2023-10-18T18:36:01.082] [DEBUG] cheese - null
[2023-10-18T18:36:01.082] [DEBUG] cheese - null
[2023-10-18T18:36:01.179] [DEBUG] cheese - login => username:admin,password:123456
[2023-10-18T18:36:01.179] [DEBUG] cheese - admin
[2023-10-18T18:36:01.181] [DEBUG] cheese - null
[2023-10-18T18:36:01.181] [DEBUG] cheese - null
[2023-10-18T18:36:04.815] [DEBUG] cheese - login => username:admin,password:123456
[2023-10-18T18:36:04.816] [DEBUG] cheese - admin
[2023-10-18T18:36:04.821] [DEBUG] cheese - null
[2023-10-18T18:36:04.821] [DEBUG] cheese - null
[2023-10-18T18:36:06.926] [DEBUG] cheese - login => username:admin,password:123456
[2023-10-18T18:36:06.926] [DEBUG] cheese - admin
[2023-10-18T18:36:06.929] [DEBUG] cheese - null
[2023-10-18T18:36:06.929] [DEBUG] cheese - null
[2023-10-18T18:36:53.259] [DEBUG] cheese - login => username:admin,password:123456
[2023-10-18T18:36:53.260] [DEBUG] cheese - admin
[2023-10-18T18:36:53.264] [DEBUG] cheese - null
[2023-10-18T18:36:53.264] [DEBUG] cheese - null
[2023-10-18T18:36:55.347] [DEBUG] cheese - login => username:admin,password:123456
[2023-10-18T18:36:55.347] [DEBUG] cheese - admin
[2023-10-18T18:36:55.357] [DEBUG] cheese - null
[2023-10-18T18:36:55.357] [DEBUG] cheese - null
[2023-10-18T18:56:44.187] [DEBUG] cheese - login => username:admin,password:123456
[2023-10-18T18:56:44.190] [DEBUG] cheese - admin
[2023-10-18T18:56:44.282] [DEBUG] cheese - null
[2023-10-18T18:56:44.282] [DEBUG] cheese - null
[2023-10-18T18:56:46.495] [DEBUG] cheese - login => username:admin,password:123456
[2023-10-18T18:56:46.495] [DEBUG] cheese - admin
[2023-10-18T18:56:46.498] [DEBUG] cheese - null
[2023-10-18T18:56:46.498] [DEBUG] cheese - null
[2023-10-18T18:57:06.110] [DEBUG] cheese - login => username:admin,password:123456
[2023-10-18T18:57:06.110] [DEBUG] cheese - admin
[2023-10-18T18:57:06.112] [DEBUG] cheese - null
[2023-10-18T18:57:06.113] [DEBUG] cheese - null
[2023-10-18T18:57:33.229] [DEBUG] cheese - login => username:admin,password:123456
[2023-10-18T18:57:33.230] [DEBUG] cheese - admin
[2023-10-18T18:57:33.234] [DEBUG] cheese - null
[2023-10-18T18:57:33.234] [DEBUG] cheese - null
[2023-10-18T18:57:35.960] [DEBUG] cheese - login => username:admin,password:123456
[2023-10-18T18:57:35.960] [DEBUG] cheese - admin
[2023-10-18T18:57:35.962] [DEBUG] cheese - null
[2023-10-18T18:57:35.963] [DEBUG] cheese - null
[2023-10-18T18:57:40.187] [DEBUG] cheese - login => username:admin,password:123456
[2023-10-18T18:57:40.188] [DEBUG] cheese - admin
[2023-10-18T18:57:40.191] [DEBUG] cheese - null
[2023-10-18T18:57:40.191] [DEBUG] cheese - null
[2023-10-18T18:57:41.743] [DEBUG] cheese - login => username:admin,password:123456
[2023-10-18T18:57:41.743] [DEBUG] cheese - admin
[2023-10-18T18:57:41.745] [DEBUG] cheese - null
[2023-10-18T18:57:41.745] [DEBUG] cheese - null
[2023-10-18T18:58:14.944] [DEBUG] cheese - login => username:admin,password:123456
[2023-10-18T18:58:14.945] [DEBUG] cheese - admin
[2023-10-18T18:58:14.952] [DEBUG] cheese - null
[2023-10-18T18:58:14.952] [DEBUG] cheese - null
[2023-10-18T18:58:18.136] [DEBUG] cheese - login => username:admin,password:123456
[2023-10-18T18:58:18.136] [DEBUG] cheese - admin
[2023-10-18T18:58:18.137] [DEBUG] cheese - null
[2023-10-18T18:58:18.137] [DEBUG] cheese - null
[2023-10-18T19:01:26.680] [DEBUG] cheese - login => username:admin,password:123456
[2023-10-18T19:01:26.681] [DEBUG] cheese - admin
[2023-10-18T19:01:26.696] [DEBUG] cheese - null
[2023-10-18T19:01:26.697] [DEBUG] cheese - null
[2023-10-18T19:01:29.026] [DEBUG] cheese - login => username:admin,password:123456
[2023-10-18T19:01:29.026] [DEBUG] cheese - admin
[2023-10-18T19:01:29.027] [DEBUG] cheese - null
[2023-10-18T19:01:29.028] [DEBUG] cheese - null
[2023-10-18T19:01:37.780] [DEBUG] cheese - login => username:admin,password:123456
[2023-10-18T19:01:37.780] [DEBUG] cheese - admin
[2023-10-18T19:01:37.784] [DEBUG] cheese - null
[2023-10-18T19:01:37.784] [DEBUG] cheese - null
[2023-10-18T19:01:41.575] [DEBUG] cheese - login => username:admin,password:123456
[2023-10-18T19:01:41.575] [DEBUG] cheese - admin
[2023-10-18T19:01:41.577] [DEBUG] cheese - null
[2023-10-18T19:01:41.577] [DEBUG] cheese - null
[2023-10-18T19:02:09.258] [DEBUG] cheese - login => username:admin,password:123456
[2023-10-18T19:02:09.259] [DEBUG] cheese - admin
[2023-10-18T19:02:09.261] [DEBUG] cheese - null
[2023-10-18T19:02:09.262] [DEBUG] cheese - null
[2023-10-18T19:02:09.696] [DEBUG] cheese - login => username:admin,password:123456
[2023-10-18T19:02:09.696] [DEBUG] cheese - admin
[2023-10-18T19:02:09.703] [DEBUG] cheese - null
[2023-10-18T19:02:09.703] [DEBUG] cheese - null
[2023-10-18T19:02:11.894] [DEBUG] cheese - login => username:admin,password:123456
[2023-10-18T19:02:11.895] [DEBUG] cheese - admin
[2023-10-18T19:02:11.896] [DEBUG] cheese - null
[2023-10-18T19:02:11.896] [DEBUG] cheese - null
[2023-10-18T19:02:18.828] [DEBUG] cheese - login => username:admin,password:123456
[2023-10-18T19:02:18.829] [DEBUG] cheese - admin
[2023-10-18T19:02:18.834] [DEBUG] cheese - null
[2023-10-18T19:02:18.835] [DEBUG] cheese - null
[2023-10-18T19:02:19.089] [DEBUG] cheese - login => username:admin,password:123456
[2023-10-18T19:02:19.089] [DEBUG] cheese - admin
[2023-10-18T19:02:19.092] [DEBUG] cheese - null
[2023-10-18T19:02:19.092] [DEBUG] cheese - null
[2023-10-18T19:02:27.853] [DEBUG] cheese - login => username:admin,password:123456
[2023-10-18T19:02:27.853] [DEBUG] cheese - admin
[2023-10-18T19:02:27.857] [DEBUG] cheese - null
[2023-10-18T19:02:27.857] [DEBUG] cheese - null
[2023-10-18T19:02:29.343] [DEBUG] cheese - login => username:admin,password:123456
[2023-10-18T19:02:29.343] [DEBUG] cheese - admin
[2023-10-18T19:02:29.345] [DEBUG] cheese - null
[2023-10-18T19:02:29.345] [DEBUG] cheese - null
[2023-10-18T19:03:02.853] [DEBUG] cheese - login => username:admin,password:123456
[2023-10-18T19:03:02.854] [DEBUG] cheese - admin
[2023-10-18T19:03:02.859] [DEBUG] cheese - null
[2023-10-18T19:03:02.860] [DEBUG] cheese - null
[2023-10-18T19:03:03.840] [DEBUG] cheese - login => username:admin,password:123456
[2023-10-18T19:03:03.841] [DEBUG] cheese - admin
[2023-10-18T19:03:03.842] [DEBUG] cheese - null
[2023-10-18T19:03:03.842] [DEBUG] cheese - null
[2023-10-18T19:03:30.595] [DEBUG] cheese - login => username:admin,password:123456
[2023-10-18T19:03:30.596] [DEBUG] cheese - admin
[2023-10-18T19:03:30.603] [DEBUG] cheese - null
[2023-10-18T19:03:30.603] [DEBUG] cheese - null
[2023-10-18T19:03:30.816] [DEBUG] cheese - login => username:admin,password:123456
[2023-10-18T19:03:30.816] [DEBUG] cheese - admin
[2023-10-18T19:03:30.818] [DEBUG] cheese - null
[2023-10-18T19:03:30.818] [DEBUG] cheese - null
[2023-10-18T19:03:52.393] [DEBUG] cheese - login => username:admin,password:123456
[2023-10-18T19:03:52.394] [DEBUG] cheese - admin
[2023-10-18T19:03:52.398] [DEBUG] cheese - null
[2023-10-18T19:03:52.398] [DEBUG] cheese - null
[2023-10-18T19:04:01.153] [DEBUG] cheese - login => username:admin,password:123456
[2023-10-18T19:04:01.153] [DEBUG] cheese - admin
[2023-10-18T19:04:01.157] [DEBUG] cheese - null
[2023-10-18T19:04:01.157] [DEBUG] cheese - null
[2023-10-18T19:04:03.375] [DEBUG] cheese - login => username:admin,password:123456
[2023-10-18T19:04:03.376] [DEBUG] cheese - admin
[2023-10-18T19:04:03.377] [DEBUG] cheese - null
[2023-10-18T19:04:03.377] [DEBUG] cheese - null
[2023-10-18T19:05:06.240] [DEBUG] cheese - login => username:admin,password:123456
[2023-10-18T19:05:06.241] [DEBUG] cheese - admin
[2023-10-18T19:05:06.248] [DEBUG] cheese - null
[2023-10-18T19:05:06.248] [DEBUG] cheese - null
[2023-10-18T19:05:11.834] [DEBUG] cheese - login => username:admin,password:123456
[2023-10-18T19:05:11.834] [DEBUG] cheese - admin
[2023-10-18T19:05:11.837] [DEBUG] cheese - null
[2023-10-18T19:05:11.837] [DEBUG] cheese - null
[2023-10-18T19:05:15.009] [DEBUG] cheese - login => username:admin,password:123456
[2023-10-18T19:05:15.009] [DEBUG] cheese - admin
[2023-10-18T19:05:15.011] [DEBUG] cheese - null
[2023-10-18T19:05:15.012] [DEBUG] cheese - null
[2023-10-18T19:05:16.214] [DEBUG] cheese - login => username:admin,password:123456
[2023-10-18T19:05:16.214] [DEBUG] cheese - admin
[2023-10-18T19:05:16.219] [DEBUG] cheese - null
[2023-10-18T19:05:16.219] [DEBUG] cheese - null
[2023-10-18T19:05:26.182] [DEBUG] cheese - login => username:admin,password:123456
[2023-10-18T19:05:26.183] [DEBUG] cheese - admin
[2023-10-18T19:05:26.188] [DEBUG] cheese - null
[2023-10-18T19:05:26.188] [DEBUG] cheese - null
[2023-10-18T19:05:32.887] [DEBUG] cheese - login => username:admin,password:123456
[2023-10-18T19:05:32.888] [DEBUG] cheese - admin
[2023-10-18T19:05:32.892] [DEBUG] cheese - null
[2023-10-18T19:05:32.892] [DEBUG] cheese - null
[2023-10-18T19:05:35.725] [DEBUG] cheese - login => username:admin,password:123456
[2023-10-18T19:05:35.725] [DEBUG] cheese - admin
[2023-10-18T19:05:35.726] [DEBUG] cheese - null
[2023-10-18T19:05:35.726] [DEBUG] cheese - null
[2023-10-18T19:06:02.743] [DEBUG] cheese - login => username:admin,password:123456
[2023-10-18T19:06:02.744] [DEBUG] cheese - admin
[2023-10-18T19:06:02.749] [DEBUG] cheese - null
[2023-10-18T19:06:02.749] [DEBUG] cheese - null
[2023-10-18T19:06:02.858] [DEBUG] cheese - login => username:admin,password:123456
[2023-10-18T19:06:02.858] [DEBUG] cheese - admin
[2023-10-18T19:06:02.861] [DEBUG] cheese - null
[2023-10-18T19:06:02.862] [DEBUG] cheese - null
[2023-10-18T19:08:12.392] [DEBUG] cheese - login => username:admin,password:123456
[2023-10-18T19:08:12.393] [DEBUG] cheese - admin
[2023-10-18T19:08:12.397] [DEBUG] cheese - null
[2023-10-18T19:08:12.397] [DEBUG] cheese - null
[2023-10-18T19:08:19.766] [DEBUG] cheese - login => username:admin,password:123456
[2023-10-18T19:08:19.767] [DEBUG] cheese - admin
[2023-10-18T19:08:19.775] [DEBUG] cheese - null
[2023-10-18T19:08:19.775] [DEBUG] cheese - null
[2023-10-18T19:08:20.621] [DEBUG] cheese - login => username:admin,password:123456
[2023-10-18T19:08:20.621] [DEBUG] cheese - admin
[2023-10-18T19:08:20.622] [DEBUG] cheese - null
[2023-10-18T19:08:20.622] [DEBUG] cheese - null
[2023-10-18T19:08:26.750] [DEBUG] cheese - login => username:admin,password:123456
[2023-10-18T19:08:26.750] [DEBUG] cheese - admin
[2023-10-18T19:08:26.754] [DEBUG] cheese - null
[2023-10-18T19:08:26.755] [DEBUG] cheese - null
[2023-10-18T19:08:27.655] [DEBUG] cheese - login => username:admin,password:123456
[2023-10-18T19:08:27.655] [DEBUG] cheese - admin
[2023-10-18T19:08:27.657] [DEBUG] cheese - null
[2023-10-18T19:08:27.657] [DEBUG] cheese - null
[2023-10-18T19:09:32.910] [DEBUG] cheese - login => username:admin,password:123456
[2023-10-18T19:09:32.911] [DEBUG] cheese - admin
[2023-10-18T19:09:32.919] [DEBUG] cheese - null
[2023-10-18T19:09:32.919] [DEBUG] cheese - null
[2023-10-18T19:11:37.322] [DEBUG] cheese - login => username:admin,password:123456
[2023-10-18T19:11:37.322] [DEBUG] cheese - admin
[2023-10-18T19:11:37.326] [DEBUG] cheese - null
[2023-10-18T19:11:37.326] [DEBUG] cheese - null
[2023-10-18T19:11:54.495] [DEBUG] cheese - login => username:admin,password:123456
[2023-10-18T19:11:54.496] [DEBUG] cheese - admin
[2023-10-18T19:11:54.500] [DEBUG] cheese - null
[2023-10-18T19:11:54.501] [DEBUG] cheese - null
[2023-10-18T19:12:14.774] [DEBUG] cheese - login => username:admin,password:123456
[2023-10-18T19:12:14.775] [DEBUG] cheese - admin
[2023-10-18T19:12:14.780] [DEBUG] cheese - null
[2023-10-18T19:12:14.780] [DEBUG] cheese - null
[2023-10-18T19:12:17.271] [DEBUG] cheese - login => username:admin,password:123456
[2023-10-18T19:12:17.271] [DEBUG] cheese - admin
[2023-10-18T19:12:17.274] [DEBUG] cheese - null
[2023-10-18T19:12:17.274] [DEBUG] cheese - null
[2023-10-18T19:12:37.989] [DEBUG] cheese - login => username:admin,password:123456
[2023-10-18T19:12:37.989] [DEBUG] cheese - admin
[2023-10-18T19:12:37.993] [DEBUG] cheese - null
[2023-10-18T19:12:37.994] [DEBUG] cheese - null
[2023-10-18T19:12:38.786] [DEBUG] cheese - login => username:admin,password:123456
[2023-10-18T19:12:38.786] [DEBUG] cheese - admin
[2023-10-18T19:12:38.790] [DEBUG] cheese - null
[2023-10-18T19:12:38.790] [DEBUG] cheese - null
[2023-10-18T19:13:34.555] [DEBUG] cheese - login => username:admin,password:123456
[2023-10-18T19:13:34.555] [DEBUG] cheese - admin
[2023-10-18T19:13:34.559] [DEBUG] cheese - null
[2023-10-18T19:13:34.559] [DEBUG] cheese - null
[2023-10-18T19:13:35.224] [DEBUG] cheese - login => username:admin,password:123456
[2023-10-18T19:13:35.224] [DEBUG] cheese - admin
[2023-10-18T19:13:35.226] [DEBUG] cheese - null
[2023-10-18T19:13:35.226] [DEBUG] cheese - null
[2023-10-18T19:14:04.503] [DEBUG] cheese - login => username:admin,password:123456
[2023-10-18T19:14:04.504] [DEBUG] cheese - admin
[2023-10-18T19:14:04.508] [DEBUG] cheese - null
[2023-10-18T19:14:04.508] [DEBUG] cheese - null
[2023-10-18T19:14:08.404] [DEBUG] cheese - login => username:admin,password:123456
[2023-10-18T19:14:08.404] [DEBUG] cheese - admin
[2023-10-18T19:14:08.406] [DEBUG] cheese - null
[2023-10-18T19:14:08.406] [DEBUG] cheese - null
[2023-10-18T19:15:11.804] [DEBUG] cheese - login => username:admin,password:123456
[2023-10-18T19:15:11.805] [DEBUG] cheese - admin
[2023-10-18T19:15:11.809] [DEBUG] cheese - null
[2023-10-18T19:15:11.809] [DEBUG] cheese - null
[2023-10-18T19:25:57.507] [DEBUG] cheese - login => username:admin,password:123456
[2023-10-18T19:25:57.510] [DEBUG] cheese - admin
[2023-10-18T19:25:57.569] [DEBUG] cheese - null
[2023-10-18T19:25:57.569] [DEBUG] cheese - null
[2023-10-18T19:25:59.233] [DEBUG] cheese - login => username:admin,password:123456
[2023-10-18T19:25:59.233] [DEBUG] cheese - admin
[2023-10-18T19:25:59.235] [DEBUG] cheese - null
[2023-10-18T19:25:59.235] [DEBUG] cheese - null
[2023-10-18T19:27:01.624] [DEBUG] cheese - login => username:admin,password:123456
[2023-10-18T19:27:01.624] [DEBUG] cheese - admin
[2023-10-18T19:27:01.628] [DEBUG] cheese - null
[2023-10-18T19:27:01.629] [DEBUG] cheese - null
[2023-10-18T19:27:19.489] [DEBUG] cheese - login => username:admin,password:123456
[2023-10-18T19:27:19.490] [DEBUG] cheese - admin
[2023-10-18T19:27:19.504] [DEBUG] cheese - null
[2023-10-18T19:27:19.504] [DEBUG] cheese - null
[2023-10-18T19:27:19.638] [DEBUG] cheese - login => username:admin,password:123456
[2023-10-18T19:27:19.639] [DEBUG] cheese - admin
[2023-10-18T19:27:19.640] [DEBUG] cheese - null
[2023-10-18T19:27:19.640] [DEBUG] cheese - null
[2023-10-18T19:27:19.755] [DEBUG] cheese - login => username:admin,password:123456
[2023-10-18T19:27:19.756] [DEBUG] cheese - admin
[2023-10-18T19:27:19.760] [DEBUG] cheese - null
[2023-10-18T19:27:19.760] [DEBUG] cheese - null
[2023-10-18T19:27:19.876] [DEBUG] cheese - login => username:admin,password:123456
[2023-10-18T19:27:19.876] [DEBUG] cheese - admin
[2023-10-18T19:27:19.877] [DEBUG] cheese - null
[2023-10-18T19:27:19.877] [DEBUG] cheese - null
[2023-10-18T19:27:19.994] [DEBUG] cheese - login => username:admin,password:123456
[2023-10-18T19:27:19.994] [DEBUG] cheese - admin
[2023-10-18T19:27:20.004] [DEBUG] cheese - null
[2023-10-18T19:27:20.004] [DEBUG] cheese - null
[2023-10-18T19:27:20.124] [DEBUG] cheese - login => username:admin,password:123456
[2023-10-18T19:27:20.124] [DEBUG] cheese - admin
[2023-10-18T19:27:20.126] [DEBUG] cheese - null
[2023-10-18T19:27:20.126] [DEBUG] cheese - null
[2023-10-18T19:27:20.240] [DEBUG] cheese - login => username:admin,password:123456
[2023-10-18T19:27:20.240] [DEBUG] cheese - admin
[2023-10-18T19:27:20.242] [DEBUG] cheese - null
[2023-10-18T19:27:20.242] [DEBUG] cheese - null
[2023-10-18T19:27:20.366] [DEBUG] cheese - login => username:admin,password:123456
[2023-10-18T19:27:20.366] [DEBUG] cheese - admin
[2023-10-18T19:27:20.367] [DEBUG] cheese - null
[2023-10-18T19:27:20.367] [DEBUG] cheese - null
[2023-10-18T19:27:20.486] [DEBUG] cheese - login => username:admin,password:123456
[2023-10-18T19:27:20.486] [DEBUG] cheese - admin
[2023-10-18T19:27:20.488] [DEBUG] cheese - null
[2023-10-18T19:27:20.488] [DEBUG] cheese - null
[2023-10-18T19:27:20.616] [DEBUG] cheese - login => username:admin,password:123456
[2023-10-18T19:27:20.616] [DEBUG] cheese - admin
[2023-10-18T19:27:20.618] [DEBUG] cheese - null
[2023-10-18T19:27:20.618] [DEBUG] cheese - null
[2023-10-18T19:27:20.739] [DEBUG] cheese - login => username:admin,password:123456
[2023-10-18T19:27:20.739] [DEBUG] cheese - admin
[2023-10-18T19:27:20.740] [DEBUG] cheese - null
[2023-10-18T19:27:20.740] [DEBUG] cheese - null
[2023-10-18T19:27:20.872] [DEBUG] cheese - login => username:admin,password:123456
[2023-10-18T19:27:20.872] [DEBUG] cheese - admin
[2023-10-18T19:27:20.875] [DEBUG] cheese - null
[2023-10-18T19:27:20.875] [DEBUG] cheese - null
[2023-10-18T19:27:21.013] [DEBUG] cheese - login => username:admin,password:123456
[2023-10-18T19:27:21.013] [DEBUG] cheese - admin
[2023-10-18T19:27:21.014] [DEBUG] cheese - null
[2023-10-18T19:27:21.014] [DEBUG] cheese - null
[2023-10-18T19:27:21.132] [DEBUG] cheese - login => username:admin,password:123456
[2023-10-18T19:27:21.133] [DEBUG] cheese - admin
[2023-10-18T19:27:21.134] [DEBUG] cheese - null
[2023-10-18T19:27:21.134] [DEBUG] cheese - null
[2023-10-18T19:27:21.257] [DEBUG] cheese - login => username:admin,password:123456
[2023-10-18T19:27:21.274] [DEBUG] cheese - admin
[2023-10-18T19:27:21.275] [DEBUG] cheese - null
[2023-10-18T19:27:21.275] [DEBUG] cheese - null
[2023-10-18T19:27:21.393] [DEBUG] cheese - login => username:admin,password:123456
[2023-10-18T19:27:21.393] [DEBUG] cheese - admin
[2023-10-18T19:27:21.395] [DEBUG] cheese - null
[2023-10-18T19:27:21.395] [DEBUG] cheese - null
[2023-10-18T19:27:21.505] [DEBUG] cheese - login => username:admin,password:123456
[2023-10-18T19:27:21.505] [DEBUG] cheese - admin
[2023-10-18T19:27:21.509] [DEBUG] cheese - null
[2023-10-18T19:27:21.509] [DEBUG] cheese - null
[2023-10-18T19:27:21.633] [DEBUG] cheese - login => username:admin,password:123456
[2023-10-18T19:27:21.633] [DEBUG] cheese - admin
[2023-10-18T19:27:21.634] [DEBUG] cheese - null
[2023-10-18T19:27:21.634] [DEBUG] cheese - null
[2023-10-18T19:27:21.757] [DEBUG] cheese - login => username:admin,password:123456
[2023-10-18T19:27:21.757] [DEBUG] cheese - admin
[2023-10-18T19:27:21.758] [DEBUG] cheese - null
[2023-10-18T19:27:21.758] [DEBUG] cheese - null
[2023-10-18T19:27:21.868] [DEBUG] cheese - login => username:admin,password:123456
[2023-10-18T19:27:21.868] [DEBUG] cheese - admin
[2023-10-18T19:27:21.869] [DEBUG] cheese - null
[2023-10-18T19:27:21.869] [DEBUG] cheese - null
[2023-10-18T19:27:21.986] [DEBUG] cheese - login => username:admin,password:123456
[2023-10-18T19:27:21.986] [DEBUG] cheese - admin
[2023-10-18T19:27:21.988] [DEBUG] cheese - null
[2023-10-18T19:27:21.988] [DEBUG] cheese - null
[2023-10-18T19:27:22.113] [DEBUG] cheese - login => username:admin,password:123456
[2023-10-18T19:27:22.113] [DEBUG] cheese - admin
[2023-10-18T19:27:22.114] [DEBUG] cheese - null
[2023-10-18T19:27:22.114] [DEBUG] cheese - null
[2023-10-18T19:27:22.227] [DEBUG] cheese - login => username:admin,password:123456
[2023-10-18T19:27:22.227] [DEBUG] cheese - admin
[2023-10-18T19:27:22.229] [DEBUG] cheese - null
[2023-10-18T19:27:22.229] [DEBUG] cheese - null
[2023-10-18T19:27:22.351] [DEBUG] cheese - login => username:admin,password:123456
[2023-10-18T19:27:22.352] [DEBUG] cheese - admin
[2023-10-18T19:27:22.354] [DEBUG] cheese - null
[2023-10-18T19:27:22.354] [DEBUG] cheese - null
[2023-10-18T19:27:22.477] [DEBUG] cheese - login => username:admin,password:123456
[2023-10-18T19:27:22.477] [DEBUG] cheese - admin
[2023-10-18T19:27:22.478] [DEBUG] cheese - null
[2023-10-18T19:27:22.479] [DEBUG] cheese - null
[2023-10-18T19:27:22.595] [DEBUG] cheese - login => username:admin,password:123456
[2023-10-18T19:27:22.595] [DEBUG] cheese - admin
[2023-10-18T19:27:22.598] [DEBUG] cheese - null
[2023-10-18T19:27:22.598] [DEBUG] cheese - null
[2023-10-18T19:27:22.711] [DEBUG] cheese - login => username:admin,password:123456
[2023-10-18T19:27:22.711] [DEBUG] cheese - admin
[2023-10-18T19:27:22.712] [DEBUG] cheese - null
[2023-10-18T19:27:22.712] [DEBUG] cheese - null
[2023-10-18T19:27:22.828] [DEBUG] cheese - login => username:admin,password:123456
[2023-10-18T19:27:22.828] [DEBUG] cheese - admin
[2023-10-18T19:27:22.830] [DEBUG] cheese - null
[2023-10-18T19:27:22.830] [DEBUG] cheese - null
[2023-10-18T19:27:22.945] [DEBUG] cheese - login => username:admin,password:123456
[2023-10-18T19:27:22.945] [DEBUG] cheese - admin
[2023-10-18T19:27:22.946] [DEBUG] cheese - null
[2023-10-18T19:27:22.946] [DEBUG] cheese - null
[2023-10-18T19:27:23.058] [DEBUG] cheese - login => username:admin,password:123456
[2023-10-18T19:27:23.058] [DEBUG] cheese - admin
[2023-10-18T19:27:23.059] [DEBUG] cheese - null
[2023-10-18T19:27:23.059] [DEBUG] cheese - null
[2023-10-18T19:27:23.173] [DEBUG] cheese - login => username:admin,password:123456
[2023-10-18T19:27:23.173] [DEBUG] cheese - admin
[2023-10-18T19:27:23.174] [DEBUG] cheese - null
[2023-10-18T19:27:23.174] [DEBUG] cheese - null
[2023-10-18T19:27:23.286] [DEBUG] cheese - login => username:admin,password:123456
[2023-10-18T19:27:23.286] [DEBUG] cheese - admin
[2023-10-18T19:27:23.287] [DEBUG] cheese - null
[2023-10-18T19:27:23.287] [DEBUG] cheese - null
[2023-10-18T19:27:23.415] [DEBUG] cheese - login => username:admin,password:123456
[2023-10-18T19:27:23.415] [DEBUG] cheese - admin
[2023-10-18T19:27:23.415] [DEBUG] cheese - null
[2023-10-18T19:27:23.415] [DEBUG] cheese - null
[2023-10-18T19:27:23.532] [DEBUG] cheese - login => username:admin,password:123456
[2023-10-18T19:27:23.532] [DEBUG] cheese - admin
[2023-10-18T19:27:23.533] [DEBUG] cheese - null
[2023-10-18T19:27:23.533] [DEBUG] cheese - null
[2023-10-18T19:27:23.648] [DEBUG] cheese - login => username:admin,password:123456
[2023-10-18T19:27:23.648] [DEBUG] cheese - admin
[2023-10-18T19:27:23.649] [DEBUG] cheese - null
[2023-10-18T19:27:23.649] [DEBUG] cheese - null
[2023-10-18T19:27:23.770] [DEBUG] cheese - login => username:admin,password:123456
[2023-10-18T19:27:23.770] [DEBUG] cheese - admin
[2023-10-18T19:27:23.771] [DEBUG] cheese - null
[2023-10-18T19:27:23.771] [DEBUG] cheese - null
[2023-10-18T19:27:23.899] [DEBUG] cheese - login => username:admin,password:123456
[2023-10-18T19:27:23.899] [DEBUG] cheese - admin
[2023-10-18T19:27:23.900] [DEBUG] cheese - null
[2023-10-18T19:27:23.900] [DEBUG] cheese - null
[2023-10-18T19:27:24.017] [DEBUG] cheese - login => username:admin,password:123456
[2023-10-18T19:27:24.017] [DEBUG] cheese - admin
[2023-10-18T19:27:24.018] [DEBUG] cheese - null
[2023-10-18T19:27:24.018] [DEBUG] cheese - null
[2023-10-18T19:27:24.134] [DEBUG] cheese - login => username:admin,password:123456
[2023-10-18T19:27:24.134] [DEBUG] cheese - admin
[2023-10-18T19:27:24.136] [DEBUG] cheese - null
[2023-10-18T19:27:24.136] [DEBUG] cheese - null
[2023-10-18T19:27:24.254] [DEBUG] cheese - login => username:admin,password:123456
[2023-10-18T19:27:24.254] [DEBUG] cheese - admin
[2023-10-18T19:27:24.255] [DEBUG] cheese - null
[2023-10-18T19:27:24.255] [DEBUG] cheese - null
[2023-10-18T19:27:24.372] [DEBUG] cheese - login => username:admin,password:123456
[2023-10-18T19:27:24.372] [DEBUG] cheese - admin
[2023-10-18T19:27:24.373] [DEBUG] cheese - null
[2023-10-18T19:27:24.374] [DEBUG] cheese - null
[2023-10-18T19:27:24.488] [DEBUG] cheese - login => username:admin,password:123456
[2023-10-18T19:27:24.488] [DEBUG] cheese - admin
[2023-10-18T19:27:24.491] [DEBUG] cheese - null
[2023-10-18T19:27:24.491] [DEBUG] cheese - null
[2023-10-18T19:27:24.614] [DEBUG] cheese - login => username:admin,password:123456
[2023-10-18T19:27:24.614] [DEBUG] cheese - admin
[2023-10-18T19:27:24.615] [DEBUG] cheese - null
[2023-10-18T19:27:24.615] [DEBUG] cheese - null
[2023-10-18T19:27:24.734] [DEBUG] cheese - login => username:admin,password:123456
[2023-10-18T19:27:24.734] [DEBUG] cheese - admin
[2023-10-18T19:27:24.735] [DEBUG] cheese - null
[2023-10-18T19:27:24.735] [DEBUG] cheese - null
[2023-10-18T19:27:24.858] [DEBUG] cheese - login => username:admin,password:123456
[2023-10-18T19:27:24.858] [DEBUG] cheese - admin
[2023-10-18T19:27:24.859] [DEBUG] cheese - null
[2023-10-18T19:27:24.859] [DEBUG] cheese - null
[2023-10-18T19:27:24.973] [DEBUG] cheese - login => username:admin,password:123456
[2023-10-18T19:27:24.973] [DEBUG] cheese - admin
[2023-10-18T19:27:24.974] [DEBUG] cheese - null
[2023-10-18T19:27:24.974] [DEBUG] cheese - null
[2023-10-18T19:27:25.098] [DEBUG] cheese - login => username:admin,password:123456
[2023-10-18T19:27:25.099] [DEBUG] cheese - admin
[2023-10-18T19:27:25.100] [DEBUG] cheese - null
[2023-10-18T19:27:25.100] [DEBUG] cheese - null
[2023-10-18T19:27:25.216] [DEBUG] cheese - login => username:admin,password:123456
[2023-10-18T19:27:25.216] [DEBUG] cheese - admin
[2023-10-18T19:27:25.217] [DEBUG] cheese - null
[2023-10-18T19:27:25.217] [DEBUG] cheese - null
[2023-10-18T19:27:25.337] [DEBUG] cheese - login => username:admin,password:123456
[2023-10-18T19:27:25.337] [DEBUG] cheese - admin
[2023-10-18T19:27:25.339] [DEBUG] cheese - null
[2023-10-18T19:27:25.339] [DEBUG] cheese - null
[2023-10-18T19:27:25.481] [DEBUG] cheese - login => username:admin,password:123456
[2023-10-18T19:27:25.481] [DEBUG] cheese - admin
[2023-10-18T19:27:25.482] [DEBUG] cheese - null
[2023-10-18T19:27:25.482] [DEBUG] cheese - null
[2023-10-18T19:27:25.609] [DEBUG] cheese - login => username:admin,password:123456
[2023-10-18T19:27:25.609] [DEBUG] cheese - admin
[2023-10-18T19:27:25.611] [DEBUG] cheese - null
[2023-10-18T19:27:25.611] [DEBUG] cheese - null
[2023-10-18T19:27:25.731] [DEBUG] cheese - login => username:admin,password:123456
[2023-10-18T19:27:25.731] [DEBUG] cheese - admin
[2023-10-18T19:27:25.732] [DEBUG] cheese - null
[2023-10-18T19:27:25.732] [DEBUG] cheese - null
[2023-10-18T19:27:25.849] [DEBUG] cheese - login => username:admin,password:123456
[2023-10-18T19:27:25.849] [DEBUG] cheese - admin
[2023-10-18T19:27:25.850] [DEBUG] cheese - null
[2023-10-18T19:27:25.850] [DEBUG] cheese - null
[2023-10-18T19:27:25.968] [DEBUG] cheese - login => username:admin,password:123456
[2023-10-18T19:27:25.968] [DEBUG] cheese - admin
[2023-10-18T19:27:25.969] [DEBUG] cheese - null
[2023-10-18T19:27:25.969] [DEBUG] cheese - null
[2023-10-18T19:27:26.092] [DEBUG] cheese - login => username:admin,password:123456
[2023-10-18T19:27:26.092] [DEBUG] cheese - admin
[2023-10-18T19:27:26.094] [DEBUG] cheese - null
[2023-10-18T19:27:26.094] [DEBUG] cheese - null
[2023-10-18T19:27:26.219] [DEBUG] cheese - login => username:admin,password:123456
[2023-10-18T19:27:26.219] [DEBUG] cheese - admin
[2023-10-18T19:27:26.220] [DEBUG] cheese - null
[2023-10-18T19:27:26.220] [DEBUG] cheese - null
[2023-10-18T19:27:26.338] [DEBUG] cheese - login => username:admin,password:123456
[2023-10-18T19:27:26.338] [DEBUG] cheese - admin
[2023-10-18T19:27:26.339] [DEBUG] cheese - null
[2023-10-18T19:27:26.339] [DEBUG] cheese - null
[2023-10-18T19:27:26.460] [DEBUG] cheese - login => username:admin,password:123456
[2023-10-18T19:27:26.460] [DEBUG] cheese - admin
[2023-10-18T19:27:26.463] [DEBUG] cheese - null
[2023-10-18T19:27:26.463] [DEBUG] cheese - null
[2023-10-18T19:27:26.586] [DEBUG] cheese - login => username:admin,password:123456
[2023-10-18T19:27:26.586] [DEBUG] cheese - admin
[2023-10-18T19:27:26.587] [DEBUG] cheese - null
[2023-10-18T19:27:26.587] [DEBUG] cheese - null
[2023-10-18T19:27:26.707] [DEBUG] cheese - login => username:admin,password:123456
[2023-10-18T19:27:26.707] [DEBUG] cheese - admin
[2023-10-18T19:27:26.708] [DEBUG] cheese - null
[2023-10-18T19:27:26.709] [DEBUG] cheese - null
[2023-10-18T19:27:26.825] [DEBUG] cheese - login => username:admin,password:123456
[2023-10-18T19:27:26.825] [DEBUG] cheese - admin
[2023-10-18T19:27:26.826] [DEBUG] cheese - null
[2023-10-18T19:27:26.826] [DEBUG] cheese - null
[2023-10-18T19:27:26.940] [DEBUG] cheese - login => username:admin,password:123456
[2023-10-18T19:27:26.940] [DEBUG] cheese - admin
[2023-10-18T19:27:26.941] [DEBUG] cheese - null
[2023-10-18T19:27:26.941] [DEBUG] cheese - null
[2023-10-18T19:27:27.074] [DEBUG] cheese - login => username:admin,password:123456
[2023-10-18T19:27:27.074] [DEBUG] cheese - admin
[2023-10-18T19:27:27.075] [DEBUG] cheese - null
[2023-10-18T19:27:27.075] [DEBUG] cheese - null
[2023-10-18T19:27:27.197] [DEBUG] cheese - login => username:admin,password:123456
[2023-10-18T19:27:27.197] [DEBUG] cheese - admin
[2023-10-18T19:27:27.199] [DEBUG] cheese - null
[2023-10-18T19:27:27.199] [DEBUG] cheese - null
[2023-10-18T19:27:27.319] [DEBUG] cheese - login => username:admin,password:123456
[2023-10-18T19:27:27.319] [DEBUG] cheese - admin
[2023-10-18T19:27:27.321] [DEBUG] cheese - null
[2023-10-18T19:27:27.321] [DEBUG] cheese - null
[2023-10-18T19:27:27.449] [DEBUG] cheese - login => username:admin,password:123456
[2023-10-18T19:27:27.449] [DEBUG] cheese - admin
[2023-10-18T19:27:27.450] [DEBUG] cheese - null
[2023-10-18T19:27:27.450] [DEBUG] cheese - null
[2023-10-18T19:27:27.579] [DEBUG] cheese - login => username:admin,password:123456
[2023-10-18T19:27:27.579] [DEBUG] cheese - admin
[2023-10-18T19:27:27.581] [DEBUG] cheese - null
[2023-10-18T19:27:27.581] [DEBUG] cheese - null
[2023-10-18T19:27:27.702] [DEBUG] cheese - login => username:admin,password:123456
[2023-10-18T19:27:27.702] [DEBUG] cheese - admin
[2023-10-18T19:27:27.703] [DEBUG] cheese - null
[2023-10-18T19:27:27.703] [DEBUG] cheese - null
[2023-10-18T19:27:27.824] [DEBUG] cheese - login => username:admin,password:123456
[2023-10-18T19:27:27.824] [DEBUG] cheese - admin
[2023-10-18T19:27:27.826] [DEBUG] cheese - null
[2023-10-18T19:27:27.826] [DEBUG] cheese - null
[2023-10-18T19:27:27.954] [DEBUG] cheese - login => username:admin,password:123456
[2023-10-18T19:27:27.954] [DEBUG] cheese - admin
[2023-10-18T19:27:27.956] [DEBUG] cheese - null
[2023-10-18T19:27:27.956] [DEBUG] cheese - null
[2023-10-18T19:27:28.086] [DEBUG] cheese - login => username:admin,password:123456
[2023-10-18T19:27:28.086] [DEBUG] cheese - admin
[2023-10-18T19:27:28.090] [DEBUG] cheese - null
[2023-10-18T19:27:28.091] [DEBUG] cheese - null
[2023-10-18T19:27:28.231] [DEBUG] cheese - login => username:admin,password:123456
[2023-10-18T19:27:28.231] [DEBUG] cheese - admin
[2023-10-18T19:27:28.232] [DEBUG] cheese - null
[2023-10-18T19:27:28.232] [DEBUG] cheese - null
[2023-10-18T19:27:28.427] [DEBUG] cheese - login => username:admin,password:123456
[2023-10-18T19:27:28.427] [DEBUG] cheese - admin
[2023-10-18T19:27:28.429] [DEBUG] cheese - null
[2023-10-18T19:27:28.429] [DEBUG] cheese - null
[2023-10-18T19:27:28.738] [DEBUG] cheese - login => username:admin,password:123456
[2023-10-18T19:27:28.738] [DEBUG] cheese - admin
[2023-10-18T19:27:28.740] [DEBUG] cheese - null
[2023-10-18T19:27:28.740] [DEBUG] cheese - null
[2023-10-18T19:27:29.994] [DEBUG] cheese - login => username:admin,password:123456
[2023-10-18T19:27:29.994] [DEBUG] cheese - admin
[2023-10-18T19:27:30.001] [DEBUG] cheese - null
[2023-10-18T19:27:30.001] [DEBUG] cheese - null
[2023-10-18T19:27:35.075] [DEBUG] cheese - login => username:admin,password:123456
[2023-10-18T19:27:35.075] [DEBUG] cheese - admin
[2023-10-18T19:27:35.078] [DEBUG] cheese - null
[2023-10-18T19:27:35.078] [DEBUG] cheese - null
[2023-10-18T19:28:22.228] [DEBUG] cheese - login => username:admin,password:123456
[2023-10-18T19:28:22.228] [DEBUG] cheese - admin
[2023-10-18T19:28:22.234] [DEBUG] cheese - null
[2023-10-18T19:28:22.234] [DEBUG] cheese - null
[2023-10-18T19:28:22.371] [DEBUG] cheese - login => username:admin,password:123456
[2023-10-18T19:28:22.371] [DEBUG] cheese - admin
[2023-10-18T19:28:22.373] [DEBUG] cheese - null
[2023-10-18T19:28:22.373] [DEBUG] cheese - null
[2023-10-18T19:28:22.475] [DEBUG] cheese - login => username:admin,password:123456
[2023-10-18T19:28:22.475] [DEBUG] cheese - admin
[2023-10-18T19:28:22.477] [DEBUG] cheese - null
[2023-10-18T19:28:22.477] [DEBUG] cheese - null
[2023-10-18T19:28:22.591] [DEBUG] cheese - login => username:admin,password:123456
[2023-10-18T19:28:22.591] [DEBUG] cheese - admin
[2023-10-18T19:28:22.592] [DEBUG] cheese - null
[2023-10-18T19:28:22.592] [DEBUG] cheese - null
[2023-10-18T19:28:22.701] [DEBUG] cheese - login => username:admin,password:123456
[2023-10-18T19:28:22.701] [DEBUG] cheese - admin
[2023-10-18T19:28:22.703] [DEBUG] cheese - null
[2023-10-18T19:28:22.703] [DEBUG] cheese - null
[2023-10-18T19:28:22.817] [DEBUG] cheese - login => username:admin,password:123456
[2023-10-18T19:28:22.817] [DEBUG] cheese - admin
[2023-10-18T19:28:22.818] [DEBUG] cheese - null
[2023-10-18T19:28:22.818] [DEBUG] cheese - null
[2023-10-18T19:28:22.932] [DEBUG] cheese - login => username:admin,password:123456
[2023-10-18T19:28:22.932] [DEBUG] cheese - admin
[2023-10-18T19:28:22.933] [DEBUG] cheese - null
[2023-10-18T19:28:22.933] [DEBUG] cheese - null
[2023-10-18T19:28:23.057] [DEBUG] cheese - login => username:admin,password:123456
[2023-10-18T19:28:23.057] [DEBUG] cheese - admin
[2023-10-18T19:28:23.058] [DEBUG] cheese - null
[2023-10-18T19:28:23.058] [DEBUG] cheese - null
[2023-10-18T19:28:23.182] [DEBUG] cheese - login => username:admin,password:123456
[2023-10-18T19:28:23.182] [DEBUG] cheese - admin
[2023-10-18T19:28:23.184] [DEBUG] cheese - null
[2023-10-18T19:28:23.184] [DEBUG] cheese - null
[2023-10-18T19:28:23.380] [DEBUG] cheese - login => username:admin,password:123456
[2023-10-18T19:28:23.380] [DEBUG] cheese - admin
[2023-10-18T19:28:23.382] [DEBUG] cheese - null
[2023-10-18T19:28:23.382] [DEBUG] cheese - null
[2023-10-18T19:28:23.497] [DEBUG] cheese - login => username:admin,password:123456
[2023-10-18T19:28:23.497] [DEBUG] cheese - admin
[2023-10-18T19:28:23.498] [DEBUG] cheese - null
[2023-10-18T19:28:23.498] [DEBUG] cheese - null
[2023-10-18T19:28:23.621] [DEBUG] cheese - login => username:admin,password:123456
[2023-10-18T19:28:23.621] [DEBUG] cheese - admin
[2023-10-18T19:28:23.622] [DEBUG] cheese - null
[2023-10-18T19:28:23.622] [DEBUG] cheese - null
[2023-10-18T19:28:23.747] [DEBUG] cheese - login => username:admin,password:123456
[2023-10-18T19:28:23.747] [DEBUG] cheese - admin
[2023-10-18T19:28:23.749] [DEBUG] cheese - null
[2023-10-18T19:28:23.749] [DEBUG] cheese - null
[2023-10-18T19:28:23.877] [DEBUG] cheese - login => username:admin,password:123456
[2023-10-18T19:28:23.877] [DEBUG] cheese - admin
[2023-10-18T19:28:23.878] [DEBUG] cheese - null
[2023-10-18T19:28:23.878] [DEBUG] cheese - null
[2023-10-18T19:28:24.004] [DEBUG] cheese - login => username:admin,password:123456
[2023-10-18T19:28:24.004] [DEBUG] cheese - admin
[2023-10-18T19:28:24.005] [DEBUG] cheese - null
[2023-10-18T19:28:24.005] [DEBUG] cheese - null
[2023-10-18T19:28:24.124] [DEBUG] cheese - login => username:admin,password:123456
[2023-10-18T19:28:24.124] [DEBUG] cheese - admin
[2023-10-18T19:28:24.125] [DEBUG] cheese - null
[2023-10-18T19:28:24.125] [DEBUG] cheese - null
[2023-10-18T19:28:24.258] [DEBUG] cheese - login => username:admin,password:123456
[2023-10-18T19:28:24.258] [DEBUG] cheese - admin
[2023-10-18T19:28:24.259] [DEBUG] cheese - null
[2023-10-18T19:28:24.259] [DEBUG] cheese - null
[2023-10-18T19:28:24.389] [DEBUG] cheese - login => username:admin,password:123456
[2023-10-18T19:28:24.389] [DEBUG] cheese - admin
[2023-10-18T19:28:24.390] [DEBUG] cheese - null
[2023-10-18T19:28:24.390] [DEBUG] cheese - null
[2023-10-18T19:28:24.526] [DEBUG] cheese - login => username:admin,password:123456
[2023-10-18T19:28:24.526] [DEBUG] cheese - admin
[2023-10-18T19:28:24.527] [DEBUG] cheese - null
[2023-10-18T19:28:24.527] [DEBUG] cheese - null
[2023-10-18T19:28:24.649] [DEBUG] cheese - login => username:admin,password:123456
[2023-10-18T19:28:24.649] [DEBUG] cheese - admin
[2023-10-18T19:28:24.650] [DEBUG] cheese - null
[2023-10-18T19:28:24.650] [DEBUG] cheese - null
[2023-10-18T19:28:24.783] [DEBUG] cheese - login => username:admin,password:123456
[2023-10-18T19:28:24.783] [DEBUG] cheese - admin
[2023-10-18T19:28:24.785] [DEBUG] cheese - null
[2023-10-18T19:28:24.785] [DEBUG] cheese - null
[2023-10-18T19:28:24.905] [DEBUG] cheese - login => username:admin,password:123456
[2023-10-18T19:28:24.905] [DEBUG] cheese - admin
[2023-10-18T19:28:24.906] [DEBUG] cheese - null
[2023-10-18T19:28:24.906] [DEBUG] cheese - null
[2023-10-18T19:28:25.023] [DEBUG] cheese - login => username:admin,password:123456
[2023-10-18T19:28:25.023] [DEBUG] cheese - admin
[2023-10-18T19:28:25.024] [DEBUG] cheese - null
[2023-10-18T19:28:25.024] [DEBUG] cheese - null
[2023-10-18T19:28:25.153] [DEBUG] cheese - login => username:admin,password:123456
[2023-10-18T19:28:25.153] [DEBUG] cheese - admin
[2023-10-18T19:28:25.155] [DEBUG] cheese - null
[2023-10-18T19:28:25.155] [DEBUG] cheese - null
[2023-10-18T19:28:25.283] [DEBUG] cheese - login => username:admin,password:123456
[2023-10-18T19:28:25.283] [DEBUG] cheese - admin
[2023-10-18T19:28:25.285] [DEBUG] cheese - null
[2023-10-18T19:28:25.285] [DEBUG] cheese - null
[2023-10-18T19:28:25.415] [DEBUG] cheese - login => username:admin,password:123456
[2023-10-18T19:28:25.415] [DEBUG] cheese - admin
[2023-10-18T19:28:25.416] [DEBUG] cheese - null
[2023-10-18T19:28:25.416] [DEBUG] cheese - null
[2023-10-18T19:28:25.535] [DEBUG] cheese - login => username:admin,password:123456
[2023-10-18T19:28:25.535] [DEBUG] cheese - admin
[2023-10-18T19:28:25.537] [DEBUG] cheese - null
[2023-10-18T19:28:25.537] [DEBUG] cheese - null
[2023-10-18T19:28:25.650] [DEBUG] cheese - login => username:admin,password:123456
[2023-10-18T19:28:25.650] [DEBUG] cheese - admin
[2023-10-18T19:28:25.651] [DEBUG] cheese - null
[2023-10-18T19:28:25.651] [DEBUG] cheese - null
[2023-10-18T19:28:25.781] [DEBUG] cheese - login => username:admin,password:123456
[2023-10-18T19:28:25.783] [DEBUG] cheese - admin
[2023-10-18T19:28:25.785] [DEBUG] cheese - null
[2023-10-18T19:28:25.785] [DEBUG] cheese - null
[2023-10-18T19:28:25.904] [DEBUG] cheese - login => username:admin,password:123456
[2023-10-18T19:28:25.905] [DEBUG] cheese - admin
[2023-10-18T19:28:25.905] [DEBUG] cheese - null
[2023-10-18T19:28:25.905] [DEBUG] cheese - null
[2023-10-18T19:28:26.022] [DEBUG] cheese - login => username:admin,password:123456
[2023-10-18T19:28:26.022] [DEBUG] cheese - admin
[2023-10-18T19:28:26.024] [DEBUG] cheese - null
[2023-10-18T19:28:26.024] [DEBUG] cheese - null
[2023-10-18T19:28:26.144] [DEBUG] cheese - login => username:admin,password:123456
[2023-10-18T19:28:26.144] [DEBUG] cheese - admin
[2023-10-18T19:28:26.145] [DEBUG] cheese - null
[2023-10-18T19:28:26.145] [DEBUG] cheese - null
[2023-10-18T19:28:26.272] [DEBUG] cheese - login => username:admin,password:123456
[2023-10-18T19:28:26.272] [DEBUG] cheese - admin
[2023-10-18T19:28:26.273] [DEBUG] cheese - null
[2023-10-18T19:28:26.273] [DEBUG] cheese - null
[2023-10-18T19:28:26.393] [DEBUG] cheese - login => username:admin,password:123456
[2023-10-18T19:28:26.393] [DEBUG] cheese - admin
[2023-10-18T19:28:26.394] [DEBUG] cheese - null
[2023-10-18T19:28:26.394] [DEBUG] cheese - null
[2023-10-18T19:28:26.522] [DEBUG] cheese - login => username:admin,password:123456
[2023-10-18T19:28:26.522] [DEBUG] cheese - admin
[2023-10-18T19:28:26.523] [DEBUG] cheese - null
[2023-10-18T19:28:26.523] [DEBUG] cheese - null
[2023-10-18T19:28:26.642] [DEBUG] cheese - login => username:admin,password:123456
[2023-10-18T19:28:26.643] [DEBUG] cheese - admin
[2023-10-18T19:28:26.645] [DEBUG] cheese - null
[2023-10-18T19:28:26.645] [DEBUG] cheese - null
[2023-10-18T19:28:26.770] [DEBUG] cheese - login => username:admin,password:123456
[2023-10-18T19:28:26.770] [DEBUG] cheese - admin
[2023-10-18T19:28:26.771] [DEBUG] cheese - null
[2023-10-18T19:28:26.771] [DEBUG] cheese - null
[2023-10-18T19:28:26.895] [DEBUG] cheese - login => username:admin,password:123456
[2023-10-18T19:28:26.895] [DEBUG] cheese - admin
[2023-10-18T19:28:26.898] [DEBUG] cheese - null
[2023-10-18T19:28:26.898] [DEBUG] cheese - null
[2023-10-18T19:28:27.016] [DEBUG] cheese - login => username:admin,password:123456
[2023-10-18T19:28:27.017] [DEBUG] cheese - admin
[2023-10-18T19:28:27.018] [DEBUG] cheese - null
[2023-10-18T19:28:27.018] [DEBUG] cheese - null
[2023-10-18T19:28:27.129] [DEBUG] cheese - login => username:admin,password:123456
[2023-10-18T19:28:27.129] [DEBUG] cheese - admin
[2023-10-18T19:28:27.130] [DEBUG] cheese - null
[2023-10-18T19:28:27.130] [DEBUG] cheese - null
[2023-10-18T19:28:27.247] [DEBUG] cheese - login => username:admin,password:123456
[2023-10-18T19:28:27.247] [DEBUG] cheese - admin
[2023-10-18T19:28:27.248] [DEBUG] cheese - null
[2023-10-18T19:28:27.248] [DEBUG] cheese - null
[2023-10-18T19:28:27.358] [DEBUG] cheese - login => username:admin,password:123456
[2023-10-18T19:28:27.358] [DEBUG] cheese - admin
[2023-10-18T19:28:27.359] [DEBUG] cheese - null
[2023-10-18T19:28:27.359] [DEBUG] cheese - null
[2023-10-18T19:28:27.480] [DEBUG] cheese - login => username:admin,password:123456
[2023-10-18T19:28:27.480] [DEBUG] cheese - admin
[2023-10-18T19:28:27.485] [DEBUG] cheese - null
[2023-10-18T19:28:27.485] [DEBUG] cheese - null
[2023-10-18T19:28:27.605] [DEBUG] cheese - login => username:admin,password:123456
[2023-10-18T19:28:27.605] [DEBUG] cheese - admin
[2023-10-18T19:28:27.606] [DEBUG] cheese - null
[2023-10-18T19:28:27.606] [DEBUG] cheese - null
[2023-10-18T19:28:27.722] [DEBUG] cheese - login => username:admin,password:123456
[2023-10-18T19:28:27.722] [DEBUG] cheese - admin
[2023-10-18T19:28:27.723] [DEBUG] cheese - null
[2023-10-18T19:28:27.723] [DEBUG] cheese - null
[2023-10-18T19:28:27.838] [DEBUG] cheese - login => username:admin,password:123456
[2023-10-18T19:28:27.838] [DEBUG] cheese - admin
[2023-10-18T19:28:27.839] [DEBUG] cheese - null
[2023-10-18T19:28:27.839] [DEBUG] cheese - null
[2023-10-18T19:28:27.955] [DEBUG] cheese - login => username:admin,password:123456
[2023-10-18T19:28:27.955] [DEBUG] cheese - admin
[2023-10-18T19:28:27.956] [DEBUG] cheese - null
[2023-10-18T19:28:27.956] [DEBUG] cheese - null
[2023-10-18T19:28:28.074] [DEBUG] cheese - login => username:admin,password:123456
[2023-10-18T19:28:28.074] [DEBUG] cheese - admin
[2023-10-18T19:28:28.075] [DEBUG] cheese - null
[2023-10-18T19:28:28.075] [DEBUG] cheese - null
[2023-10-18T19:28:28.187] [DEBUG] cheese - login => username:admin,password:123456
[2023-10-18T19:28:28.187] [DEBUG] cheese - admin
[2023-10-18T19:28:28.188] [DEBUG] cheese - null
[2023-10-18T19:28:28.188] [DEBUG] cheese - null
[2023-10-18T19:28:28.319] [DEBUG] cheese - login => username:admin,password:123456
[2023-10-18T19:28:28.319] [DEBUG] cheese - admin
[2023-10-18T19:28:28.320] [DEBUG] cheese - null
[2023-10-18T19:28:28.320] [DEBUG] cheese - null
[2023-10-18T19:28:28.439] [DEBUG] cheese - login => username:admin,password:123456
[2023-10-18T19:28:28.440] [DEBUG] cheese - admin
[2023-10-18T19:28:28.440] [DEBUG] cheese - null
[2023-10-18T19:28:28.441] [DEBUG] cheese - null
[2023-10-18T19:28:28.567] [DEBUG] cheese - login => username:admin,password:123456
[2023-10-18T19:28:28.567] [DEBUG] cheese - admin
[2023-10-18T19:28:28.569] [DEBUG] cheese - null
[2023-10-18T19:28:28.569] [DEBUG] cheese - null
[2023-10-18T19:28:28.689] [DEBUG] cheese - login => username:admin,password:123456
[2023-10-18T19:28:28.689] [DEBUG] cheese - admin
[2023-10-18T19:28:28.690] [DEBUG] cheese - null
[2023-10-18T19:28:28.690] [DEBUG] cheese - null
[2023-10-18T19:28:28.807] [DEBUG] cheese - login => username:admin,password:123456
[2023-10-18T19:28:28.807] [DEBUG] cheese - admin
[2023-10-18T19:28:28.808] [DEBUG] cheese - null
[2023-10-18T19:28:28.808] [DEBUG] cheese - null
[2023-10-18T19:28:28.922] [DEBUG] cheese - login => username:admin,password:123456
[2023-10-18T19:28:28.922] [DEBUG] cheese - admin
[2023-10-18T19:28:28.923] [DEBUG] cheese - null
[2023-10-18T19:28:28.923] [DEBUG] cheese - null
[2023-10-18T19:28:29.037] [DEBUG] cheese - login => username:admin,password:123456
[2023-10-18T19:28:29.037] [DEBUG] cheese - admin
[2023-10-18T19:28:29.039] [DEBUG] cheese - null
[2023-10-18T19:28:29.040] [DEBUG] cheese - null
[2023-10-18T19:28:29.156] [DEBUG] cheese - login => username:admin,password:123456
[2023-10-18T19:28:29.157] [DEBUG] cheese - admin
[2023-10-18T19:28:29.158] [DEBUG] cheese - null
[2023-10-18T19:28:29.158] [DEBUG] cheese - null
[2023-10-18T19:28:29.277] [DEBUG] cheese - login => username:admin,password:123456
[2023-10-18T19:28:29.277] [DEBUG] cheese - admin
[2023-10-18T19:28:29.279] [DEBUG] cheese - null
[2023-10-18T19:28:29.279] [DEBUG] cheese - null
[2023-10-18T19:28:29.435] [DEBUG] cheese - login => username:admin,password:123456
[2023-10-18T19:28:29.435] [DEBUG] cheese - admin
[2023-10-18T19:28:29.439] [DEBUG] cheese - null
[2023-10-18T19:28:29.439] [DEBUG] cheese - null
[2023-10-18T19:28:29.557] [DEBUG] cheese - login => username:admin,password:123456
[2023-10-18T19:28:29.557] [DEBUG] cheese - admin
[2023-10-18T19:28:29.560] [DEBUG] cheese - null
[2023-10-18T19:28:29.560] [DEBUG] cheese - null
[2023-10-18T19:28:29.685] [DEBUG] cheese - login => username:admin,password:123456
[2023-10-18T19:28:29.685] [DEBUG] cheese - admin
[2023-10-18T19:28:29.686] [DEBUG] cheese - null
[2023-10-18T19:28:29.686] [DEBUG] cheese - null
[2023-10-18T19:28:29.800] [DEBUG] cheese - login => username:admin,password:123456
[2023-10-18T19:28:29.801] [DEBUG] cheese - admin
[2023-10-18T19:28:29.801] [DEBUG] cheese - null
[2023-10-18T19:28:29.801] [DEBUG] cheese - null
[2023-10-18T19:28:29.913] [DEBUG] cheese - login => username:admin,password:123456
[2023-10-18T19:28:29.914] [DEBUG] cheese - admin
[2023-10-18T19:28:29.915] [DEBUG] cheese - null
[2023-10-18T19:28:29.915] [DEBUG] cheese - null
[2023-10-18T19:28:30.042] [DEBUG] cheese - login => username:admin,password:123456
[2023-10-18T19:28:30.042] [DEBUG] cheese - admin
[2023-10-18T19:28:30.050] [DEBUG] cheese - null
[2023-10-18T19:28:30.050] [DEBUG] cheese - null
[2023-10-18T19:28:30.173] [DEBUG] cheese - login => username:admin,password:123456
[2023-10-18T19:28:30.173] [DEBUG] cheese - admin
[2023-10-18T19:28:30.174] [DEBUG] cheese - null
[2023-10-18T19:28:30.174] [DEBUG] cheese - null
[2023-10-18T19:28:30.329] [DEBUG] cheese - login => username:admin,password:123456
[2023-10-18T19:28:30.329] [DEBUG] cheese - admin
[2023-10-18T19:28:30.330] [DEBUG] cheese - null
[2023-10-18T19:28:30.330] [DEBUG] cheese - null
[2023-10-18T19:28:30.458] [DEBUG] cheese - login => username:admin,password:123456
[2023-10-18T19:28:30.458] [DEBUG] cheese - admin
[2023-10-18T19:28:30.458] [DEBUG] cheese - null
[2023-10-18T19:28:30.458] [DEBUG] cheese - null
[2023-10-18T19:28:30.710] [DEBUG] cheese - login => username:admin,password:123456
[2023-10-18T19:28:30.710] [DEBUG] cheese - admin
[2023-10-18T19:28:30.798] [DEBUG] cheese - null
[2023-10-18T19:28:30.799] [DEBUG] cheese - null
[2023-10-18T19:28:31.078] [DEBUG] cheese - login => username:admin,password:123456
[2023-10-18T19:28:31.078] [DEBUG] cheese - admin
[2023-10-18T19:28:31.081] [DEBUG] cheese - null
[2023-10-18T19:28:31.081] [DEBUG] cheese - null
[2023-10-18T19:28:31.239] [DEBUG] cheese - login => username:admin,password:123456
[2023-10-18T19:28:31.239] [DEBUG] cheese - admin
[2023-10-18T19:28:31.241] [DEBUG] cheese - null
[2023-10-18T19:28:31.241] [DEBUG] cheese - null
[2023-10-18T19:28:32.090] [DEBUG] cheese - login => username:admin,password:123456
[2023-10-18T19:28:32.090] [DEBUG] cheese - admin
[2023-10-18T19:28:32.093] [DEBUG] cheese - null
[2023-10-18T19:28:32.093] [DEBUG] cheese - null
[2023-10-18T19:28:35.902] [DEBUG] cheese - login => username:admin,password:123456
[2023-10-18T19:28:35.903] [DEBUG] cheese - admin
[2023-10-18T19:28:35.906] [DEBUG] cheese - null
[2023-10-18T19:28:35.906] [DEBUG] cheese - null
[2023-10-18T19:28:41.476] [DEBUG] cheese - login => username:admin,password:123456
[2023-10-18T19:28:41.476] [DEBUG] cheese - admin
[2023-10-18T19:28:41.480] [DEBUG] cheese - null
[2023-10-18T19:28:41.480] [DEBUG] cheese - null
[2023-10-18T19:28:45.376] [DEBUG] cheese - login => username:admin,password:123456
[2023-10-18T19:28:45.376] [DEBUG] cheese - admin
[2023-10-18T19:28:45.378] [DEBUG] cheese - null
[2023-10-18T19:28:45.378] [DEBUG] cheese - null
[2023-10-18T19:29:53.129] [DEBUG] cheese - login => username:admin,password:123456
[2023-10-18T19:29:53.130] [DEBUG] cheese - admin
[2023-10-18T19:29:53.136] [DEBUG] cheese - null
[2023-10-18T19:29:53.136] [DEBUG] cheese - null
[2023-10-18T19:29:54.816] [DEBUG] cheese - login => username:admin,password:123456
[2023-10-18T19:29:54.816] [DEBUG] cheese - admin
[2023-10-18T19:29:54.819] [DEBUG] cheese - null
[2023-10-18T19:29:54.819] [DEBUG] cheese - null
[2023-10-18T19:30:20.516] [DEBUG] cheese - login => username:admin,password:123456
[2023-10-18T19:30:20.517] [DEBUG] cheese - admin
[2023-10-18T19:30:20.530] [DEBUG] cheese - null
[2023-10-18T19:30:20.530] [DEBUG] cheese - null
[2023-10-18T19:30:48.560] [DEBUG] cheese - login => username:admin,password:123456
[2023-10-18T19:30:48.561] [DEBUG] cheese - admin
[2023-10-18T19:30:48.573] [DEBUG] cheese - null
[2023-10-18T19:30:48.573] [DEBUG] cheese - null
[2023-10-18T19:30:49.619] [DEBUG] cheese - login => username:admin,password:123456
[2023-10-18T19:30:49.619] [DEBUG] cheese - admin
[2023-10-18T19:30:49.620] [DEBUG] cheese - null
[2023-10-18T19:30:49.621] [DEBUG] cheese - null
[2023-10-19T08:33:09.497] [DEBUG] cheese - login => username:admin,password:123456
[2023-10-19T08:33:09.500] [DEBUG] cheese - admin
[2023-10-19T08:33:09.562] [DEBUG] cheese - null
[2023-10-19T08:33:09.562] [DEBUG] cheese - null
[2023-10-19T08:33:35.854] [DEBUG] cheese - login => username:admin,password:123456
[2023-10-19T08:33:35.854] [DEBUG] cheese - admin
[2023-10-19T08:33:35.878] [DEBUG] cheese - null
[2023-10-19T08:33:35.879] [DEBUG] cheese - null
[2023-10-19T08:33:42.267] [DEBUG] cheese - login => username:admin,password:123456
[2023-10-19T08:33:42.268] [DEBUG] cheese - admin
[2023-10-19T08:33:42.274] [DEBUG] cheese - null
[2023-10-19T08:33:42.274] [DEBUG] cheese - null
[2023-10-19T08:33:42.400] [DEBUG] cheese - login => username:admin,password:123456
[2023-10-19T08:33:42.400] [DEBUG] cheese - admin
[2023-10-19T08:33:42.403] [DEBUG] cheese - null
[2023-10-19T08:33:42.403] [DEBUG] cheese - null
[2023-10-19T08:33:42.507] [DEBUG] cheese - login => username:admin,password:123456
[2023-10-19T08:33:42.507] [DEBUG] cheese - admin
[2023-10-19T08:33:42.512] [DEBUG] cheese - null
[2023-10-19T08:33:42.513] [DEBUG] cheese - null
[2023-10-19T08:33:42.626] [DEBUG] cheese - login => username:admin,password:123456
[2023-10-19T08:33:42.626] [DEBUG] cheese - admin
[2023-10-19T08:33:42.628] [DEBUG] cheese - null
[2023-10-19T08:33:42.628] [DEBUG] cheese - null
[2023-10-19T08:33:42.743] [DEBUG] cheese - login => username:admin,password:123456
[2023-10-19T08:33:42.743] [DEBUG] cheese - admin
[2023-10-19T08:33:42.744] [DEBUG] cheese - null
[2023-10-19T08:33:42.744] [DEBUG] cheese - null
[2023-10-19T08:33:42.857] [DEBUG] cheese - login => username:admin,password:123456
[2023-10-19T08:33:42.857] [DEBUG] cheese - admin
[2023-10-19T08:33:42.858] [DEBUG] cheese - null
[2023-10-19T08:33:42.858] [DEBUG] cheese - null
[2023-10-19T08:33:42.973] [DEBUG] cheese - login => username:admin,password:123456
[2023-10-19T08:33:42.973] [DEBUG] cheese - admin
[2023-10-19T08:33:42.975] [DEBUG] cheese - null
[2023-10-19T08:33:42.975] [DEBUG] cheese - null
[2023-10-19T08:33:43.093] [DEBUG] cheese - login => username:admin,password:123456
[2023-10-19T08:33:43.093] [DEBUG] cheese - admin
[2023-10-19T08:33:43.094] [DEBUG] cheese - null
[2023-10-19T08:33:43.094] [DEBUG] cheese - null
[2023-10-19T08:33:43.216] [DEBUG] cheese - login => username:admin,password:123456
[2023-10-19T08:33:43.216] [DEBUG] cheese - admin
[2023-10-19T08:33:43.221] [DEBUG] cheese - null
[2023-10-19T08:33:43.221] [DEBUG] cheese - null
[2023-10-19T08:33:43.343] [DEBUG] cheese - login => username:admin,password:123456
[2023-10-19T08:33:43.343] [DEBUG] cheese - admin
[2023-10-19T08:33:43.345] [DEBUG] cheese - null
[2023-10-19T08:33:43.345] [DEBUG] cheese - null
[2023-10-19T08:33:43.468] [DEBUG] cheese - login => username:admin,password:123456
[2023-10-19T08:33:43.468] [DEBUG] cheese - admin
[2023-10-19T08:33:43.474] [DEBUG] cheese - null
[2023-10-19T08:33:43.474] [DEBUG] cheese - null
[2023-10-19T08:33:43.591] [DEBUG] cheese - login => username:admin,password:123456
[2023-10-19T08:33:43.591] [DEBUG] cheese - admin
[2023-10-19T08:33:43.592] [DEBUG] cheese - null
[2023-10-19T08:33:43.592] [DEBUG] cheese - null
[2023-10-19T08:33:43.707] [DEBUG] cheese - login => username:admin,password:123456
[2023-10-19T08:33:43.707] [DEBUG] cheese - admin
[2023-10-19T08:33:43.709] [DEBUG] cheese - null
[2023-10-19T08:33:43.709] [DEBUG] cheese - null
[2023-10-19T08:33:43.830] [DEBUG] cheese - login => username:admin,password:123456
[2023-10-19T08:33:43.830] [DEBUG] cheese - admin
[2023-10-19T08:33:43.832] [DEBUG] cheese - null
[2023-10-19T08:33:43.833] [DEBUG] cheese - null
[2023-10-19T08:33:43.953] [DEBUG] cheese - login => username:admin,password:123456
[2023-10-19T08:33:43.953] [DEBUG] cheese - admin
[2023-10-19T08:33:43.956] [DEBUG] cheese - null
[2023-10-19T08:33:43.956] [DEBUG] cheese - null
[2023-10-19T08:33:44.073] [DEBUG] cheese - login => username:admin,password:123456
[2023-10-19T08:33:44.073] [DEBUG] cheese - admin
[2023-10-19T08:33:44.074] [DEBUG] cheese - null
[2023-10-19T08:33:44.074] [DEBUG] cheese - null
[2023-10-19T08:33:44.193] [DEBUG] cheese - login => username:admin,password:123456
[2023-10-19T08:33:44.193] [DEBUG] cheese - admin
[2023-10-19T08:33:44.194] [DEBUG] cheese - null
[2023-10-19T08:33:44.194] [DEBUG] cheese - null
[2023-10-19T08:33:44.316] [DEBUG] cheese - login => username:admin,password:123456
[2023-10-19T08:33:44.316] [DEBUG] cheese - admin
[2023-10-19T08:33:44.318] [DEBUG] cheese - null
[2023-10-19T08:33:44.318] [DEBUG] cheese - null
[2023-10-19T08:33:44.436] [DEBUG] cheese - login => username:admin,password:123456
[2023-10-19T08:33:44.436] [DEBUG] cheese - admin
[2023-10-19T08:33:44.438] [DEBUG] cheese - null
[2023-10-19T08:33:44.438] [DEBUG] cheese - null
[2023-10-19T08:33:44.554] [DEBUG] cheese - login => username:admin,password:123456
[2023-10-19T08:33:44.555] [DEBUG] cheese - admin
[2023-10-19T08:33:44.556] [DEBUG] cheese - null
[2023-10-19T08:33:44.557] [DEBUG] cheese - null
[2023-10-19T08:33:44.677] [DEBUG] cheese - login => username:admin,password:123456
[2023-10-19T08:33:44.678] [DEBUG] cheese - admin
[2023-10-19T08:33:44.678] [DEBUG] cheese - null
[2023-10-19T08:33:44.678] [DEBUG] cheese - null
[2023-10-19T08:33:44.803] [DEBUG] cheese - login => username:admin,password:123456
[2023-10-19T08:33:44.803] [DEBUG] cheese - admin
[2023-10-19T08:33:44.805] [DEBUG] cheese - null
[2023-10-19T08:33:44.805] [DEBUG] cheese - null
[2023-10-19T08:33:44.951] [DEBUG] cheese - login => username:admin,password:123456
[2023-10-19T08:33:44.951] [DEBUG] cheese - admin
[2023-10-19T08:33:44.952] [DEBUG] cheese - null
[2023-10-19T08:33:44.952] [DEBUG] cheese - null
[2023-10-19T08:33:45.078] [DEBUG] cheese - login => username:admin,password:123456
[2023-10-19T08:33:45.078] [DEBUG] cheese - admin
[2023-10-19T08:33:45.079] [DEBUG] cheese - null
[2023-10-19T08:33:45.079] [DEBUG] cheese - null
[2023-10-19T08:33:45.195] [DEBUG] cheese - login => username:admin,password:123456
[2023-10-19T08:33:45.196] [DEBUG] cheese - admin
[2023-10-19T08:33:45.197] [DEBUG] cheese - null
[2023-10-19T08:33:45.197] [DEBUG] cheese - null
[2023-10-19T08:33:45.325] [DEBUG] cheese - login => username:admin,password:123456
[2023-10-19T08:33:45.325] [DEBUG] cheese - admin
[2023-10-19T08:33:45.326] [DEBUG] cheese - null
[2023-10-19T08:33:45.326] [DEBUG] cheese - null
[2023-10-19T08:33:45.442] [DEBUG] cheese - login => username:admin,password:123456
[2023-10-19T08:33:45.442] [DEBUG] cheese - admin
[2023-10-19T08:33:45.443] [DEBUG] cheese - null
[2023-10-19T08:33:45.443] [DEBUG] cheese - null
[2023-10-19T08:33:45.585] [DEBUG] cheese - login => username:admin,password:123456
[2023-10-19T08:33:45.585] [DEBUG] cheese - admin
[2023-10-19T08:33:45.586] [DEBUG] cheese - null
[2023-10-19T08:33:45.586] [DEBUG] cheese - null
[2023-10-19T08:33:45.709] [DEBUG] cheese - login => username:admin,password:123456
[2023-10-19T08:33:45.709] [DEBUG] cheese - admin
[2023-10-19T08:33:45.711] [DEBUG] cheese - null
[2023-10-19T08:33:45.711] [DEBUG] cheese - null
[2023-10-19T08:33:45.827] [DEBUG] cheese - login => username:admin,password:123456
[2023-10-19T08:33:45.827] [DEBUG] cheese - admin
[2023-10-19T08:33:45.828] [DEBUG] cheese - null
[2023-10-19T08:33:45.828] [DEBUG] cheese - null
[2023-10-19T08:33:45.946] [DEBUG] cheese - login => username:admin,password:123456
[2023-10-19T08:33:45.946] [DEBUG] cheese - admin
[2023-10-19T08:33:45.954] [DEBUG] cheese - null
[2023-10-19T08:33:45.954] [DEBUG] cheese - null
[2023-10-19T08:33:46.080] [DEBUG] cheese - login => username:admin,password:123456
[2023-10-19T08:33:46.080] [DEBUG] cheese - admin
[2023-10-19T08:33:46.081] [DEBUG] cheese - null
[2023-10-19T08:33:46.081] [DEBUG] cheese - null
[2023-10-19T08:33:46.203] [DEBUG] cheese - login => username:admin,password:123456
[2023-10-19T08:33:46.203] [DEBUG] cheese - admin
[2023-10-19T08:33:46.204] [DEBUG] cheese - null
[2023-10-19T08:33:46.205] [DEBUG] cheese - null
[2023-10-19T08:33:46.322] [DEBUG] cheese - login => username:admin,password:123456
[2023-10-19T08:33:46.322] [DEBUG] cheese - admin
[2023-10-19T08:33:46.323] [DEBUG] cheese - null
[2023-10-19T08:33:46.323] [DEBUG] cheese - null
[2023-10-19T08:33:46.452] [DEBUG] cheese - login => username:admin,password:123456
[2023-10-19T08:33:46.452] [DEBUG] cheese - admin
[2023-10-19T08:33:46.453] [DEBUG] cheese - null
[2023-10-19T08:33:46.453] [DEBUG] cheese - null
[2023-10-19T08:33:46.572] [DEBUG] cheese - login => username:admin,password:123456
[2023-10-19T08:33:46.572] [DEBUG] cheese - admin
[2023-10-19T08:33:46.573] [DEBUG] cheese - null
[2023-10-19T08:33:46.573] [DEBUG] cheese - null
[2023-10-19T08:33:46.709] [DEBUG] cheese - login => username:admin,password:123456
[2023-10-19T08:33:46.709] [DEBUG] cheese - admin
[2023-10-19T08:33:46.710] [DEBUG] cheese - null
[2023-10-19T08:33:46.710] [DEBUG] cheese - null
[2023-10-19T08:33:46.852] [DEBUG] cheese - login => username:admin,password:123456
[2023-10-19T08:33:46.852] [DEBUG] cheese - admin
[2023-10-19T08:33:46.853] [DEBUG] cheese - null
[2023-10-19T08:33:46.853] [DEBUG] cheese - null
[2023-10-19T08:33:47.005] [DEBUG] cheese - login => username:admin,password:123456
[2023-10-19T08:33:47.005] [DEBUG] cheese - admin
[2023-10-19T08:33:47.006] [DEBUG] cheese - null
[2023-10-19T08:33:47.007] [DEBUG] cheese - null
[2023-10-19T08:33:47.136] [DEBUG] cheese - login => username:admin,password:123456
[2023-10-19T08:33:47.136] [DEBUG] cheese - admin
[2023-10-19T08:33:47.137] [DEBUG] cheese - null
[2023-10-19T08:33:47.138] [DEBUG] cheese - null
[2023-10-19T08:33:47.273] [DEBUG] cheese - login => username:admin,password:123456
[2023-10-19T08:33:47.274] [DEBUG] cheese - admin
[2023-10-19T08:33:47.275] [DEBUG] cheese - null
[2023-10-19T08:33:47.275] [DEBUG] cheese - null
[2023-10-19T08:33:47.393] [DEBUG] cheese - login => username:admin,password:123456
[2023-10-19T08:33:47.393] [DEBUG] cheese - admin
[2023-10-19T08:33:47.394] [DEBUG] cheese - null
[2023-10-19T08:33:47.394] [DEBUG] cheese - null
[2023-10-19T08:33:47.511] [DEBUG] cheese - login => username:admin,password:123456
[2023-10-19T08:33:47.511] [DEBUG] cheese - admin
[2023-10-19T08:33:47.512] [DEBUG] cheese - null
[2023-10-19T08:33:47.512] [DEBUG] cheese - null
[2023-10-19T08:33:47.630] [DEBUG] cheese - login => username:admin,password:123456
[2023-10-19T08:33:47.630] [DEBUG] cheese - admin
[2023-10-19T08:33:47.631] [DEBUG] cheese - null
[2023-10-19T08:33:47.631] [DEBUG] cheese - null
[2023-10-19T08:33:47.759] [DEBUG] cheese - login => username:admin,password:123456
[2023-10-19T08:33:47.759] [DEBUG] cheese - admin
[2023-10-19T08:33:47.760] [DEBUG] cheese - null
[2023-10-19T08:33:47.760] [DEBUG] cheese - null
[2023-10-19T08:33:47.885] [DEBUG] cheese - login => username:admin,password:123456
[2023-10-19T08:33:47.885] [DEBUG] cheese - admin
[2023-10-19T08:33:47.886] [DEBUG] cheese - null
[2023-10-19T08:33:47.886] [DEBUG] cheese - null
[2023-10-19T08:33:48.005] [DEBUG] cheese - login => username:admin,password:123456
[2023-10-19T08:33:48.006] [DEBUG] cheese - admin
[2023-10-19T08:33:48.007] [DEBUG] cheese - null
[2023-10-19T08:33:48.007] [DEBUG] cheese - null
[2023-10-19T08:33:48.143] [DEBUG] cheese - login => username:admin,password:123456
[2023-10-19T08:33:48.143] [DEBUG] cheese - admin
[2023-10-19T08:33:48.151] [DEBUG] cheese - null
[2023-10-19T08:33:48.151] [DEBUG] cheese - null
[2023-10-19T08:33:48.288] [DEBUG] cheese - login => username:admin,password:123456
[2023-10-19T08:33:48.288] [DEBUG] cheese - admin
[2023-10-19T08:33:48.289] [DEBUG] cheese - null
[2023-10-19T08:33:48.289] [DEBUG] cheese - null
[2023-10-19T08:33:48.412] [DEBUG] cheese - login => username:admin,password:123456
[2023-10-19T08:33:48.412] [DEBUG] cheese - admin
[2023-10-19T08:33:48.414] [DEBUG] cheese - null
[2023-10-19T08:33:48.414] [DEBUG] cheese - null
[2023-10-19T08:33:48.545] [DEBUG] cheese - login => username:admin,password:123456
[2023-10-19T08:33:48.545] [DEBUG] cheese - admin
[2023-10-19T08:33:48.546] [DEBUG] cheese - null
[2023-10-19T08:33:48.546] [DEBUG] cheese - null
[2023-10-19T08:33:48.669] [DEBUG] cheese - login => username:admin,password:123456
[2023-10-19T08:33:48.669] [DEBUG] cheese - admin
[2023-10-19T08:33:48.671] [DEBUG] cheese - null
[2023-10-19T08:33:48.671] [DEBUG] cheese - null
[2023-10-19T08:33:48.807] [DEBUG] cheese - login => username:admin,password:123456
[2023-10-19T08:33:48.807] [DEBUG] cheese - admin
[2023-10-19T08:33:48.811] [DEBUG] cheese - null
[2023-10-19T08:33:48.811] [DEBUG] cheese - null
[2023-10-19T08:33:48.938] [DEBUG] cheese - login => username:admin,password:123456
[2023-10-19T08:33:48.938] [DEBUG] cheese - admin
[2023-10-19T08:33:48.942] [DEBUG] cheese - null
[2023-10-19T08:33:48.942] [DEBUG] cheese - null
[2023-10-19T08:33:49.083] [DEBUG] cheese - login => username:admin,password:123456
[2023-10-19T08:33:49.084] [DEBUG] cheese - admin
[2023-10-19T08:33:49.088] [DEBUG] cheese - null
[2023-10-19T08:33:49.088] [DEBUG] cheese - null
[2023-10-19T08:33:49.209] [DEBUG] cheese - login => username:admin,password:123456
[2023-10-19T08:33:49.209] [DEBUG] cheese - admin
[2023-10-19T08:33:49.210] [DEBUG] cheese - null
[2023-10-19T08:33:49.210] [DEBUG] cheese - null
[2023-10-19T08:33:49.329] [DEBUG] cheese - login => username:admin,password:123456
[2023-10-19T08:33:49.329] [DEBUG] cheese - admin
[2023-10-19T08:33:49.330] [DEBUG] cheese - null
[2023-10-19T08:33:49.330] [DEBUG] cheese - null
[2023-10-19T08:33:49.449] [DEBUG] cheese - login => username:admin,password:123456
[2023-10-19T08:33:49.449] [DEBUG] cheese - admin
[2023-10-19T08:33:49.452] [DEBUG] cheese - null
[2023-10-19T08:33:49.452] [DEBUG] cheese - null
[2023-10-19T08:33:49.582] [DEBUG] cheese - login => username:admin,password:123456
[2023-10-19T08:33:49.582] [DEBUG] cheese - admin
[2023-10-19T08:33:49.583] [DEBUG] cheese - null
[2023-10-19T08:33:49.583] [DEBUG] cheese - null
[2023-10-19T08:33:49.727] [DEBUG] cheese - login => username:admin,password:123456
[2023-10-19T08:33:49.727] [DEBUG] cheese - admin
[2023-10-19T08:33:49.728] [DEBUG] cheese - null
[2023-10-19T08:33:49.728] [DEBUG] cheese - null
[2023-10-19T08:33:49.846] [DEBUG] cheese - login => username:admin,password:123456
[2023-10-19T08:33:49.846] [DEBUG] cheese - admin
[2023-10-19T08:33:49.848] [DEBUG] cheese - null
[2023-10-19T08:33:49.848] [DEBUG] cheese - null
[2023-10-19T08:33:49.970] [DEBUG] cheese - login => username:admin,password:123456
[2023-10-19T08:33:49.970] [DEBUG] cheese - admin
[2023-10-19T08:33:49.972] [DEBUG] cheese - null
[2023-10-19T08:33:49.972] [DEBUG] cheese - null
[2023-10-19T08:33:50.099] [DEBUG] cheese - login => username:admin,password:123456
[2023-10-19T08:33:50.099] [DEBUG] cheese - admin
[2023-10-19T08:33:50.100] [DEBUG] cheese - null
[2023-10-19T08:33:50.100] [DEBUG] cheese - null
[2023-10-19T08:33:50.347] [DEBUG] cheese - login => username:admin,password:123456
[2023-10-19T08:33:50.347] [DEBUG] cheese - admin
[2023-10-19T08:33:50.349] [DEBUG] cheese - null
[2023-10-19T08:33:50.349] [DEBUG] cheese - null
[2023-10-19T08:33:50.475] [DEBUG] cheese - login => username:admin,password:123456
[2023-10-19T08:33:50.475] [DEBUG] cheese - admin
[2023-10-19T08:33:50.476] [DEBUG] cheese - null
[2023-10-19T08:33:50.476] [DEBUG] cheese - null
[2023-10-19T08:33:50.604] [DEBUG] cheese - login => username:admin,password:123456
[2023-10-19T08:33:50.604] [DEBUG] cheese - admin
[2023-10-19T08:33:50.606] [DEBUG] cheese - null
[2023-10-19T08:33:50.606] [DEBUG] cheese - null
[2023-10-19T08:33:50.732] [DEBUG] cheese - login => username:admin,password:123456
[2023-10-19T08:33:50.732] [DEBUG] cheese - admin
[2023-10-19T08:33:50.734] [DEBUG] cheese - null
[2023-10-19T08:33:50.734] [DEBUG] cheese - null
[2023-10-19T08:33:50.856] [DEBUG] cheese - login => username:admin,password:123456
[2023-10-19T08:33:50.856] [DEBUG] cheese - admin
[2023-10-19T08:33:50.857] [DEBUG] cheese - null
[2023-10-19T08:33:50.857] [DEBUG] cheese - null
[2023-10-19T08:33:50.975] [DEBUG] cheese - login => username:admin,password:123456
[2023-10-19T08:33:50.975] [DEBUG] cheese - admin
[2023-10-19T08:33:50.976] [DEBUG] cheese - null
[2023-10-19T08:33:50.976] [DEBUG] cheese - null
[2023-10-19T08:33:51.096] [DEBUG] cheese - login => username:admin,password:123456
[2023-10-19T08:33:51.096] [DEBUG] cheese - admin
[2023-10-19T08:33:51.098] [DEBUG] cheese - null
[2023-10-19T08:33:51.098] [DEBUG] cheese - null
[2023-10-19T08:33:51.232] [DEBUG] cheese - login => username:admin,password:123456
[2023-10-19T08:33:51.233] [DEBUG] cheese - admin
[2023-10-19T08:33:51.235] [DEBUG] cheese - null
[2023-10-19T08:33:51.235] [DEBUG] cheese - null
[2023-10-19T08:33:51.361] [DEBUG] cheese - login => username:admin,password:123456
[2023-10-19T08:33:51.361] [DEBUG] cheese - admin
[2023-10-19T08:33:51.361] [DEBUG] cheese - null
[2023-10-19T08:33:51.362] [DEBUG] cheese - null
[2023-10-19T08:33:51.479] [DEBUG] cheese - login => username:admin,password:123456
[2023-10-19T08:33:51.479] [DEBUG] cheese - admin
[2023-10-19T08:33:51.480] [DEBUG] cheese - null
[2023-10-19T08:33:51.480] [DEBUG] cheese - null
[2023-10-19T08:33:51.598] [DEBUG] cheese - login => username:admin,password:123456
[2023-10-19T08:33:51.598] [DEBUG] cheese - admin
[2023-10-19T08:33:51.600] [DEBUG] cheese - null
[2023-10-19T08:33:51.600] [DEBUG] cheese - null
[2023-10-19T08:33:51.726] [DEBUG] cheese - login => username:admin,password:123456
[2023-10-19T08:33:51.726] [DEBUG] cheese - admin
[2023-10-19T08:33:51.727] [DEBUG] cheese - null
[2023-10-19T08:33:51.727] [DEBUG] cheese - null
[2023-10-19T08:33:51.858] [DEBUG] cheese - login => username:admin,password:123456
[2023-10-19T08:33:51.858] [DEBUG] cheese - admin
[2023-10-19T08:33:51.859] [DEBUG] cheese - null
[2023-10-19T08:33:51.859] [DEBUG] cheese - null
[2023-10-19T08:33:51.985] [DEBUG] cheese - login => username:admin,password:123456
[2023-10-19T08:33:51.985] [DEBUG] cheese - admin
[2023-10-19T08:33:51.986] [DEBUG] cheese - null
[2023-10-19T08:33:51.986] [DEBUG] cheese - null
[2023-10-19T08:33:52.105] [DEBUG] cheese - login => username:admin,password:123456
[2023-10-19T08:33:52.105] [DEBUG] cheese - admin
[2023-10-19T08:33:52.107] [DEBUG] cheese - null
[2023-10-19T08:33:52.107] [DEBUG] cheese - null
[2023-10-19T08:33:52.231] [DEBUG] cheese - login => username:admin,password:123456
[2023-10-19T08:33:52.231] [DEBUG] cheese - admin
[2023-10-19T08:33:52.231] [DEBUG] cheese - null
[2023-10-19T08:33:52.231] [DEBUG] cheese - null
[2023-10-19T08:33:52.359] [DEBUG] cheese - login => username:admin,password:123456
[2023-10-19T08:33:52.359] [DEBUG] cheese - admin
[2023-10-19T08:33:52.360] [DEBUG] cheese - null
[2023-10-19T08:33:52.360] [DEBUG] cheese - null
[2023-10-19T08:33:52.478] [DEBUG] cheese - login => username:admin,password:123456
[2023-10-19T08:33:52.478] [DEBUG] cheese - admin
[2023-10-19T08:33:52.478] [DEBUG] cheese - null
[2023-10-19T08:33:52.478] [DEBUG] cheese - null
[2023-10-19T08:33:52.613] [DEBUG] cheese - login => username:admin,password:123456
[2023-10-19T08:33:52.614] [DEBUG] cheese - admin
[2023-10-19T08:33:52.617] [DEBUG] cheese - null
[2023-10-19T08:33:52.617] [DEBUG] cheese - null
[2023-10-19T08:33:52.760] [DEBUG] cheese - login => username:admin,password:123456
[2023-10-19T08:33:52.761] [DEBUG] cheese - admin
[2023-10-19T08:33:52.764] [DEBUG] cheese - null
[2023-10-19T08:33:52.764] [DEBUG] cheese - null
[2023-10-19T08:33:52.898] [DEBUG] cheese - login => username:admin,password:123456
[2023-10-19T08:33:52.898] [DEBUG] cheese - admin
[2023-10-19T08:33:52.901] [DEBUG] cheese - null
[2023-10-19T08:33:52.901] [DEBUG] cheese - null
[2023-10-19T08:33:53.043] [DEBUG] cheese - login => username:admin,password:123456
[2023-10-19T08:33:53.043] [DEBUG] cheese - admin
[2023-10-19T08:33:53.044] [DEBUG] cheese - null
[2023-10-19T08:33:53.044] [DEBUG] cheese - null
[2023-10-19T08:33:53.171] [DEBUG] cheese - login => username:admin,password:123456
[2023-10-19T08:33:53.171] [DEBUG] cheese - admin
[2023-10-19T08:33:53.173] [DEBUG] cheese - null
[2023-10-19T08:33:53.173] [DEBUG] cheese - null
[2023-10-19T08:33:53.294] [DEBUG] cheese - login => username:admin,password:123456
[2023-10-19T08:33:53.294] [DEBUG] cheese - admin
[2023-10-19T08:33:53.297] [DEBUG] cheese - null
[2023-10-19T08:33:53.297] [DEBUG] cheese - null
[2023-10-19T08:33:53.432] [DEBUG] cheese - login => username:admin,password:123456
[2023-10-19T08:33:53.432] [DEBUG] cheese - admin
[2023-10-19T08:33:53.436] [DEBUG] cheese - null
[2023-10-19T08:33:53.436] [DEBUG] cheese - null
[2023-10-19T08:33:53.575] [DEBUG] cheese - login => username:admin,password:123456
[2023-10-19T08:33:53.575] [DEBUG] cheese - admin
[2023-10-19T08:33:53.577] [DEBUG] cheese - null
[2023-10-19T08:33:53.577] [DEBUG] cheese - null
[2023-10-19T08:33:53.717] [DEBUG] cheese - login => username:admin,password:123456
[2023-10-19T08:33:53.717] [DEBUG] cheese - admin
[2023-10-19T08:33:53.718] [DEBUG] cheese - null
[2023-10-19T08:33:53.718] [DEBUG] cheese - null
[2023-10-19T08:33:53.850] [DEBUG] cheese - login => username:admin,password:123456
[2023-10-19T08:33:53.850] [DEBUG] cheese - admin
[2023-10-19T08:33:53.852] [DEBUG] cheese - null
[2023-10-19T08:33:53.852] [DEBUG] cheese - null
[2023-10-19T08:33:53.987] [DEBUG] cheese - login => username:admin,password:123456
[2023-10-19T08:33:53.988] [DEBUG] cheese - admin
[2023-10-19T08:33:53.989] [DEBUG] cheese - null
[2023-10-19T08:33:53.989] [DEBUG] cheese - null
[2023-10-19T08:33:54.151] [DEBUG] cheese - login => username:admin,password:123456
[2023-10-19T08:33:54.151] [DEBUG] cheese - admin
[2023-10-19T08:33:54.152] [DEBUG] cheese - null
[2023-10-19T08:33:54.152] [DEBUG] cheese - null
[2023-10-19T08:33:54.298] [DEBUG] cheese - login => username:admin,password:123456
[2023-10-19T08:33:54.298] [DEBUG] cheese - admin
[2023-10-19T08:33:54.299] [DEBUG] cheese - null
[2023-10-19T08:33:54.299] [DEBUG] cheese - null
[2023-10-19T08:33:54.907] [DEBUG] cheese - login => username:admin,password:123456
[2023-10-19T08:33:54.907] [DEBUG] cheese - admin
[2023-10-19T08:33:54.911] [DEBUG] cheese - null
[2023-10-19T08:33:54.912] [DEBUG] cheese - null
[2023-10-19T08:33:59.153] [DEBUG] cheese - login => username:admin,password:123456
[2023-10-19T08:33:59.153] [DEBUG] cheese - admin
[2023-10-19T08:33:59.157] [DEBUG] cheese - null
[2023-10-19T08:33:59.157] [DEBUG] cheese - null
[2023-10-19T08:34:00.747] [DEBUG] cheese - login => username:admin,password:123456
[2023-10-19T08:34:00.747] [DEBUG] cheese - admin
[2023-10-19T08:34:00.748] [DEBUG] cheese - null
[2023-10-19T08:34:00.749] [DEBUG] cheese - null
[2023-10-19T08:34:01.509] [DEBUG] cheese - login => username:admin,password:123456
[2023-10-19T08:34:01.509] [DEBUG] cheese - admin
[2023-10-19T08:34:01.511] [DEBUG] cheese - null
[2023-10-19T08:34:01.511] [DEBUG] cheese - null
[2023-10-19T08:34:02.144] [DEBUG] cheese - login => username:admin,password:123456
[2023-10-19T08:34:02.145] [DEBUG] cheese - admin
[2023-10-19T08:34:02.146] [DEBUG] cheese - null
[2023-10-19T08:34:02.146] [DEBUG] cheese - null
[2023-10-19T08:34:02.908] [DEBUG] cheese - login => username:admin,password:123456
[2023-10-19T08:34:02.908] [DEBUG] cheese - admin
[2023-10-19T08:34:02.910] [DEBUG] cheese - null
[2023-10-19T08:34:02.910] [DEBUG] cheese - null
[2023-10-19T10:07:59.343] [DEBUG] cheese - login => username:admin,password:123456
[2023-10-19T10:07:59.345] [DEBUG] cheese - admin
[2023-10-19T10:07:59.395] [DEBUG] cheese - null
[2023-10-19T10:07:59.395] [DEBUG] cheese - null
[2023-10-19T10:07:59.533] [DEBUG] cheese - login => username:admin,password:123456
[2023-10-19T10:07:59.533] [DEBUG] cheese - admin
[2023-10-19T10:07:59.534] [DEBUG] cheese - null
[2023-10-19T10:07:59.534] [DEBUG] cheese - null
[2023-10-19T10:07:59.639] [DEBUG] cheese - login => username:admin,password:123456
[2023-10-19T10:07:59.639] [DEBUG] cheese - admin
[2023-10-19T10:07:59.643] [DEBUG] cheese - null
[2023-10-19T10:07:59.643] [DEBUG] cheese - null
[2023-10-19T10:07:59.763] [DEBUG] cheese - login => username:admin,password:123456
[2023-10-19T10:07:59.763] [DEBUG] cheese - admin
[2023-10-19T10:07:59.764] [DEBUG] cheese - null
[2023-10-19T10:07:59.764] [DEBUG] cheese - null
[2023-10-19T10:07:59.889] [DEBUG] cheese - login => username:admin,password:123456
[2023-10-19T10:07:59.890] [DEBUG] cheese - admin
[2023-10-19T10:07:59.899] [DEBUG] cheese - null
[2023-10-19T10:07:59.899] [DEBUG] cheese - null
[2023-10-19T10:08:00.030] [DEBUG] cheese - login => username:admin,password:123456
[2023-10-19T10:08:00.030] [DEBUG] cheese - admin
[2023-10-19T10:08:00.032] [DEBUG] cheese - null
[2023-10-19T10:08:00.032] [DEBUG] cheese - null
[2023-10-19T10:08:00.149] [DEBUG] cheese - login => username:admin,password:123456
[2023-10-19T10:08:00.149] [DEBUG] cheese - admin
[2023-10-19T10:08:00.151] [DEBUG] cheese - null
[2023-10-19T10:08:00.151] [DEBUG] cheese - null
[2023-10-19T10:08:00.284] [DEBUG] cheese - login => username:admin,password:123456
[2023-10-19T10:08:00.284] [DEBUG] cheese - admin
[2023-10-19T10:08:00.286] [DEBUG] cheese - null
[2023-10-19T10:08:00.286] [DEBUG] cheese - null
[2023-10-19T10:08:00.411] [DEBUG] cheese - login => username:admin,password:123456
[2023-10-19T10:08:00.411] [DEBUG] cheese - admin
[2023-10-19T10:08:00.412] [DEBUG] cheese - null
[2023-10-19T10:08:00.412] [DEBUG] cheese - null
[2023-10-19T10:08:00.542] [DEBUG] cheese - login => username:admin,password:123456
[2023-10-19T10:08:00.542] [DEBUG] cheese - admin
[2023-10-19T10:08:00.543] [DEBUG] cheese - null
[2023-10-19T10:08:00.543] [DEBUG] cheese - null
[2023-10-19T10:08:00.665] [DEBUG] cheese - login => username:admin,password:123456
[2023-10-19T10:08:00.665] [DEBUG] cheese - admin
[2023-10-19T10:08:00.667] [DEBUG] cheese - null
[2023-10-19T10:08:00.667] [DEBUG] cheese - null
[2023-10-19T10:08:00.802] [DEBUG] cheese - login => username:admin,password:123456
[2023-10-19T10:08:00.802] [DEBUG] cheese - admin
[2023-10-19T10:08:00.803] [DEBUG] cheese - null
[2023-10-19T10:08:00.803] [DEBUG] cheese - null
[2023-10-19T10:08:00.939] [DEBUG] cheese - login => username:admin,password:123456
[2023-10-19T10:08:00.939] [DEBUG] cheese - admin
[2023-10-19T10:08:00.940] [DEBUG] cheese - null
[2023-10-19T10:08:00.940] [DEBUG] cheese - null
[2023-10-19T10:08:01.073] [DEBUG] cheese - login => username:admin,password:123456
[2023-10-19T10:08:01.073] [DEBUG] cheese - admin
[2023-10-19T10:08:01.084] [DEBUG] cheese - null
[2023-10-19T10:08:01.084] [DEBUG] cheese - null
[2023-10-19T10:08:01.203] [DEBUG] cheese - login => username:admin,password:123456
[2023-10-19T10:08:01.203] [DEBUG] cheese - admin
[2023-10-19T10:08:01.204] [DEBUG] cheese - null
[2023-10-19T10:08:01.204] [DEBUG] cheese - null
[2023-10-19T10:08:01.319] [DEBUG] cheese - login => username:admin,password:123456
[2023-10-19T10:08:01.319] [DEBUG] cheese - admin
[2023-10-19T10:08:01.321] [DEBUG] cheese - null
[2023-10-19T10:08:01.321] [DEBUG] cheese - null
[2023-10-19T10:08:01.441] [DEBUG] cheese - login => username:admin,password:123456
[2023-10-19T10:08:01.441] [DEBUG] cheese - admin
[2023-10-19T10:08:01.443] [DEBUG] cheese - null
[2023-10-19T10:08:01.443] [DEBUG] cheese - null
[2023-10-19T10:08:01.582] [DEBUG] cheese - login => username:admin,password:123456
[2023-10-19T10:08:01.582] [DEBUG] cheese - admin
[2023-10-19T10:08:01.583] [DEBUG] cheese - null
[2023-10-19T10:08:01.583] [DEBUG] cheese - null
[2023-10-19T10:08:01.715] [DEBUG] cheese - login => username:admin,password:123456
[2023-10-19T10:08:01.715] [DEBUG] cheese - admin
[2023-10-19T10:08:01.716] [DEBUG] cheese - null
[2023-10-19T10:08:01.716] [DEBUG] cheese - null
[2023-10-19T10:08:01.853] [DEBUG] cheese - login => username:admin,password:123456
[2023-10-19T10:08:01.853] [DEBUG] cheese - admin
[2023-10-19T10:08:01.855] [DEBUG] cheese - null
[2023-10-19T10:08:01.855] [DEBUG] cheese - null
[2023-10-19T10:08:01.979] [DEBUG] cheese - login => username:admin,password:123456
[2023-10-19T10:08:01.979] [DEBUG] cheese - admin
[2023-10-19T10:08:01.980] [DEBUG] cheese - null
[2023-10-19T10:08:01.980] [DEBUG] cheese - null
[2023-10-19T10:08:02.102] [DEBUG] cheese - login => username:admin,password:123456
[2023-10-19T10:08:02.102] [DEBUG] cheese - admin
[2023-10-19T10:08:02.103] [DEBUG] cheese - null
[2023-10-19T10:08:02.103] [DEBUG] cheese - null
[2023-10-19T10:08:02.239] [DEBUG] cheese - login => username:admin,password:123456
[2023-10-19T10:08:02.239] [DEBUG] cheese - admin
[2023-10-19T10:08:02.241] [DEBUG] cheese - null
[2023-10-19T10:08:02.241] [DEBUG] cheese - null
[2023-10-19T10:08:02.355] [DEBUG] cheese - login => username:admin,password:123456
[2023-10-19T10:08:02.356] [DEBUG] cheese - admin
[2023-10-19T10:08:02.358] [DEBUG] cheese - null
[2023-10-19T10:08:02.358] [DEBUG] cheese - null
[2023-10-19T10:08:02.469] [DEBUG] cheese - login => username:admin,password:123456
[2023-10-19T10:08:02.469] [DEBUG] cheese - admin
[2023-10-19T10:08:02.472] [DEBUG] cheese - null
[2023-10-19T10:08:02.472] [DEBUG] cheese - null
[2023-10-19T10:08:02.581] [DEBUG] cheese - login => username:admin,password:123456
[2023-10-19T10:08:02.582] [DEBUG] cheese - admin
[2023-10-19T10:08:02.583] [DEBUG] cheese - null
[2023-10-19T10:08:02.583] [DEBUG] cheese - null
[2023-10-19T10:08:02.693] [DEBUG] cheese - login => username:admin,password:123456
[2023-10-19T10:08:02.693] [DEBUG] cheese - admin
[2023-10-19T10:08:02.694] [DEBUG] cheese - null
[2023-10-19T10:08:02.694] [DEBUG] cheese - null
[2023-10-19T10:08:02.803] [DEBUG] cheese - login => username:admin,password:123456
[2023-10-19T10:08:02.804] [DEBUG] cheese - admin
[2023-10-19T10:08:02.805] [DEBUG] cheese - null
[2023-10-19T10:08:02.805] [DEBUG] cheese - null
[2023-10-19T10:08:02.915] [DEBUG] cheese - login => username:admin,password:123456
[2023-10-19T10:08:02.915] [DEBUG] cheese - admin
[2023-10-19T10:08:02.916] [DEBUG] cheese - null
[2023-10-19T10:08:02.916] [DEBUG] cheese - null
[2023-10-19T10:08:03.028] [DEBUG] cheese - login => username:admin,password:123456
[2023-10-19T10:08:03.028] [DEBUG] cheese - admin
[2023-10-19T10:08:03.029] [DEBUG] cheese - null
[2023-10-19T10:08:03.029] [DEBUG] cheese - null
[2023-10-19T10:08:03.140] [DEBUG] cheese - login => username:admin,password:123456
[2023-10-19T10:08:03.140] [DEBUG] cheese - admin
[2023-10-19T10:08:03.141] [DEBUG] cheese - null
[2023-10-19T10:08:03.141] [DEBUG] cheese - null
[2023-10-19T10:08:03.258] [DEBUG] cheese - login => username:admin,password:123456
[2023-10-19T10:08:03.258] [DEBUG] cheese - admin
[2023-10-19T10:08:03.260] [DEBUG] cheese - null
[2023-10-19T10:08:03.260] [DEBUG] cheese - null
[2023-10-19T10:08:03.374] [DEBUG] cheese - login => username:admin,password:123456
[2023-10-19T10:08:03.374] [DEBUG] cheese - admin
[2023-10-19T10:08:03.375] [DEBUG] cheese - null
[2023-10-19T10:08:03.375] [DEBUG] cheese - null
[2023-10-19T10:08:03.483] [DEBUG] cheese - login => username:admin,password:123456
[2023-10-19T10:08:03.483] [DEBUG] cheese - admin
[2023-10-19T10:08:03.484] [DEBUG] cheese - null
[2023-10-19T10:08:03.484] [DEBUG] cheese - null
[2023-10-19T10:08:03.592] [DEBUG] cheese - login => username:admin,password:123456
[2023-10-19T10:08:03.592] [DEBUG] cheese - admin
[2023-10-19T10:08:03.593] [DEBUG] cheese - null
[2023-10-19T10:08:03.593] [DEBUG] cheese - null
[2023-10-19T10:08:03.703] [DEBUG] cheese - login => username:admin,password:123456
[2023-10-19T10:08:03.703] [DEBUG] cheese - admin
[2023-10-19T10:08:03.705] [DEBUG] cheese - null
[2023-10-19T10:08:03.705] [DEBUG] cheese - null
[2023-10-19T10:08:03.822] [DEBUG] cheese - login => username:admin,password:123456
[2023-10-19T10:08:03.822] [DEBUG] cheese - admin
[2023-10-19T10:08:03.823] [DEBUG] cheese - null
[2023-10-19T10:08:03.823] [DEBUG] cheese - null
[2023-10-19T10:08:03.936] [DEBUG] cheese - login => username:admin,password:123456
[2023-10-19T10:08:03.936] [DEBUG] cheese - admin
[2023-10-19T10:08:03.937] [DEBUG] cheese - null
[2023-10-19T10:08:03.937] [DEBUG] cheese - null
[2023-10-19T10:08:04.055] [DEBUG] cheese - login => username:admin,password:123456
[2023-10-19T10:08:04.055] [DEBUG] cheese - admin
[2023-10-19T10:08:04.056] [DEBUG] cheese - null
[2023-10-19T10:08:04.056] [DEBUG] cheese - null
[2023-10-19T10:08:04.182] [DEBUG] cheese - login => username:admin,password:123456
[2023-10-19T10:08:04.182] [DEBUG] cheese - admin
[2023-10-19T10:08:04.183] [DEBUG] cheese - null
[2023-10-19T10:08:04.183] [DEBUG] cheese - null
[2023-10-19T10:08:04.303] [DEBUG] cheese - login => username:admin,password:123456
[2023-10-19T10:08:04.303] [DEBUG] cheese - admin
[2023-10-19T10:08:04.304] [DEBUG] cheese - null
[2023-10-19T10:08:04.304] [DEBUG] cheese - null
[2023-10-19T10:08:04.423] [DEBUG] cheese - login => username:admin,password:123456
[2023-10-19T10:08:04.424] [DEBUG] cheese - admin
[2023-10-19T10:08:04.425] [DEBUG] cheese - null
[2023-10-19T10:08:04.426] [DEBUG] cheese - null
[2023-10-19T10:08:04.545] [DEBUG] cheese - login => username:admin,password:123456
[2023-10-19T10:08:04.545] [DEBUG] cheese - admin
[2023-10-19T10:08:04.545] [DEBUG] cheese - null
[2023-10-19T10:08:04.546] [DEBUG] cheese - null
[2023-10-19T10:08:04.661] [DEBUG] cheese - login => username:admin,password:123456
[2023-10-19T10:08:04.661] [DEBUG] cheese - admin
[2023-10-19T10:08:04.662] [DEBUG] cheese - null
[2023-10-19T10:08:04.662] [DEBUG] cheese - null
[2023-10-19T10:08:04.783] [DEBUG] cheese - login => username:admin,password:123456
[2023-10-19T10:08:04.783] [DEBUG] cheese - admin
[2023-10-19T10:08:04.784] [DEBUG] cheese - null
[2023-10-19T10:08:04.784] [DEBUG] cheese - null
[2023-10-19T10:08:04.902] [DEBUG] cheese - login => username:admin,password:123456
[2023-10-19T10:08:04.902] [DEBUG] cheese - admin
[2023-10-19T10:08:04.903] [DEBUG] cheese - null
[2023-10-19T10:08:04.903] [DEBUG] cheese - null
[2023-10-19T10:08:05.015] [DEBUG] cheese - login => username:admin,password:123456
[2023-10-19T10:08:05.015] [DEBUG] cheese - admin
[2023-10-19T10:08:05.016] [DEBUG] cheese - null
[2023-10-19T10:08:05.016] [DEBUG] cheese - null
[2023-10-19T10:08:05.129] [DEBUG] cheese - login => username:admin,password:123456
[2023-10-19T10:08:05.129] [DEBUG] cheese - admin
[2023-10-19T10:08:05.130] [DEBUG] cheese - null
[2023-10-19T10:08:05.130] [DEBUG] cheese - null
[2023-10-19T10:08:05.255] [DEBUG] cheese - login => username:admin,password:123456
[2023-10-19T10:08:05.255] [DEBUG] cheese - admin
[2023-10-19T10:08:05.257] [DEBUG] cheese - null
[2023-10-19T10:08:05.257] [DEBUG] cheese - null
[2023-10-19T10:08:05.379] [DEBUG] cheese - login => username:admin,password:123456
[2023-10-19T10:08:05.379] [DEBUG] cheese - admin
[2023-10-19T10:08:05.380] [DEBUG] cheese - null
[2023-10-19T10:08:05.380] [DEBUG] cheese - null
[2023-10-19T10:08:05.499] [DEBUG] cheese - login => username:admin,password:123456
[2023-10-19T10:08:05.499] [DEBUG] cheese - admin
[2023-10-19T10:08:05.500] [DEBUG] cheese - null
[2023-10-19T10:08:05.500] [DEBUG] cheese - null
[2023-10-19T10:08:05.615] [DEBUG] cheese - login => username:admin,password:123456
[2023-10-19T10:08:05.615] [DEBUG] cheese - admin
[2023-10-19T10:08:05.616] [DEBUG] cheese - null
[2023-10-19T10:08:05.616] [DEBUG] cheese - null
[2023-10-19T10:08:05.729] [DEBUG] cheese - login => username:admin,password:123456
[2023-10-19T10:08:05.729] [DEBUG] cheese - admin
[2023-10-19T10:08:05.730] [DEBUG] cheese - null
[2023-10-19T10:08:05.730] [DEBUG] cheese - null
[2023-10-19T10:08:05.844] [DEBUG] cheese - login => username:admin,password:123456
[2023-10-19T10:08:05.844] [DEBUG] cheese - admin
[2023-10-19T10:08:05.846] [DEBUG] cheese - null
[2023-10-19T10:08:05.846] [DEBUG] cheese - null
[2023-10-19T10:08:05.959] [DEBUG] cheese - login => username:admin,password:123456
[2023-10-19T10:08:05.959] [DEBUG] cheese - admin
[2023-10-19T10:08:05.960] [DEBUG] cheese - null
[2023-10-19T10:08:05.960] [DEBUG] cheese - null
[2023-10-19T10:08:06.078] [DEBUG] cheese - login => username:admin,password:123456
[2023-10-19T10:08:06.078] [DEBUG] cheese - admin
[2023-10-19T10:08:06.079] [DEBUG] cheese - null
[2023-10-19T10:08:06.079] [DEBUG] cheese - null
[2023-10-19T10:08:06.199] [DEBUG] cheese - login => username:admin,password:123456
[2023-10-19T10:08:06.199] [DEBUG] cheese - admin
[2023-10-19T10:08:06.201] [DEBUG] cheese - null
[2023-10-19T10:08:06.201] [DEBUG] cheese - null
[2023-10-19T10:08:06.332] [DEBUG] cheese - login => username:admin,password:123456
[2023-10-19T10:08:06.332] [DEBUG] cheese - admin
[2023-10-19T10:08:06.333] [DEBUG] cheese - null
[2023-10-19T10:08:06.333] [DEBUG] cheese - null
[2023-10-19T10:08:06.454] [DEBUG] cheese - login => username:admin,password:123456
[2023-10-19T10:08:06.454] [DEBUG] cheese - admin
[2023-10-19T10:08:06.456] [DEBUG] cheese - null
[2023-10-19T10:08:06.456] [DEBUG] cheese - null
[2023-10-19T10:08:06.572] [DEBUG] cheese - login => username:admin,password:123456
[2023-10-19T10:08:06.573] [DEBUG] cheese - admin
[2023-10-19T10:08:06.574] [DEBUG] cheese - null
[2023-10-19T10:08:06.575] [DEBUG] cheese - null
[2023-10-19T10:08:06.689] [DEBUG] cheese - login => username:admin,password:123456
[2023-10-19T10:08:06.689] [DEBUG] cheese - admin
[2023-10-19T10:08:06.690] [DEBUG] cheese - null
[2023-10-19T10:08:06.690] [DEBUG] cheese - null
[2023-10-19T10:08:06.805] [DEBUG] cheese - login => username:admin,password:123456
[2023-10-19T10:08:06.805] [DEBUG] cheese - admin
[2023-10-19T10:08:06.806] [DEBUG] cheese - null
[2023-10-19T10:08:06.806] [DEBUG] cheese - null
[2023-10-19T10:08:06.921] [DEBUG] cheese - login => username:admin,password:123456
[2023-10-19T10:08:06.921] [DEBUG] cheese - admin
[2023-10-19T10:08:06.923] [DEBUG] cheese - null
[2023-10-19T10:08:06.923] [DEBUG] cheese - null
[2023-10-19T10:08:07.037] [DEBUG] cheese - login => username:admin,password:123456
[2023-10-19T10:08:07.037] [DEBUG] cheese - admin
[2023-10-19T10:08:07.038] [DEBUG] cheese - null
[2023-10-19T10:08:07.038] [DEBUG] cheese - null
[2023-10-19T10:08:07.151] [DEBUG] cheese - login => username:admin,password:123456
[2023-10-19T10:08:07.151] [DEBUG] cheese - admin
[2023-10-19T10:08:07.152] [DEBUG] cheese - null
[2023-10-19T10:08:07.152] [DEBUG] cheese - null
[2023-10-19T10:08:07.269] [DEBUG] cheese - login => username:admin,password:123456
[2023-10-19T10:08:07.269] [DEBUG] cheese - admin
[2023-10-19T10:08:07.270] [DEBUG] cheese - null
[2023-10-19T10:08:07.270] [DEBUG] cheese - null
[2023-10-19T10:08:07.389] [DEBUG] cheese - login => username:admin,password:123456
[2023-10-19T10:08:07.389] [DEBUG] cheese - admin
[2023-10-19T10:08:07.390] [DEBUG] cheese - null
[2023-10-19T10:08:07.390] [DEBUG] cheese - null
[2023-10-19T10:08:07.507] [DEBUG] cheese - login => username:admin,password:123456
[2023-10-19T10:08:07.507] [DEBUG] cheese - admin
[2023-10-19T10:08:07.508] [DEBUG] cheese - null
[2023-10-19T10:08:07.509] [DEBUG] cheese - null
[2023-10-19T10:08:07.623] [DEBUG] cheese - login => username:admin,password:123456
[2023-10-19T10:08:07.624] [DEBUG] cheese - admin
[2023-10-19T10:08:07.625] [DEBUG] cheese - null
[2023-10-19T10:08:07.625] [DEBUG] cheese - null
[2023-10-19T10:08:07.748] [DEBUG] cheese - login => username:admin,password:123456
[2023-10-19T10:08:07.748] [DEBUG] cheese - admin
[2023-10-19T10:08:07.749] [DEBUG] cheese - null
[2023-10-19T10:08:07.749] [DEBUG] cheese - null
[2023-10-19T10:08:07.867] [DEBUG] cheese - login => username:admin,password:123456
[2023-10-19T10:08:07.867] [DEBUG] cheese - admin
[2023-10-19T10:08:07.868] [DEBUG] cheese - null
[2023-10-19T10:08:07.868] [DEBUG] cheese - null
[2023-10-19T10:08:07.985] [DEBUG] cheese - login => username:admin,password:123456
[2023-10-19T10:08:07.985] [DEBUG] cheese - admin
[2023-10-19T10:08:07.986] [DEBUG] cheese - null
[2023-10-19T10:08:07.986] [DEBUG] cheese - null
[2023-10-19T10:08:08.102] [DEBUG] cheese - login => username:admin,password:123456
[2023-10-19T10:08:08.102] [DEBUG] cheese - admin
[2023-10-19T10:08:08.103] [DEBUG] cheese - null
[2023-10-19T10:08:08.103] [DEBUG] cheese - null
[2023-10-19T10:08:08.216] [DEBUG] cheese - login => username:admin,password:123456
[2023-10-19T10:08:08.216] [DEBUG] cheese - admin
[2023-10-19T10:08:08.217] [DEBUG] cheese - null
[2023-10-19T10:08:08.217] [DEBUG] cheese - null
[2023-10-19T10:08:08.334] [DEBUG] cheese - login => username:admin,password:123456
[2023-10-19T10:08:08.335] [DEBUG] cheese - admin
[2023-10-19T10:08:08.335] [DEBUG] cheese - null
[2023-10-19T10:08:08.335] [DEBUG] cheese - null
[2023-10-19T10:08:08.449] [DEBUG] cheese - login => username:admin,password:123456
[2023-10-19T10:08:08.449] [DEBUG] cheese - admin
[2023-10-19T10:08:08.450] [DEBUG] cheese - null
[2023-10-19T10:08:08.450] [DEBUG] cheese - null
[2023-10-19T10:08:08.566] [DEBUG] cheese - login => username:admin,password:123456
[2023-10-19T10:08:08.566] [DEBUG] cheese - admin
[2023-10-19T10:08:08.567] [DEBUG] cheese - null
[2023-10-19T10:08:08.567] [DEBUG] cheese - null
[2023-10-19T10:08:08.682] [DEBUG] cheese - login => username:admin,password:123456
[2023-10-19T10:08:08.682] [DEBUG] cheese - admin
[2023-10-19T10:08:08.683] [DEBUG] cheese - null
[2023-10-19T10:08:08.683] [DEBUG] cheese - null
[2023-10-19T10:08:08.808] [DEBUG] cheese - login => username:admin,password:123456
[2023-10-19T10:08:08.808] [DEBUG] cheese - admin
[2023-10-19T10:08:08.810] [DEBUG] cheese - null
[2023-10-19T10:08:08.810] [DEBUG] cheese - null
[2023-10-19T10:08:08.933] [DEBUG] cheese - login => username:admin,password:123456
[2023-10-19T10:08:08.933] [DEBUG] cheese - admin
[2023-10-19T10:08:08.934] [DEBUG] cheese - null
[2023-10-19T10:08:08.934] [DEBUG] cheese - null
[2023-10-19T10:08:09.048] [DEBUG] cheese - login => username:admin,password:123456
[2023-10-19T10:08:09.048] [DEBUG] cheese - admin
[2023-10-19T10:08:09.049] [DEBUG] cheese - null
[2023-10-19T10:08:09.049] [DEBUG] cheese - null
[2023-10-19T10:08:09.166] [DEBUG] cheese - login => username:admin,password:123456
[2023-10-19T10:08:09.166] [DEBUG] cheese - admin
[2023-10-19T10:08:09.167] [DEBUG] cheese - null
[2023-10-19T10:08:09.167] [DEBUG] cheese - null
[2023-10-19T10:08:09.283] [DEBUG] cheese - login => username:admin,password:123456
[2023-10-19T10:08:09.284] [DEBUG] cheese - admin
[2023-10-19T10:08:09.284] [DEBUG] cheese - null
[2023-10-19T10:08:09.284] [DEBUG] cheese - null
[2023-10-19T10:08:09.400] [DEBUG] cheese - login => username:admin,password:123456
[2023-10-19T10:08:09.401] [DEBUG] cheese - admin
[2023-10-19T10:08:09.401] [DEBUG] cheese - null
[2023-10-19T10:08:09.401] [DEBUG] cheese - null
[2023-10-19T10:08:09.524] [DEBUG] cheese - login => username:admin,password:123456
[2023-10-19T10:08:09.524] [DEBUG] cheese - admin
[2023-10-19T10:08:09.526] [DEBUG] cheese - null
[2023-10-19T10:08:09.526] [DEBUG] cheese - null
[2023-10-19T10:08:09.640] [DEBUG] cheese - login => username:admin,password:123456
[2023-10-19T10:08:09.641] [DEBUG] cheese - admin
[2023-10-19T10:08:09.642] [DEBUG] cheese - null
[2023-10-19T10:08:09.642] [DEBUG] cheese - null
[2023-10-19T10:08:09.761] [DEBUG] cheese - login => username:admin,password:123456
[2023-10-19T10:08:09.761] [DEBUG] cheese - admin
[2023-10-19T10:08:09.766] [DEBUG] cheese - null
[2023-10-19T10:08:09.766] [DEBUG] cheese - null
[2023-10-19T10:08:09.893] [DEBUG] cheese - login => username:admin,password:123456
[2023-10-19T10:08:09.893] [DEBUG] cheese - admin
[2023-10-19T10:08:09.895] [DEBUG] cheese - null
[2023-10-19T10:08:09.895] [DEBUG] cheese - null
[2023-10-19T10:08:10.014] [DEBUG] cheese - login => username:admin,password:123456
[2023-10-19T10:08:10.014] [DEBUG] cheese - admin
[2023-10-19T10:08:10.014] [DEBUG] cheese - null
[2023-10-19T10:08:10.015] [DEBUG] cheese - null
[2023-10-19T10:08:10.131] [DEBUG] cheese - login => username:admin,password:123456
[2023-10-19T10:08:10.132] [DEBUG] cheese - admin
[2023-10-19T10:08:10.132] [DEBUG] cheese - null
[2023-10-19T10:08:10.132] [DEBUG] cheese - null
[2023-10-19T10:08:10.250] [DEBUG] cheese - login => username:admin,password:123456
[2023-10-19T10:08:10.250] [DEBUG] cheese - admin
[2023-10-19T10:08:10.251] [DEBUG] cheese - null
[2023-10-19T10:08:10.251] [DEBUG] cheese - null
[2023-10-19T10:08:10.366] [DEBUG] cheese - login => username:admin,password:123456
[2023-10-19T10:08:10.366] [DEBUG] cheese - admin
[2023-10-19T10:08:10.369] [DEBUG] cheese - null
[2023-10-19T10:08:10.369] [DEBUG] cheese - null
[2023-10-19T10:08:10.523] [DEBUG] cheese - login => username:admin,password:123456
[2023-10-19T10:08:10.523] [DEBUG] cheese - admin
[2023-10-19T10:08:10.524] [DEBUG] cheese - null
[2023-10-19T10:08:10.524] [DEBUG] cheese - null
[2023-10-19T10:08:10.721] [DEBUG] cheese - login => username:admin,password:123456
[2023-10-19T10:08:10.722] [DEBUG] cheese - admin
[2023-10-19T10:08:10.723] [DEBUG] cheese - null
[2023-10-19T10:08:10.723] [DEBUG] cheese - null
[2023-10-19T10:08:10.899] [DEBUG] cheese - login => username:admin,password:123456
[2023-10-19T10:08:10.899] [DEBUG] cheese - admin
[2023-10-19T10:08:10.900] [DEBUG] cheese - null
[2023-10-19T10:08:10.900] [DEBUG] cheese - null
[2023-10-19T10:08:11.010] [DEBUG] cheese - login => username:admin,password:123456
[2023-10-19T10:08:11.010] [DEBUG] cheese - admin
[2023-10-19T10:08:11.011] [DEBUG] cheese - null
[2023-10-19T10:08:11.011] [DEBUG] cheese - null
[2023-10-19T10:08:11.121] [DEBUG] cheese - login => username:admin,password:123456
[2023-10-19T10:08:11.121] [DEBUG] cheese - admin
[2023-10-19T10:08:11.123] [DEBUG] cheese - null
[2023-10-19T10:08:11.123] [DEBUG] cheese - null
[2023-10-19T10:08:11.229] [DEBUG] cheese - login => username:admin,password:123456
[2023-10-19T10:08:11.229] [DEBUG] cheese - admin
[2023-10-19T10:08:11.230] [DEBUG] cheese - null
[2023-10-19T10:08:11.230] [DEBUG] cheese - null
[2023-10-19T10:08:11.334] [DEBUG] cheese - login => username:admin,password:123456
[2023-10-19T10:08:11.334] [DEBUG] cheese - admin
[2023-10-19T10:08:11.335] [DEBUG] cheese - null
[2023-10-19T10:08:11.335] [DEBUG] cheese - null
[2023-10-19T10:08:11.458] [DEBUG] cheese - login => username:admin,password:123456
[2023-10-19T10:08:11.458] [DEBUG] cheese - admin
[2023-10-19T10:08:11.459] [DEBUG] cheese - null
[2023-10-19T10:08:11.459] [DEBUG] cheese - null
[2023-10-19T10:08:11.570] [DEBUG] cheese - login => username:admin,password:123456
[2023-10-19T10:08:11.571] [DEBUG] cheese - admin
[2023-10-19T10:08:11.572] [DEBUG] cheese - null
[2023-10-19T10:08:11.572] [DEBUG] cheese - null
[2023-10-19T10:08:11.676] [DEBUG] cheese - login => username:admin,password:123456
[2023-10-19T10:08:11.677] [DEBUG] cheese - admin
[2023-10-19T10:08:11.678] [DEBUG] cheese - null
[2023-10-19T10:08:11.678] [DEBUG] cheese - null
[2023-10-19T10:08:11.786] [DEBUG] cheese - login => username:admin,password:123456
[2023-10-19T10:08:11.786] [DEBUG] cheese - admin
[2023-10-19T10:08:11.787] [DEBUG] cheese - null
[2023-10-19T10:08:11.787] [DEBUG] cheese - null
[2023-10-19T10:08:11.896] [DEBUG] cheese - login => username:admin,password:123456
[2023-10-19T10:08:11.896] [DEBUG] cheese - admin
[2023-10-19T10:08:11.897] [DEBUG] cheese - null
[2023-10-19T10:08:11.897] [DEBUG] cheese - null
[2023-10-19T10:08:12.013] [DEBUG] cheese - login => username:admin,password:123456
[2023-10-19T10:08:12.013] [DEBUG] cheese - admin
[2023-10-19T10:08:12.014] [DEBUG] cheese - null
[2023-10-19T10:08:12.014] [DEBUG] cheese - null
[2023-10-19T10:08:12.134] [DEBUG] cheese - login => username:admin,password:123456
[2023-10-19T10:08:12.134] [DEBUG] cheese - admin
[2023-10-19T10:08:12.135] [DEBUG] cheese - null
[2023-10-19T10:08:12.135] [DEBUG] cheese - null
[2023-10-19T10:08:12.256] [DEBUG] cheese - login => username:admin,password:123456
[2023-10-19T10:08:12.256] [DEBUG] cheese - admin
[2023-10-19T10:08:12.257] [DEBUG] cheese - null
[2023-10-19T10:08:12.257] [DEBUG] cheese - null
[2023-10-19T10:08:12.372] [DEBUG] cheese - login => username:admin,password:123456
[2023-10-19T10:08:12.372] [DEBUG] cheese - admin
[2023-10-19T10:08:12.373] [DEBUG] cheese - null
[2023-10-19T10:08:12.373] [DEBUG] cheese - null
[2023-10-19T10:08:12.488] [DEBUG] cheese - login => username:admin,password:123456
[2023-10-19T10:08:12.488] [DEBUG] cheese - admin
[2023-10-19T10:08:12.488] [DEBUG] cheese - null
[2023-10-19T10:08:12.489] [DEBUG] cheese - null
[2023-10-19T10:08:12.605] [DEBUG] cheese - login => username:admin,password:123456
[2023-10-19T10:08:12.605] [DEBUG] cheese - admin
[2023-10-19T10:08:12.606] [DEBUG] cheese - null
[2023-10-19T10:08:12.606] [DEBUG] cheese - null
[2023-10-19T10:08:12.721] [DEBUG] cheese - login => username:admin,password:123456
[2023-10-19T10:08:12.721] [DEBUG] cheese - admin
[2023-10-19T10:08:12.722] [DEBUG] cheese - null
[2023-10-19T10:08:12.722] [DEBUG] cheese - null
[2023-10-19T10:08:12.843] [DEBUG] cheese - login => username:admin,password:123456
[2023-10-19T10:08:12.843] [DEBUG] cheese - admin
[2023-10-19T10:08:12.847] [DEBUG] cheese - null
[2023-10-19T10:08:12.847] [DEBUG] cheese - null
[2023-10-19T10:08:12.962] [DEBUG] cheese - login => username:admin,password:123456
[2023-10-19T10:08:12.962] [DEBUG] cheese - admin
[2023-10-19T10:08:12.963] [DEBUG] cheese - null
[2023-10-19T10:08:12.963] [DEBUG] cheese - null
[2023-10-19T10:08:13.077] [DEBUG] cheese - login => username:admin,password:123456
[2023-10-19T10:08:13.077] [DEBUG] cheese - admin
[2023-10-19T10:08:13.078] [DEBUG] cheese - null
[2023-10-19T10:08:13.078] [DEBUG] cheese - null
[2023-10-19T10:08:13.195] [DEBUG] cheese - login => username:admin,password:123456
[2023-10-19T10:08:13.195] [DEBUG] cheese - admin
[2023-10-19T10:08:13.196] [DEBUG] cheese - null
[2023-10-19T10:08:13.196] [DEBUG] cheese - null
[2023-10-19T10:08:13.315] [DEBUG] cheese - login => username:admin,password:123456
[2023-10-19T10:08:13.315] [DEBUG] cheese - admin
[2023-10-19T10:08:13.316] [DEBUG] cheese - null
[2023-10-19T10:08:13.316] [DEBUG] cheese - null
[2023-10-19T10:08:13.430] [DEBUG] cheese - login => username:admin,password:123456
[2023-10-19T10:08:13.430] [DEBUG] cheese - admin
[2023-10-19T10:08:13.431] [DEBUG] cheese - null
[2023-10-19T10:08:13.431] [DEBUG] cheese - null
[2023-10-19T10:08:13.556] [DEBUG] cheese - login => username:admin,password:123456
[2023-10-19T10:08:13.556] [DEBUG] cheese - admin
[2023-10-19T10:08:13.557] [DEBUG] cheese - null
[2023-10-19T10:08:13.557] [DEBUG] cheese - null
[2023-10-19T10:08:13.695] [DEBUG] cheese - login => username:admin,password:123456
[2023-10-19T10:08:13.696] [DEBUG] cheese - admin
[2023-10-19T10:08:13.697] [DEBUG] cheese - null
[2023-10-19T10:08:13.697] [DEBUG] cheese - null
[2023-10-19T10:08:13.814] [DEBUG] cheese - login => username:admin,password:123456
[2023-10-19T10:08:13.814] [DEBUG] cheese - admin
[2023-10-19T10:08:13.815] [DEBUG] cheese - null
[2023-10-19T10:08:13.815] [DEBUG] cheese - null
[2023-10-19T10:08:13.930] [DEBUG] cheese - login => username:admin,password:123456
[2023-10-19T10:08:13.930] [DEBUG] cheese - admin
[2023-10-19T10:08:13.931] [DEBUG] cheese - null
[2023-10-19T10:08:13.931] [DEBUG] cheese - null
[2023-10-19T10:08:14.046] [DEBUG] cheese - login => username:admin,password:123456
[2023-10-19T10:08:14.047] [DEBUG] cheese - admin
[2023-10-19T10:08:14.048] [DEBUG] cheese - null
[2023-10-19T10:08:14.048] [DEBUG] cheese - null
[2023-10-19T10:08:14.163] [DEBUG] cheese - login => username:admin,password:123456
[2023-10-19T10:08:14.164] [DEBUG] cheese - admin
[2023-10-19T10:08:14.164] [DEBUG] cheese - null
[2023-10-19T10:08:14.164] [DEBUG] cheese - null
[2023-10-19T10:08:14.276] [DEBUG] cheese - login => username:admin,password:123456
[2023-10-19T10:08:14.276] [DEBUG] cheese - admin
[2023-10-19T10:08:14.277] [DEBUG] cheese - null
[2023-10-19T10:08:14.277] [DEBUG] cheese - null
[2023-10-19T10:08:14.383] [DEBUG] cheese - login => username:admin,password:123456
[2023-10-19T10:08:14.383] [DEBUG] cheese - admin
[2023-10-19T10:08:14.383] [DEBUG] cheese - null
[2023-10-19T10:08:14.384] [DEBUG] cheese - null
[2023-10-19T10:08:14.491] [DEBUG] cheese - login => username:admin,password:123456
[2023-10-19T10:08:14.491] [DEBUG] cheese - admin
[2023-10-19T10:08:14.492] [DEBUG] cheese - null
[2023-10-19T10:08:14.492] [DEBUG] cheese - null
[2023-10-19T10:08:14.601] [DEBUG] cheese - login => username:admin,password:123456
[2023-10-19T10:08:14.601] [DEBUG] cheese - admin
[2023-10-19T10:08:14.602] [DEBUG] cheese - null
[2023-10-19T10:08:14.602] [DEBUG] cheese - null
[2023-10-19T10:08:14.711] [DEBUG] cheese - login => username:admin,password:123456
[2023-10-19T10:08:14.711] [DEBUG] cheese - admin
[2023-10-19T10:08:14.712] [DEBUG] cheese - null
[2023-10-19T10:08:14.712] [DEBUG] cheese - null
[2023-10-19T10:08:14.819] [DEBUG] cheese - login => username:admin,password:123456
[2023-10-19T10:08:14.819] [DEBUG] cheese - admin
[2023-10-19T10:08:14.820] [DEBUG] cheese - null
[2023-10-19T10:08:14.820] [DEBUG] cheese - null
[2023-10-19T10:08:14.929] [DEBUG] cheese - login => username:admin,password:123456
[2023-10-19T10:08:14.929] [DEBUG] cheese - admin
[2023-10-19T10:08:14.929] [DEBUG] cheese - null
[2023-10-19T10:08:14.929] [DEBUG] cheese - null
[2023-10-19T10:08:15.052] [DEBUG] cheese - login => username:admin,password:123456
[2023-10-19T10:08:15.052] [DEBUG] cheese - admin
[2023-10-19T10:08:15.053] [DEBUG] cheese - null
[2023-10-19T10:08:15.053] [DEBUG] cheese - null
[2023-10-19T10:08:15.166] [DEBUG] cheese - login => username:admin,password:123456
[2023-10-19T10:08:15.166] [DEBUG] cheese - admin
[2023-10-19T10:08:15.167] [DEBUG] cheese - null
[2023-10-19T10:08:15.167] [DEBUG] cheese - null
[2023-10-19T10:08:15.280] [DEBUG] cheese - login => username:admin,password:123456
[2023-10-19T10:08:15.280] [DEBUG] cheese - admin
[2023-10-19T10:08:15.281] [DEBUG] cheese - null
[2023-10-19T10:08:15.281] [DEBUG] cheese - null
[2023-10-19T10:08:15.393] [DEBUG] cheese - login => username:admin,password:123456
[2023-10-19T10:08:15.393] [DEBUG] cheese - admin
[2023-10-19T10:08:15.394] [DEBUG] cheese - null
[2023-10-19T10:08:15.394] [DEBUG] cheese - null
[2023-10-19T10:08:15.506] [DEBUG] cheese - login => username:admin,password:123456
[2023-10-19T10:08:15.506] [DEBUG] cheese - admin
[2023-10-19T10:08:15.507] [DEBUG] cheese - null
[2023-10-19T10:08:15.507] [DEBUG] cheese - null
[2023-10-19T10:08:15.796] [DEBUG] cheese - login => username:admin,password:123456
[2023-10-19T10:08:15.797] [DEBUG] cheese - admin
[2023-10-19T10:08:15.920] [DEBUG] cheese - null
[2023-10-19T10:08:15.920] [DEBUG] cheese - null
[2023-10-19T10:08:16.217] [DEBUG] cheese - login => username:admin,password:123456
[2023-10-19T10:08:16.217] [DEBUG] cheese - admin
[2023-10-19T10:08:16.220] [DEBUG] cheese - null
[2023-10-19T10:08:16.220] [DEBUG] cheese - null
[2023-10-19T10:08:16.377] [DEBUG] cheese - login => username:admin,password:123456
[2023-10-19T10:08:16.377] [DEBUG] cheese - admin
[2023-10-19T10:08:16.378] [DEBUG] cheese - null
[2023-10-19T10:08:16.378] [DEBUG] cheese - null
[2023-10-19T10:08:16.531] [DEBUG] cheese - login => username:admin,password:123456
[2023-10-19T10:08:16.531] [DEBUG] cheese - admin
[2023-10-19T10:08:16.532] [DEBUG] cheese - null
[2023-10-19T10:08:16.532] [DEBUG] cheese - null
[2023-10-19T10:08:16.658] [DEBUG] cheese - login => username:admin,password:123456
[2023-10-19T10:08:16.658] [DEBUG] cheese - admin
[2023-10-19T10:08:16.661] [DEBUG] cheese - null
[2023-10-19T10:08:16.661] [DEBUG] cheese - null
[2023-10-19T10:08:16.773] [DEBUG] cheese - login => username:admin,password:123456
[2023-10-19T10:08:16.773] [DEBUG] cheese - admin
[2023-10-19T10:08:16.774] [DEBUG] cheese - null
[2023-10-19T10:08:16.774] [DEBUG] cheese - null
[2023-10-19T10:08:16.894] [DEBUG] cheese - login => username:admin,password:123456
[2023-10-19T10:08:16.894] [DEBUG] cheese - admin
[2023-10-19T10:08:16.895] [DEBUG] cheese - null
[2023-10-19T10:08:16.895] [DEBUG] cheese - null
[2023-10-19T10:08:17.007] [DEBUG] cheese - login => username:admin,password:123456
[2023-10-19T10:08:17.007] [DEBUG] cheese - admin
[2023-10-19T10:08:17.008] [DEBUG] cheese - null
[2023-10-19T10:08:17.009] [DEBUG] cheese - null
[2023-10-19T10:08:17.122] [DEBUG] cheese - login => username:admin,password:123456
[2023-10-19T10:08:17.122] [DEBUG] cheese - admin
[2023-10-19T10:08:17.123] [DEBUG] cheese - null
[2023-10-19T10:08:17.123] [DEBUG] cheese - null
[2023-10-19T10:08:17.236] [DEBUG] cheese - login => username:admin,password:123456
[2023-10-19T10:08:17.236] [DEBUG] cheese - admin
[2023-10-19T10:08:17.238] [DEBUG] cheese - null
[2023-10-19T10:08:17.238] [DEBUG] cheese - null
[2023-10-19T10:08:17.454] [DEBUG] cheese - login => username:admin,password:123456
[2023-10-19T10:08:17.454] [DEBUG] cheese - admin
[2023-10-19T10:08:17.458] [DEBUG] cheese - null
[2023-10-19T10:08:17.458] [DEBUG] cheese - null
[2023-10-19T10:08:17.592] [DEBUG] cheese - login => username:admin,password:123456
[2023-10-19T10:08:17.592] [DEBUG] cheese - admin
[2023-10-19T10:08:17.593] [DEBUG] cheese - null
[2023-10-19T10:08:17.593] [DEBUG] cheese - null
[2023-10-19T10:08:17.707] [DEBUG] cheese - login => username:admin,password:123456
[2023-10-19T10:08:17.707] [DEBUG] cheese - admin
[2023-10-19T10:08:17.708] [DEBUG] cheese - null
[2023-10-19T10:08:17.709] [DEBUG] cheese - null
[2023-10-19T10:08:17.833] [DEBUG] cheese - login => username:admin,password:123456
[2023-10-19T10:08:17.833] [DEBUG] cheese - admin
[2023-10-19T10:08:17.834] [DEBUG] cheese - null
[2023-10-19T10:08:17.834] [DEBUG] cheese - null
[2023-10-19T10:08:17.947] [DEBUG] cheese - login => username:admin,password:123456
[2023-10-19T10:08:17.947] [DEBUG] cheese - admin
[2023-10-19T10:08:17.949] [DEBUG] cheese - null
[2023-10-19T10:08:17.949] [DEBUG] cheese - null
[2023-10-19T10:08:18.095] [DEBUG] cheese - login => username:admin,password:123456
[2023-10-19T10:08:18.095] [DEBUG] cheese - admin
[2023-10-19T10:08:18.096] [DEBUG] cheese - null
[2023-10-19T10:08:18.096] [DEBUG] cheese - null
[2023-10-19T10:08:18.209] [DEBUG] cheese - login => username:admin,password:123456
[2023-10-19T10:08:18.209] [DEBUG] cheese - admin
[2023-10-19T10:08:18.211] [DEBUG] cheese - null
[2023-10-19T10:08:18.211] [DEBUG] cheese - null
[2023-10-19T10:08:18.381] [DEBUG] cheese - login => username:admin,password:123456
[2023-10-19T10:08:18.381] [DEBUG] cheese - admin
[2023-10-19T10:08:18.382] [DEBUG] cheese - null
[2023-10-19T10:08:18.382] [DEBUG] cheese - null
[2023-10-19T10:08:18.490] [DEBUG] cheese - login => username:admin,password:123456
[2023-10-19T10:08:18.490] [DEBUG] cheese - admin
[2023-10-19T10:08:18.491] [DEBUG] cheese - null
[2023-10-19T10:08:18.491] [DEBUG] cheese - null
[2023-10-19T10:08:18.644] [DEBUG] cheese - login => username:admin,password:123456
[2023-10-19T10:08:18.644] [DEBUG] cheese - admin
[2023-10-19T10:08:18.645] [DEBUG] cheese - null
[2023-10-19T10:08:18.645] [DEBUG] cheese - null
[2023-10-19T10:08:18.754] [DEBUG] cheese - login => username:admin,password:123456
[2023-10-19T10:08:18.754] [DEBUG] cheese - admin
[2023-10-19T10:08:18.756] [DEBUG] cheese - null
[2023-10-19T10:08:18.756] [DEBUG] cheese - null
[2023-10-19T10:08:18.871] [DEBUG] cheese - login => username:admin,password:123456
[2023-10-19T10:08:18.871] [DEBUG] cheese - admin
[2023-10-19T10:08:18.873] [DEBUG] cheese - null
[2023-10-19T10:08:18.873] [DEBUG] cheese - null
[2023-10-19T10:08:18.986] [DEBUG] cheese - login => username:admin,password:123456
[2023-10-19T10:08:18.986] [DEBUG] cheese - admin
[2023-10-19T10:08:18.987] [DEBUG] cheese - null
[2023-10-19T10:08:18.987] [DEBUG] cheese - null
[2023-10-19T10:08:19.117] [DEBUG] cheese - login => username:admin,password:123456
[2023-10-19T10:08:19.117] [DEBUG] cheese - admin
[2023-10-19T10:08:19.121] [DEBUG] cheese - null
[2023-10-19T10:08:19.121] [DEBUG] cheese - null
[2023-10-19T10:08:19.282] [DEBUG] cheese - login => username:admin,password:123456
[2023-10-19T10:08:19.282] [DEBUG] cheese - admin
[2023-10-19T10:08:19.283] [DEBUG] cheese - null
[2023-10-19T10:08:19.283] [DEBUG] cheese - null
[2023-10-19T10:08:19.397] [DEBUG] cheese - login => username:admin,password:123456
[2023-10-19T10:08:19.397] [DEBUG] cheese - admin
[2023-10-19T10:08:19.398] [DEBUG] cheese - null
[2023-10-19T10:08:19.398] [DEBUG] cheese - null
[2023-10-19T10:08:19.508] [DEBUG] cheese - login => username:admin,password:123456
[2023-10-19T10:08:19.508] [DEBUG] cheese - admin
[2023-10-19T10:08:19.509] [DEBUG] cheese - null
[2023-10-19T10:08:19.510] [DEBUG] cheese - null
[2023-10-19T10:08:19.620] [DEBUG] cheese - login => username:admin,password:123456
[2023-10-19T10:08:19.620] [DEBUG] cheese - admin
[2023-10-19T10:08:19.621] [DEBUG] cheese - null
[2023-10-19T10:08:19.621] [DEBUG] cheese - null
[2023-10-19T10:08:19.732] [DEBUG] cheese - login => username:admin,password:123456
[2023-10-19T10:08:19.732] [DEBUG] cheese - admin
[2023-10-19T10:08:19.733] [DEBUG] cheese - null
[2023-10-19T10:08:19.733] [DEBUG] cheese - null
[2023-10-19T10:08:19.842] [DEBUG] cheese - login => username:admin,password:123456
[2023-10-19T10:08:19.843] [DEBUG] cheese - admin
[2023-10-19T10:08:19.844] [DEBUG] cheese - null
[2023-10-19T10:08:19.844] [DEBUG] cheese - null
[2023-10-19T10:08:19.954] [DEBUG] cheese - login => username:admin,password:123456
[2023-10-19T10:08:19.954] [DEBUG] cheese - admin
[2023-10-19T10:08:19.964] [DEBUG] cheese - null
[2023-10-19T10:08:19.964] [DEBUG] cheese - null
[2023-10-19T10:08:20.078] [DEBUG] cheese - login => username:admin,password:123456
[2023-10-19T10:08:20.078] [DEBUG] cheese - admin
[2023-10-19T10:08:20.079] [DEBUG] cheese - null
[2023-10-19T10:08:20.079] [DEBUG] cheese - null
[2023-10-19T10:08:20.218] [DEBUG] cheese - login => username:admin,password:123456
[2023-10-19T10:08:20.218] [DEBUG] cheese - admin
[2023-10-19T10:08:20.219] [DEBUG] cheese - null
[2023-10-19T10:08:20.219] [DEBUG] cheese - null
[2023-10-19T10:08:20.334] [DEBUG] cheese - login => username:admin,password:123456
[2023-10-19T10:08:20.334] [DEBUG] cheese - admin
[2023-10-19T10:08:20.335] [DEBUG] cheese - null
[2023-10-19T10:08:20.335] [DEBUG] cheese - null
[2023-10-19T10:08:20.448] [DEBUG] cheese - login => username:admin,password:123456
[2023-10-19T10:08:20.448] [DEBUG] cheese - admin
[2023-10-19T10:08:20.449] [DEBUG] cheese - null
[2023-10-19T10:08:20.449] [DEBUG] cheese - null
[2023-10-19T10:08:20.569] [DEBUG] cheese - login => username:admin,password:123456
[2023-10-19T10:08:20.569] [DEBUG] cheese - admin
[2023-10-19T10:08:20.569] [DEBUG] cheese - null
[2023-10-19T10:08:20.569] [DEBUG] cheese - null
[2023-10-19T10:08:20.683] [DEBUG] cheese - login => username:admin,password:123456
[2023-10-19T10:08:20.683] [DEBUG] cheese - admin
[2023-10-19T10:08:20.684] [DEBUG] cheese - null
[2023-10-19T10:08:20.684] [DEBUG] cheese - null
[2023-10-19T10:08:20.795] [DEBUG] cheese - login => username:admin,password:123456
[2023-10-19T10:08:20.795] [DEBUG] cheese - admin
[2023-10-19T10:08:20.796] [DEBUG] cheese - null
[2023-10-19T10:08:20.796] [DEBUG] cheese - null
[2023-10-19T10:08:20.922] [DEBUG] cheese - login => username:admin,password:123456
[2023-10-19T10:08:20.922] [DEBUG] cheese - admin
[2023-10-19T10:08:20.923] [DEBUG] cheese - null
[2023-10-19T10:08:20.923] [DEBUG] cheese - null
[2023-10-19T10:08:21.046] [DEBUG] cheese - login => username:admin,password:123456
[2023-10-19T10:08:21.046] [DEBUG] cheese - admin
[2023-10-19T10:08:21.048] [DEBUG] cheese - null
[2023-10-19T10:08:21.048] [DEBUG] cheese - null
[2023-10-19T10:08:21.160] [DEBUG] cheese - login => username:admin,password:123456
[2023-10-19T10:08:21.160] [DEBUG] cheese - admin
[2023-10-19T10:08:21.161] [DEBUG] cheese - null
[2023-10-19T10:08:21.162] [DEBUG] cheese - null
[2023-10-19T10:08:21.270] [DEBUG] cheese - login => username:admin,password:123456
[2023-10-19T10:08:21.270] [DEBUG] cheese - admin
[2023-10-19T10:08:21.271] [DEBUG] cheese - null
[2023-10-19T10:08:21.272] [DEBUG] cheese - null
[2023-10-19T10:08:21.383] [DEBUG] cheese - login => username:admin,password:123456
[2023-10-19T10:08:21.383] [DEBUG] cheese - admin
[2023-10-19T10:08:21.384] [DEBUG] cheese - null
[2023-10-19T10:08:21.384] [DEBUG] cheese - null
[2023-10-19T10:08:21.494] [DEBUG] cheese - login => username:admin,password:123456
[2023-10-19T10:08:21.494] [DEBUG] cheese - admin
[2023-10-19T10:08:21.495] [DEBUG] cheese - null
[2023-10-19T10:08:21.495] [DEBUG] cheese - null
[2023-10-19T10:08:21.608] [DEBUG] cheese - login => username:admin,password:123456
[2023-10-19T10:08:21.608] [DEBUG] cheese - admin
[2023-10-19T10:08:21.610] [DEBUG] cheese - null
[2023-10-19T10:08:21.610] [DEBUG] cheese - null
[2023-10-19T10:08:21.719] [DEBUG] cheese - login => username:admin,password:123456
[2023-10-19T10:08:21.719] [DEBUG] cheese - admin
[2023-10-19T10:08:21.720] [DEBUG] cheese - null
[2023-10-19T10:08:21.720] [DEBUG] cheese - null
[2023-10-19T10:08:21.905] [DEBUG] cheese - login => username:admin,password:123456
[2023-10-19T10:08:21.906] [DEBUG] cheese - admin
[2023-10-19T10:08:21.907] [DEBUG] cheese - null
[2023-10-19T10:08:21.907] [DEBUG] cheese - null
[2023-10-19T10:08:22.017] [DEBUG] cheese - login => username:admin,password:123456
[2023-10-19T10:08:22.017] [DEBUG] cheese - admin
[2023-10-19T10:08:22.019] [DEBUG] cheese - null
[2023-10-19T10:08:22.019] [DEBUG] cheese - null
[2023-10-19T10:08:22.149] [DEBUG] cheese - login => username:admin,password:123456
[2023-10-19T10:08:22.149] [DEBUG] cheese - admin
[2023-10-19T10:08:22.151] [DEBUG] cheese - null
[2023-10-19T10:08:22.151] [DEBUG] cheese - null
[2023-10-19T10:08:22.269] [DEBUG] cheese - login => username:admin,password:123456
[2023-10-19T10:08:22.269] [DEBUG] cheese - admin
[2023-10-19T10:08:22.271] [DEBUG] cheese - null
[2023-10-19T10:08:22.271] [DEBUG] cheese - null
[2023-10-19T10:08:22.382] [DEBUG] cheese - login => username:admin,password:123456
[2023-10-19T10:08:22.383] [DEBUG] cheese - admin
[2023-10-19T10:08:22.385] [DEBUG] cheese - null
[2023-10-19T10:08:22.385] [DEBUG] cheese - null
[2023-10-19T10:08:22.500] [DEBUG] cheese - login => username:admin,password:123456
[2023-10-19T10:08:22.501] [DEBUG] cheese - admin
[2023-10-19T10:08:22.503] [DEBUG] cheese - null
[2023-10-19T10:08:22.503] [DEBUG] cheese - null
[2023-10-19T10:08:22.613] [DEBUG] cheese - login => username:admin,password:123456
[2023-10-19T10:08:22.613] [DEBUG] cheese - admin
[2023-10-19T10:08:22.615] [DEBUG] cheese - null
[2023-10-19T10:08:22.615] [DEBUG] cheese - null
[2023-10-19T10:08:22.731] [DEBUG] cheese - login => username:admin,password:123456
[2023-10-19T10:08:22.731] [DEBUG] cheese - admin
[2023-10-19T10:08:22.732] [DEBUG] cheese - null
[2023-10-19T10:08:22.732] [DEBUG] cheese - null
[2023-10-19T10:08:22.865] [DEBUG] cheese - login => username:admin,password:123456
[2023-10-19T10:08:22.865] [DEBUG] cheese - admin
[2023-10-19T10:08:22.869] [DEBUG] cheese - null
[2023-10-19T10:08:22.869] [DEBUG] cheese - null
[2023-10-19T10:08:22.985] [DEBUG] cheese - login => username:admin,password:123456
[2023-10-19T10:08:22.985] [DEBUG] cheese - admin
[2023-10-19T10:08:22.986] [DEBUG] cheese - null
[2023-10-19T10:08:22.986] [DEBUG] cheese - null
[2023-10-19T10:08:23.096] [DEBUG] cheese - login => username:admin,password:123456
[2023-10-19T10:08:23.096] [DEBUG] cheese - admin
[2023-10-19T10:08:23.097] [DEBUG] cheese - null
[2023-10-19T10:08:23.097] [DEBUG] cheese - null
[2023-10-19T10:08:23.209] [DEBUG] cheese - login => username:admin,password:123456
[2023-10-19T10:08:23.209] [DEBUG] cheese - admin
[2023-10-19T10:08:23.210] [DEBUG] cheese - null
[2023-10-19T10:08:23.210] [DEBUG] cheese - null
[2023-10-19T10:08:23.330] [DEBUG] cheese - login => username:admin,password:123456
[2023-10-19T10:08:23.330] [DEBUG] cheese - admin
[2023-10-19T10:08:23.331] [DEBUG] cheese - null
[2023-10-19T10:08:23.331] [DEBUG] cheese - null
[2023-10-19T10:08:23.466] [DEBUG] cheese - login => username:admin,password:123456
[2023-10-19T10:08:23.466] [DEBUG] cheese - admin
[2023-10-19T10:08:23.467] [DEBUG] cheese - null
[2023-10-19T10:08:23.467] [DEBUG] cheese - null
[2023-10-19T10:08:23.578] [DEBUG] cheese - login => username:admin,password:123456
[2023-10-19T10:08:23.578] [DEBUG] cheese - admin
[2023-10-19T10:08:23.580] [DEBUG] cheese - null
[2023-10-19T10:08:23.580] [DEBUG] cheese - null
[2023-10-19T10:08:23.691] [DEBUG] cheese - login => username:admin,password:123456
[2023-10-19T10:08:23.691] [DEBUG] cheese - admin
[2023-10-19T10:08:23.692] [DEBUG] cheese - null
[2023-10-19T10:08:23.692] [DEBUG] cheese - null
[2023-10-19T10:08:23.802] [DEBUG] cheese - login => username:admin,password:123456
[2023-10-19T10:08:23.802] [DEBUG] cheese - admin
[2023-10-19T10:08:23.804] [DEBUG] cheese - null
[2023-10-19T10:08:23.804] [DEBUG] cheese - null
[2023-10-19T10:08:23.915] [DEBUG] cheese - login => username:admin,password:123456
[2023-10-19T10:08:23.915] [DEBUG] cheese - admin
[2023-10-19T10:08:23.916] [DEBUG] cheese - null
[2023-10-19T10:08:23.916] [DEBUG] cheese - null
[2023-10-19T10:08:24.027] [DEBUG] cheese - login => username:admin,password:123456
[2023-10-19T10:08:24.027] [DEBUG] cheese - admin
[2023-10-19T10:08:24.028] [DEBUG] cheese - null
[2023-10-19T10:08:24.028] [DEBUG] cheese - null
[2023-10-19T10:08:24.143] [DEBUG] cheese - login => username:admin,password:123456
[2023-10-19T10:08:24.143] [DEBUG] cheese - admin
[2023-10-19T10:08:24.144] [DEBUG] cheese - null
[2023-10-19T10:08:24.144] [DEBUG] cheese - null
[2023-10-19T10:08:24.263] [DEBUG] cheese - login => username:admin,password:123456
[2023-10-19T10:08:24.263] [DEBUG] cheese - admin
[2023-10-19T10:08:24.264] [DEBUG] cheese - null
[2023-10-19T10:08:24.264] [DEBUG] cheese - null
[2023-10-19T10:08:24.380] [DEBUG] cheese - login => username:admin,password:123456
[2023-10-19T10:08:24.380] [DEBUG] cheese - admin
[2023-10-19T10:08:24.381] [DEBUG] cheese - null
[2023-10-19T10:08:24.381] [DEBUG] cheese - null
[2023-10-19T10:08:24.495] [DEBUG] cheese - login => username:admin,password:123456
[2023-10-19T10:08:24.495] [DEBUG] cheese - admin
[2023-10-19T10:08:24.496] [DEBUG] cheese - null
[2023-10-19T10:08:24.496] [DEBUG] cheese - null
[2023-10-19T10:08:24.612] [DEBUG] cheese - login => username:admin,password:123456
[2023-10-19T10:08:24.612] [DEBUG] cheese - admin
[2023-10-19T10:08:24.614] [DEBUG] cheese - null
[2023-10-19T10:08:24.614] [DEBUG] cheese - null
[2023-10-19T10:08:24.733] [DEBUG] cheese - login => username:admin,password:123456
[2023-10-19T10:08:24.733] [DEBUG] cheese - admin
[2023-10-19T10:08:24.735] [DEBUG] cheese - null
[2023-10-19T10:08:24.735] [DEBUG] cheese - null
[2023-10-19T10:08:24.847] [DEBUG] cheese - login => username:admin,password:123456
[2023-10-19T10:08:24.847] [DEBUG] cheese - admin
[2023-10-19T10:08:24.848] [DEBUG] cheese - null
[2023-10-19T10:08:24.848] [DEBUG] cheese - null
[2023-10-19T10:08:24.959] [DEBUG] cheese - login => username:admin,password:123456
[2023-10-19T10:08:24.959] [DEBUG] cheese - admin
[2023-10-19T10:08:24.960] [DEBUG] cheese - null
[2023-10-19T10:08:24.960] [DEBUG] cheese - null
[2023-10-19T10:08:25.077] [DEBUG] cheese - login => username:admin,password:123456
[2023-10-19T10:08:25.077] [DEBUG] cheese - admin
[2023-10-19T10:08:25.078] [DEBUG] cheese - null
[2023-10-19T10:08:25.078] [DEBUG] cheese - null
[2023-10-19T10:08:25.190] [DEBUG] cheese - login => username:admin,password:123456
[2023-10-19T10:08:25.190] [DEBUG] cheese - admin
[2023-10-19T10:08:25.192] [DEBUG] cheese - null
[2023-10-19T10:08:25.192] [DEBUG] cheese - null
[2023-10-19T10:08:25.303] [DEBUG] cheese - login => username:admin,password:123456
[2023-10-19T10:08:25.303] [DEBUG] cheese - admin
[2023-10-19T10:08:25.304] [DEBUG] cheese - null
[2023-10-19T10:08:25.304] [DEBUG] cheese - null
[2023-10-19T10:08:25.415] [DEBUG] cheese - login => username:admin,password:123456
[2023-10-19T10:08:25.415] [DEBUG] cheese - admin
[2023-10-19T10:08:25.416] [DEBUG] cheese - null
[2023-10-19T10:08:25.416] [DEBUG] cheese - null
[2023-10-19T10:08:25.527] [DEBUG] cheese - login => username:admin,password:123456
[2023-10-19T10:08:25.528] [DEBUG] cheese - admin
[2023-10-19T10:08:25.529] [DEBUG] cheese - null
[2023-10-19T10:08:25.529] [DEBUG] cheese - null
[2023-10-19T10:08:25.639] [DEBUG] cheese - login => username:admin,password:123456
[2023-10-19T10:08:25.639] [DEBUG] cheese - admin
[2023-10-19T10:08:25.640] [DEBUG] cheese - null
[2023-10-19T10:08:25.641] [DEBUG] cheese - null
[2023-10-19T10:08:25.753] [DEBUG] cheese - login => username:admin,password:123456
[2023-10-19T10:08:25.753] [DEBUG] cheese - admin
[2023-10-19T10:08:25.757] [DEBUG] cheese - null
[2023-10-19T10:08:25.757] [DEBUG] cheese - null
[2023-10-19T10:08:25.895] [DEBUG] cheese - login => username:admin,password:123456
[2023-10-19T10:08:25.895] [DEBUG] cheese - admin
[2023-10-19T10:08:25.897] [DEBUG] cheese - null
[2023-10-19T10:08:25.897] [DEBUG] cheese - null
[2023-10-19T10:08:26.007] [DEBUG] cheese - login => username:admin,password:123456
[2023-10-19T10:08:26.007] [DEBUG] cheese - admin
[2023-10-19T10:08:26.008] [DEBUG] cheese - null
[2023-10-19T10:08:26.008] [DEBUG] cheese - null
[2023-10-19T10:08:26.116] [DEBUG] cheese - login => username:admin,password:123456
[2023-10-19T10:08:26.116] [DEBUG] cheese - admin
[2023-10-19T10:08:26.117] [DEBUG] cheese - null
[2023-10-19T10:08:26.117] [DEBUG] cheese - null
[2023-10-19T10:08:26.230] [DEBUG] cheese - login => username:admin,password:123456
[2023-10-19T10:08:26.230] [DEBUG] cheese - admin
[2023-10-19T10:08:26.231] [DEBUG] cheese - null
[2023-10-19T10:08:26.231] [DEBUG] cheese - null
[2023-10-19T10:08:26.339] [DEBUG] cheese - login => username:admin,password:123456
[2023-10-19T10:08:26.339] [DEBUG] cheese - admin
[2023-10-19T10:08:26.341] [DEBUG] cheese - null
[2023-10-19T10:08:26.341] [DEBUG] cheese - null
[2023-10-19T10:08:26.460] [DEBUG] cheese - login => username:admin,password:123456
[2023-10-19T10:08:26.460] [DEBUG] cheese - admin
[2023-10-19T10:08:26.461] [DEBUG] cheese - null
[2023-10-19T10:08:26.461] [DEBUG] cheese - null
[2023-10-19T10:08:26.570] [DEBUG] cheese - login => username:admin,password:123456
[2023-10-19T10:08:26.570] [DEBUG] cheese - admin
[2023-10-19T10:08:26.571] [DEBUG] cheese - null
[2023-10-19T10:08:26.571] [DEBUG] cheese - null
[2023-10-19T10:08:26.684] [DEBUG] cheese - login => username:admin,password:123456
[2023-10-19T10:08:26.684] [DEBUG] cheese - admin
[2023-10-19T10:08:26.685] [DEBUG] cheese - null
[2023-10-19T10:08:26.685] [DEBUG] cheese - null
[2023-10-19T10:08:26.825] [DEBUG] cheese - login => username:admin,password:123456
[2023-10-19T10:08:26.825] [DEBUG] cheese - admin
[2023-10-19T10:08:26.827] [DEBUG] cheese - null
[2023-10-19T10:08:26.827] [DEBUG] cheese - null
[2023-10-19T10:08:26.941] [DEBUG] cheese - login => username:admin,password:123456
[2023-10-19T10:08:26.941] [DEBUG] cheese - admin
[2023-10-19T10:08:26.942] [DEBUG] cheese - null
[2023-10-19T10:08:26.942] [DEBUG] cheese - null
[2023-10-19T10:08:27.054] [DEBUG] cheese - login => username:admin,password:123456
[2023-10-19T10:08:27.054] [DEBUG] cheese - admin
[2023-10-19T10:08:27.056] [DEBUG] cheese - null
[2023-10-19T10:08:27.056] [DEBUG] cheese - null
[2023-10-19T10:08:27.165] [DEBUG] cheese - login => username:admin,password:123456
[2023-10-19T10:08:27.165] [DEBUG] cheese - admin
[2023-10-19T10:08:27.166] [DEBUG] cheese - null
[2023-10-19T10:08:27.166] [DEBUG] cheese - null
[2023-10-19T10:08:27.280] [DEBUG] cheese - login => username:admin,password:123456
[2023-10-19T10:08:27.280] [DEBUG] cheese - admin
[2023-10-19T10:08:27.282] [DEBUG] cheese - null
[2023-10-19T10:08:27.282] [DEBUG] cheese - null
[2023-10-19T10:08:27.395] [DEBUG] cheese - login => username:admin,password:123456
[2023-10-19T10:08:27.395] [DEBUG] cheese - admin
[2023-10-19T10:08:27.396] [DEBUG] cheese - null
[2023-10-19T10:08:27.396] [DEBUG] cheese - null
[2023-10-19T10:08:27.506] [DEBUG] cheese - login => username:admin,password:123456
[2023-10-19T10:08:27.506] [DEBUG] cheese - admin
[2023-10-19T10:08:27.509] [DEBUG] cheese - null
[2023-10-19T10:08:27.509] [DEBUG] cheese - null
[2023-10-19T10:08:27.620] [DEBUG] cheese - login => username:admin,password:123456
[2023-10-19T10:08:27.620] [DEBUG] cheese - admin
[2023-10-19T10:08:27.621] [DEBUG] cheese - null
[2023-10-19T10:08:27.622] [DEBUG] cheese - null
[2023-10-19T10:08:27.733] [DEBUG] cheese - login => username:admin,password:123456
[2023-10-19T10:08:27.733] [DEBUG] cheese - admin
[2023-10-19T10:08:27.734] [DEBUG] cheese - null
[2023-10-19T10:08:27.734] [DEBUG] cheese - null
[2023-10-19T10:08:27.846] [DEBUG] cheese - login => username:admin,password:123456
[2023-10-19T10:08:27.846] [DEBUG] cheese - admin
[2023-10-19T10:08:27.848] [DEBUG] cheese - null
[2023-10-19T10:08:27.848] [DEBUG] cheese - null
[2023-10-19T10:08:27.964] [DEBUG] cheese - login => username:admin,password:123456
[2023-10-19T10:08:27.964] [DEBUG] cheese - admin
[2023-10-19T10:08:27.965] [DEBUG] cheese - null
[2023-10-19T10:08:27.965] [DEBUG] cheese - null
[2023-10-19T10:08:28.074] [DEBUG] cheese - login => username:admin,password:123456
[2023-10-19T10:08:28.074] [DEBUG] cheese - admin
[2023-10-19T10:08:28.075] [DEBUG] cheese - null
[2023-10-19T10:08:28.075] [DEBUG] cheese - null
[2023-10-19T10:08:28.184] [DEBUG] cheese - login => username:admin,password:123456
[2023-10-19T10:08:28.184] [DEBUG] cheese - admin
[2023-10-19T10:08:28.185] [DEBUG] cheese - null
[2023-10-19T10:08:28.185] [DEBUG] cheese - null
[2023-10-19T10:08:28.336] [DEBUG] cheese - login => username:admin,password:123456
[2023-10-19T10:08:28.336] [DEBUG] cheese - admin
[2023-10-19T10:08:28.337] [DEBUG] cheese - null
[2023-10-19T10:08:28.337] [DEBUG] cheese - null
[2023-10-19T10:08:28.449] [DEBUG] cheese - login => username:admin,password:123456
[2023-10-19T10:08:28.449] [DEBUG] cheese - admin
[2023-10-19T10:08:28.450] [DEBUG] cheese - null
[2023-10-19T10:08:28.450] [DEBUG] cheese - null
[2023-10-19T10:08:28.565] [DEBUG] cheese - login => username:admin,password:123456
[2023-10-19T10:08:28.565] [DEBUG] cheese - admin
[2023-10-19T10:08:28.567] [DEBUG] cheese - null
[2023-10-19T10:08:28.567] [DEBUG] cheese - null
[2023-10-19T10:08:28.685] [DEBUG] cheese - login => username:admin,password:123456
[2023-10-19T10:08:28.685] [DEBUG] cheese - admin
[2023-10-19T10:08:28.687] [DEBUG] cheese - null
[2023-10-19T10:08:28.687] [DEBUG] cheese - null
[2023-10-19T10:08:28.805] [DEBUG] cheese - login => username:admin,password:123456
[2023-10-19T10:08:28.805] [DEBUG] cheese - admin
[2023-10-19T10:08:28.806] [DEBUG] cheese - null
[2023-10-19T10:08:28.806] [DEBUG] cheese - null
[2023-10-19T10:08:28.922] [DEBUG] cheese - login => username:admin,password:123456
[2023-10-19T10:08:28.922] [DEBUG] cheese - admin
[2023-10-19T10:08:28.923] [DEBUG] cheese - null
[2023-10-19T10:08:28.923] [DEBUG] cheese - null
[2023-10-19T10:08:29.033] [DEBUG] cheese - login => username:admin,password:123456
[2023-10-19T10:08:29.033] [DEBUG] cheese - admin
[2023-10-19T10:08:29.034] [DEBUG] cheese - null
[2023-10-19T10:08:29.034] [DEBUG] cheese - null
[2023-10-19T10:08:29.151] [DEBUG] cheese - login => username:admin,password:123456
[2023-10-19T10:08:29.151] [DEBUG] cheese - admin
[2023-10-19T10:08:29.152] [DEBUG] cheese - null
[2023-10-19T10:08:29.152] [DEBUG] cheese - null
[2023-10-19T10:08:29.264] [DEBUG] cheese - login => username:admin,password:123456
[2023-10-19T10:08:29.265] [DEBUG] cheese - admin
[2023-10-19T10:08:29.265] [DEBUG] cheese - null
[2023-10-19T10:08:29.265] [DEBUG] cheese - null
[2023-10-19T10:08:29.376] [DEBUG] cheese - login => username:admin,password:123456
[2023-10-19T10:08:29.376] [DEBUG] cheese - admin
[2023-10-19T10:08:29.377] [DEBUG] cheese - null
[2023-10-19T10:08:29.377] [DEBUG] cheese - null
[2023-10-19T10:08:29.496] [DEBUG] cheese - login => username:admin,password:123456
[2023-10-19T10:08:29.496] [DEBUG] cheese - admin
[2023-10-19T10:08:29.498] [DEBUG] cheese - null
[2023-10-19T10:08:29.498] [DEBUG] cheese - null
[2023-10-19T10:08:29.612] [DEBUG] cheese - login => username:admin,password:123456
[2023-10-19T10:08:29.612] [DEBUG] cheese - admin
[2023-10-19T10:08:29.613] [DEBUG] cheese - null
[2023-10-19T10:08:29.613] [DEBUG] cheese - null
[2023-10-19T10:08:29.726] [DEBUG] cheese - login => username:admin,password:123456
[2023-10-19T10:08:29.726] [DEBUG] cheese - admin
[2023-10-19T10:08:29.727] [DEBUG] cheese - null
[2023-10-19T10:08:29.727] [DEBUG] cheese - null
[2023-10-19T10:08:29.844] [DEBUG] cheese - login => username:admin,password:123456
[2023-10-19T10:08:29.844] [DEBUG] cheese - admin
[2023-10-19T10:08:29.845] [DEBUG] cheese - null
[2023-10-19T10:08:29.845] [DEBUG] cheese - null
[2023-10-19T10:08:29.961] [DEBUG] cheese - login => username:admin,password:123456
[2023-10-19T10:08:29.961] [DEBUG] cheese - admin
[2023-10-19T10:08:29.963] [DEBUG] cheese - null
[2023-10-19T10:08:29.963] [DEBUG] cheese - null
[2023-10-19T10:08:30.072] [DEBUG] cheese - login => username:admin,password:123456
[2023-10-19T10:08:30.072] [DEBUG] cheese - admin
[2023-10-19T10:08:30.073] [DEBUG] cheese - null
[2023-10-19T10:08:30.073] [DEBUG] cheese - null
[2023-10-19T10:08:30.191] [DEBUG] cheese - login => username:admin,password:123456
[2023-10-19T10:08:30.191] [DEBUG] cheese - admin
[2023-10-19T10:08:30.192] [DEBUG] cheese - null
[2023-10-19T10:08:30.192] [DEBUG] cheese - null
[2023-10-19T10:08:30.301] [DEBUG] cheese - login => username:admin,password:123456
[2023-10-19T10:08:30.301] [DEBUG] cheese - admin
[2023-10-19T10:08:30.302] [DEBUG] cheese - null
[2023-10-19T10:08:30.302] [DEBUG] cheese - null
[2023-10-19T10:08:30.411] [DEBUG] cheese - login => username:admin,password:123456
[2023-10-19T10:08:30.412] [DEBUG] cheese - admin
[2023-10-19T10:08:30.413] [DEBUG] cheese - null
[2023-10-19T10:08:30.413] [DEBUG] cheese - null
[2023-10-19T10:08:30.533] [DEBUG] cheese - login => username:admin,password:123456
[2023-10-19T10:08:30.533] [DEBUG] cheese - admin
[2023-10-19T10:08:30.534] [DEBUG] cheese - null
[2023-10-19T10:08:30.534] [DEBUG] cheese - null
[2023-10-19T10:08:30.652] [DEBUG] cheese - login => username:admin,password:123456
[2023-10-19T10:08:30.652] [DEBUG] cheese - admin
[2023-10-19T10:08:30.653] [DEBUG] cheese - null
[2023-10-19T10:08:30.653] [DEBUG] cheese - null
[2023-10-19T10:08:30.788] [DEBUG] cheese - login => username:admin,password:123456
[2023-10-19T10:08:30.788] [DEBUG] cheese - admin
[2023-10-19T10:08:30.789] [DEBUG] cheese - null
[2023-10-19T10:08:30.789] [DEBUG] cheese - null
[2023-10-19T10:08:30.903] [DEBUG] cheese - login => username:admin,password:123456
[2023-10-19T10:08:30.903] [DEBUG] cheese - admin
[2023-10-19T10:08:30.904] [DEBUG] cheese - null
[2023-10-19T10:08:30.904] [DEBUG] cheese - null
[2023-10-19T10:08:31.015] [DEBUG] cheese - login => username:admin,password:123456
[2023-10-19T10:08:31.015] [DEBUG] cheese - admin
[2023-10-19T10:08:31.017] [DEBUG] cheese - null
[2023-10-19T10:08:31.017] [DEBUG] cheese - null
[2023-10-19T10:08:31.130] [DEBUG] cheese - login => username:admin,password:123456
[2023-10-19T10:08:31.130] [DEBUG] cheese - admin
[2023-10-19T10:08:31.131] [DEBUG] cheese - null
[2023-10-19T10:08:31.131] [DEBUG] cheese - null
[2023-10-19T10:08:31.244] [DEBUG] cheese - login => username:admin,password:123456
[2023-10-19T10:08:31.244] [DEBUG] cheese - admin
[2023-10-19T10:08:31.245] [DEBUG] cheese - null
[2023-10-19T10:08:31.245] [DEBUG] cheese - null
[2023-10-19T10:08:31.369] [DEBUG] cheese - login => username:admin,password:123456
[2023-10-19T10:08:31.369] [DEBUG] cheese - admin
[2023-10-19T10:08:31.370] [DEBUG] cheese - null
[2023-10-19T10:08:31.370] [DEBUG] cheese - null
[2023-10-19T10:08:31.482] [DEBUG] cheese - login => username:admin,password:123456
[2023-10-19T10:08:31.482] [DEBUG] cheese - admin
[2023-10-19T10:08:31.483] [DEBUG] cheese - null
[2023-10-19T10:08:31.483] [DEBUG] cheese - null
[2023-10-19T10:08:31.597] [DEBUG] cheese - login => username:admin,password:123456
[2023-10-19T10:08:31.597] [DEBUG] cheese - admin
[2023-10-19T10:08:31.598] [DEBUG] cheese - null
[2023-10-19T10:08:31.598] [DEBUG] cheese - null
[2023-10-19T10:08:31.715] [DEBUG] cheese - login => username:admin,password:123456
[2023-10-19T10:08:31.715] [DEBUG] cheese - admin
[2023-10-19T10:08:31.716] [DEBUG] cheese - null
[2023-10-19T10:08:31.716] [DEBUG] cheese - null
[2023-10-19T10:08:31.830] [DEBUG] cheese - login => username:admin,password:123456
[2023-10-19T10:08:31.830] [DEBUG] cheese - admin
[2023-10-19T10:08:31.831] [DEBUG] cheese - null
[2023-10-19T10:08:31.831] [DEBUG] cheese - null
[2023-10-19T10:08:31.950] [DEBUG] cheese - login => username:admin,password:123456
[2023-10-19T10:08:31.950] [DEBUG] cheese - admin
[2023-10-19T10:08:31.950] [DEBUG] cheese - null
[2023-10-19T10:08:31.950] [DEBUG] cheese - null
[2023-10-19T10:08:32.063] [DEBUG] cheese - login => username:admin,password:123456
[2023-10-19T10:08:32.063] [DEBUG] cheese - admin
[2023-10-19T10:08:32.064] [DEBUG] cheese - null
[2023-10-19T10:08:32.064] [DEBUG] cheese - null
[2023-10-19T10:08:32.182] [DEBUG] cheese - login => username:admin,password:123456
[2023-10-19T10:08:32.182] [DEBUG] cheese - admin
[2023-10-19T10:08:32.184] [DEBUG] cheese - null
[2023-10-19T10:08:32.184] [DEBUG] cheese - null
[2023-10-19T10:08:32.295] [DEBUG] cheese - login => username:admin,password:123456
[2023-10-19T10:08:32.295] [DEBUG] cheese - admin
[2023-10-19T10:08:32.296] [DEBUG] cheese - null
[2023-10-19T10:08:32.296] [DEBUG] cheese - null
[2023-10-19T10:08:32.410] [DEBUG] cheese - login => username:admin,password:123456
[2023-10-19T10:08:32.410] [DEBUG] cheese - admin
[2023-10-19T10:08:32.412] [DEBUG] cheese - null
[2023-10-19T10:08:32.412] [DEBUG] cheese - null
[2023-10-19T10:08:32.523] [DEBUG] cheese - login => username:admin,password:123456
[2023-10-19T10:08:32.523] [DEBUG] cheese - admin
[2023-10-19T10:08:32.525] [DEBUG] cheese - null
[2023-10-19T10:08:32.525] [DEBUG] cheese - null
[2023-10-19T10:08:32.637] [DEBUG] cheese - login => username:admin,password:123456
[2023-10-19T10:08:32.637] [DEBUG] cheese - admin
[2023-10-19T10:08:32.638] [DEBUG] cheese - null
[2023-10-19T10:08:32.638] [DEBUG] cheese - null
[2023-10-19T10:08:32.751] [DEBUG] cheese - login => username:admin,password:123456
[2023-10-19T10:08:32.751] [DEBUG] cheese - admin
[2023-10-19T10:08:32.751] [DEBUG] cheese - null
[2023-10-19T10:08:32.752] [DEBUG] cheese - null
[2023-10-19T10:08:32.865] [DEBUG] cheese - login => username:admin,password:123456
[2023-10-19T10:08:32.865] [DEBUG] cheese - admin
[2023-10-19T10:08:32.866] [DEBUG] cheese - null
[2023-10-19T10:08:32.866] [DEBUG] cheese - null
[2023-10-19T10:08:32.981] [DEBUG] cheese - login => username:admin,password:123456
[2023-10-19T10:08:32.981] [DEBUG] cheese - admin
[2023-10-19T10:08:32.982] [DEBUG] cheese - null
[2023-10-19T10:08:32.982] [DEBUG] cheese - null
[2023-10-19T10:08:33.099] [DEBUG] cheese - login => username:admin,password:123456
[2023-10-19T10:08:33.099] [DEBUG] cheese - admin
[2023-10-19T10:08:33.100] [DEBUG] cheese - null
[2023-10-19T10:08:33.100] [DEBUG] cheese - null
[2023-10-19T10:08:33.232] [DEBUG] cheese - login => username:admin,password:123456
[2023-10-19T10:08:33.232] [DEBUG] cheese - admin
[2023-10-19T10:08:33.233] [DEBUG] cheese - null
[2023-10-19T10:08:33.233] [DEBUG] cheese - null
[2023-10-19T10:08:33.364] [DEBUG] cheese - login => username:admin,password:123456
[2023-10-19T10:08:33.364] [DEBUG] cheese - admin
[2023-10-19T10:08:33.366] [DEBUG] cheese - null
[2023-10-19T10:08:33.366] [DEBUG] cheese - null
[2023-10-19T10:08:33.503] [DEBUG] cheese - login => username:admin,password:123456
[2023-10-19T10:08:33.503] [DEBUG] cheese - admin
[2023-10-19T10:08:33.504] [DEBUG] cheese - null
[2023-10-19T10:08:33.504] [DEBUG] cheese - null
[2023-10-19T10:08:33.620] [DEBUG] cheese - login => username:admin,password:123456
[2023-10-19T10:08:33.620] [DEBUG] cheese - admin
[2023-10-19T10:08:33.621] [DEBUG] cheese - null
[2023-10-19T10:08:33.621] [DEBUG] cheese - null
[2023-10-19T10:08:33.736] [DEBUG] cheese - login => username:admin,password:123456
[2023-10-19T10:08:33.736] [DEBUG] cheese - admin
[2023-10-19T10:08:33.737] [DEBUG] cheese - null
[2023-10-19T10:08:33.737] [DEBUG] cheese - null
[2023-10-19T10:08:33.856] [DEBUG] cheese - login => username:admin,password:123456
[2023-10-19T10:08:33.856] [DEBUG] cheese - admin
[2023-10-19T10:08:33.857] [DEBUG] cheese - null
[2023-10-19T10:08:33.857] [DEBUG] cheese - null
[2023-10-19T10:08:33.974] [DEBUG] cheese - login => username:admin,password:123456
[2023-10-19T10:08:33.974] [DEBUG] cheese - admin
[2023-10-19T10:08:33.975] [DEBUG] cheese - null
[2023-10-19T10:08:33.975] [DEBUG] cheese - null
[2023-10-19T10:08:34.102] [DEBUG] cheese - login => username:admin,password:123456
[2023-10-19T10:08:34.102] [DEBUG] cheese - admin
[2023-10-19T10:08:34.105] [DEBUG] cheese - null
[2023-10-19T10:08:34.105] [DEBUG] cheese - null
[2023-10-19T10:08:34.225] [DEBUG] cheese - login => username:admin,password:123456
[2023-10-19T10:08:34.225] [DEBUG] cheese - admin
[2023-10-19T10:08:34.226] [DEBUG] cheese - null
[2023-10-19T10:08:34.226] [DEBUG] cheese - null
[2023-10-19T10:08:34.340] [DEBUG] cheese - login => username:admin,password:123456
[2023-10-19T10:08:34.340] [DEBUG] cheese - admin
[2023-10-19T10:08:34.341] [DEBUG] cheese - null
[2023-10-19T10:08:34.341] [DEBUG] cheese - null
[2023-10-19T10:08:34.454] [DEBUG] cheese - login => username:admin,password:123456
[2023-10-19T10:08:34.455] [DEBUG] cheese - admin
[2023-10-19T10:08:34.457] [DEBUG] cheese - null
[2023-10-19T10:08:34.457] [DEBUG] cheese - null
[2023-10-19T10:08:34.580] [DEBUG] cheese - login => username:admin,password:123456
[2023-10-19T10:08:34.580] [DEBUG] cheese - admin
[2023-10-19T10:08:34.581] [DEBUG] cheese - null
[2023-10-19T10:08:34.582] [DEBUG] cheese - null
[2023-10-19T10:08:34.698] [DEBUG] cheese - login => username:admin,password:123456
[2023-10-19T10:08:34.698] [DEBUG] cheese - admin
[2023-10-19T10:08:34.699] [DEBUG] cheese - null
[2023-10-19T10:08:34.699] [DEBUG] cheese - null
[2023-10-19T10:08:34.835] [DEBUG] cheese - login => username:admin,password:123456
[2023-10-19T10:08:34.835] [DEBUG] cheese - admin
[2023-10-19T10:08:34.836] [DEBUG] cheese - null
[2023-10-19T10:08:34.836] [DEBUG] cheese - null
[2023-10-19T10:08:34.951] [DEBUG] cheese - login => username:admin,password:123456
[2023-10-19T10:08:34.951] [DEBUG] cheese - admin
[2023-10-19T10:08:34.952] [DEBUG] cheese - null
[2023-10-19T10:08:34.952] [DEBUG] cheese - null
[2023-10-19T10:08:35.068] [DEBUG] cheese - login => username:admin,password:123456
[2023-10-19T10:08:35.069] [DEBUG] cheese - admin
[2023-10-19T10:08:35.070] [DEBUG] cheese - null
[2023-10-19T10:08:35.070] [DEBUG] cheese - null
[2023-10-19T10:08:35.184] [DEBUG] cheese - login => username:admin,password:123456
[2023-10-19T10:08:35.184] [DEBUG] cheese - admin
[2023-10-19T10:08:35.185] [DEBUG] cheese - null
[2023-10-19T10:08:35.185] [DEBUG] cheese - null
[2023-10-19T10:08:35.300] [DEBUG] cheese - login => username:admin,password:123456
[2023-10-19T10:08:35.300] [DEBUG] cheese - admin
[2023-10-19T10:08:35.301] [DEBUG] cheese - null
[2023-10-19T10:08:35.301] [DEBUG] cheese - null
[2023-10-19T10:08:35.426] [DEBUG] cheese - login => username:admin,password:123456
[2023-10-19T10:08:35.426] [DEBUG] cheese - admin
[2023-10-19T10:08:35.427] [DEBUG] cheese - null
[2023-10-19T10:08:35.427] [DEBUG] cheese - null
[2023-10-19T10:08:35.537] [DEBUG] cheese - login => username:admin,password:123456
[2023-10-19T10:08:35.537] [DEBUG] cheese - admin
[2023-10-19T10:08:35.539] [DEBUG] cheese - null
[2023-10-19T10:08:35.539] [DEBUG] cheese - null
[2023-10-19T10:08:35.654] [DEBUG] cheese - login => username:admin,password:123456
[2023-10-19T10:08:35.654] [DEBUG] cheese - admin
[2023-10-19T10:08:35.655] [DEBUG] cheese - null
[2023-10-19T10:08:35.655] [DEBUG] cheese - null
[2023-10-19T10:08:35.789] [DEBUG] cheese - login => username:admin,password:123456
[2023-10-19T10:08:35.789] [DEBUG] cheese - admin
[2023-10-19T10:08:35.790] [DEBUG] cheese - null
[2023-10-19T10:08:35.790] [DEBUG] cheese - null
[2023-10-19T10:08:35.901] [DEBUG] cheese - login => username:admin,password:123456
[2023-10-19T10:08:35.901] [DEBUG] cheese - admin
[2023-10-19T10:08:35.902] [DEBUG] cheese - null
[2023-10-19T10:08:35.902] [DEBUG] cheese - null
[2023-10-19T10:08:36.015] [DEBUG] cheese - login => username:admin,password:123456
[2023-10-19T10:08:36.016] [DEBUG] cheese - admin
[2023-10-19T10:08:36.016] [DEBUG] cheese - null
[2023-10-19T10:08:36.016] [DEBUG] cheese - null
[2023-10-19T10:08:36.129] [DEBUG] cheese - login => username:admin,password:123456
[2023-10-19T10:08:36.129] [DEBUG] cheese - admin
[2023-10-19T10:08:36.130] [DEBUG] cheese - null
[2023-10-19T10:08:36.130] [DEBUG] cheese - null
[2023-10-19T10:08:36.254] [DEBUG] cheese - login => username:admin,password:123456
[2023-10-19T10:08:36.254] [DEBUG] cheese - admin
[2023-10-19T10:08:36.257] [DEBUG] cheese - null
[2023-10-19T10:08:36.257] [DEBUG] cheese - null
[2023-10-19T10:08:36.377] [DEBUG] cheese - login => username:admin,password:123456
[2023-10-19T10:08:36.377] [DEBUG] cheese - admin
[2023-10-19T10:08:36.383] [DEBUG] cheese - null
[2023-10-19T10:08:36.383] [DEBUG] cheese - null
[2023-10-19T10:08:36.503] [DEBUG] cheese - login => username:admin,password:123456
[2023-10-19T10:08:36.503] [DEBUG] cheese - admin
[2023-10-19T10:08:36.504] [DEBUG] cheese - null
[2023-10-19T10:08:36.504] [DEBUG] cheese - null
[2023-10-19T10:08:36.615] [DEBUG] cheese - login => username:admin,password:123456
[2023-10-19T10:08:36.615] [DEBUG] cheese - admin
[2023-10-19T10:08:36.617] [DEBUG] cheese - null
[2023-10-19T10:08:36.617] [DEBUG] cheese - null
[2023-10-19T10:08:36.735] [DEBUG] cheese - login => username:admin,password:123456
[2023-10-19T10:08:36.735] [DEBUG] cheese - admin
[2023-10-19T10:08:36.736] [DEBUG] cheese - null
[2023-10-19T10:08:36.736] [DEBUG] cheese - null
[2023-10-19T10:08:36.850] [DEBUG] cheese - login => username:admin,password:123456
[2023-10-19T10:08:36.850] [DEBUG] cheese - admin
[2023-10-19T10:08:36.851] [DEBUG] cheese - null
[2023-10-19T10:08:36.851] [DEBUG] cheese - null
[2023-10-19T10:08:36.965] [DEBUG] cheese - login => username:admin,password:123456
[2023-10-19T10:08:36.966] [DEBUG] cheese - admin
[2023-10-19T10:08:36.966] [DEBUG] cheese - null
[2023-10-19T10:08:36.966] [DEBUG] cheese - null
[2023-10-19T10:08:37.078] [DEBUG] cheese - login => username:admin,password:123456
[2023-10-19T10:08:37.078] [DEBUG] cheese - admin
[2023-10-19T10:08:37.079] [DEBUG] cheese - null
[2023-10-19T10:08:37.079] [DEBUG] cheese - null
[2023-10-19T10:08:37.195] [DEBUG] cheese - login => username:admin,password:123456
[2023-10-19T10:08:37.195] [DEBUG] cheese - admin
[2023-10-19T10:08:37.197] [DEBUG] cheese - null
[2023-10-19T10:08:37.197] [DEBUG] cheese - null
[2023-10-19T10:08:37.314] [DEBUG] cheese - login => username:admin,password:123456
[2023-10-19T10:08:37.314] [DEBUG] cheese - admin
[2023-10-19T10:08:37.315] [DEBUG] cheese - null
[2023-10-19T10:08:37.315] [DEBUG] cheese - null
[2023-10-19T10:08:37.440] [DEBUG] cheese - login => username:admin,password:123456
[2023-10-19T10:08:37.440] [DEBUG] cheese - admin
[2023-10-19T10:08:37.441] [DEBUG] cheese - null
[2023-10-19T10:08:37.441] [DEBUG] cheese - null
[2023-10-19T10:08:37.554] [DEBUG] cheese - login => username:admin,password:123456
[2023-10-19T10:08:37.554] [DEBUG] cheese - admin
[2023-10-19T10:08:37.555] [DEBUG] cheese - null
[2023-10-19T10:08:37.555] [DEBUG] cheese - null
[2023-10-19T10:08:37.678] [DEBUG] cheese - login => username:admin,password:123456
[2023-10-19T10:08:37.678] [DEBUG] cheese - admin
[2023-10-19T10:08:37.679] [DEBUG] cheese - null
[2023-10-19T10:08:37.679] [DEBUG] cheese - null
[2023-10-19T10:08:37.794] [DEBUG] cheese - login => username:admin,password:123456
[2023-10-19T10:08:37.794] [DEBUG] cheese - admin
[2023-10-19T10:08:37.795] [DEBUG] cheese - null
[2023-10-19T10:08:37.795] [DEBUG] cheese - null
[2023-10-19T10:08:37.907] [DEBUG] cheese - login => username:admin,password:123456
[2023-10-19T10:08:37.907] [DEBUG] cheese - admin
[2023-10-19T10:08:37.908] [DEBUG] cheese - null
[2023-10-19T10:08:37.908] [DEBUG] cheese - null
[2023-10-19T10:08:38.021] [DEBUG] cheese - login => username:admin,password:123456
[2023-10-19T10:08:38.021] [DEBUG] cheese - admin
[2023-10-19T10:08:38.022] [DEBUG] cheese - null
[2023-10-19T10:08:38.022] [DEBUG] cheese - null
[2023-10-19T10:08:38.136] [DEBUG] cheese - login => username:admin,password:123456
[2023-10-19T10:08:38.136] [DEBUG] cheese - admin
[2023-10-19T10:08:38.137] [DEBUG] cheese - null
[2023-10-19T10:08:38.137] [DEBUG] cheese - null
[2023-10-19T10:08:38.263] [DEBUG] cheese - login => username:admin,password:123456
[2023-10-19T10:08:38.263] [DEBUG] cheese - admin
[2023-10-19T10:08:38.264] [DEBUG] cheese - null
[2023-10-19T10:08:38.264] [DEBUG] cheese - null
[2023-10-19T10:08:38.381] [DEBUG] cheese - login => username:admin,password:123456
[2023-10-19T10:08:38.381] [DEBUG] cheese - admin
[2023-10-19T10:08:38.382] [DEBUG] cheese - null
[2023-10-19T10:08:38.382] [DEBUG] cheese - null
[2023-10-19T10:08:38.496] [DEBUG] cheese - login => username:admin,password:123456
[2023-10-19T10:08:38.496] [DEBUG] cheese - admin
[2023-10-19T10:08:38.497] [DEBUG] cheese - null
[2023-10-19T10:08:38.497] [DEBUG] cheese - null
[2023-10-19T10:08:38.608] [DEBUG] cheese - login => username:admin,password:123456
[2023-10-19T10:08:38.608] [DEBUG] cheese - admin
[2023-10-19T10:08:38.609] [DEBUG] cheese - null
[2023-10-19T10:08:38.609] [DEBUG] cheese - null
[2023-10-19T10:08:38.721] [DEBUG] cheese - login => username:admin,password:123456
[2023-10-19T10:08:38.721] [DEBUG] cheese - admin
[2023-10-19T10:08:38.722] [DEBUG] cheese - null
[2023-10-19T10:08:38.722] [DEBUG] cheese - null
[2023-10-19T10:08:38.846] [DEBUG] cheese - login => username:admin,password:123456
[2023-10-19T10:08:38.846] [DEBUG] cheese - admin
[2023-10-19T10:08:38.847] [DEBUG] cheese - null
[2023-10-19T10:08:38.847] [DEBUG] cheese - null
[2023-10-19T10:08:38.962] [DEBUG] cheese - login => username:admin,password:123456
[2023-10-19T10:08:38.962] [DEBUG] cheese - admin
[2023-10-19T10:08:38.963] [DEBUG] cheese - null
[2023-10-19T10:08:38.963] [DEBUG] cheese - null
[2023-10-19T10:08:39.084] [DEBUG] cheese - login => username:admin,password:123456
[2023-10-19T10:08:39.084] [DEBUG] cheese - admin
[2023-10-19T10:08:39.085] [DEBUG] cheese - null
[2023-10-19T10:08:39.085] [DEBUG] cheese - null
[2023-10-19T10:08:39.204] [DEBUG] cheese - login => username:admin,password:123456
[2023-10-19T10:08:39.204] [DEBUG] cheese - admin
[2023-10-19T10:08:39.206] [DEBUG] cheese - null
[2023-10-19T10:08:39.206] [DEBUG] cheese - null
[2023-10-19T10:08:39.322] [DEBUG] cheese - login => username:admin,password:123456
[2023-10-19T10:08:39.322] [DEBUG] cheese - admin
[2023-10-19T10:08:39.323] [DEBUG] cheese - null
[2023-10-19T10:08:39.323] [DEBUG] cheese - null
[2023-10-19T10:08:39.437] [DEBUG] cheese - login => username:admin,password:123456
[2023-10-19T10:08:39.437] [DEBUG] cheese - admin
[2023-10-19T10:08:39.439] [DEBUG] cheese - null
[2023-10-19T10:08:39.439] [DEBUG] cheese - null
[2023-10-19T10:08:39.555] [DEBUG] cheese - login => username:admin,password:123456
[2023-10-19T10:08:39.555] [DEBUG] cheese - admin
[2023-10-19T10:08:39.556] [DEBUG] cheese - null
[2023-10-19T10:08:39.557] [DEBUG] cheese - null
[2023-10-19T10:08:39.669] [DEBUG] cheese - login => username:admin,password:123456
[2023-10-19T10:08:39.669] [DEBUG] cheese - admin
[2023-10-19T10:08:39.670] [DEBUG] cheese - null
[2023-10-19T10:08:39.670] [DEBUG] cheese - null
[2023-10-19T10:08:39.788] [DEBUG] cheese - login => username:admin,password:123456
[2023-10-19T10:08:39.788] [DEBUG] cheese - admin
[2023-10-19T10:08:39.789] [DEBUG] cheese - null
[2023-10-19T10:08:39.789] [DEBUG] cheese - null
[2023-10-19T10:08:39.902] [DEBUG] cheese - login => username:admin,password:123456
[2023-10-19T10:08:39.902] [DEBUG] cheese - admin
[2023-10-19T10:08:39.905] [DEBUG] cheese - null
[2023-10-19T10:08:39.905] [DEBUG] cheese - null
[2023-10-19T10:08:40.022] [DEBUG] cheese - login => username:admin,password:123456
[2023-10-19T10:08:40.022] [DEBUG] cheese - admin
[2023-10-19T10:08:40.023] [DEBUG] cheese - null
[2023-10-19T10:08:40.024] [DEBUG] cheese - null
[2023-10-19T10:08:40.157] [DEBUG] cheese - login => username:admin,password:123456
[2023-10-19T10:08:40.157] [DEBUG] cheese - admin
[2023-10-19T10:08:40.159] [DEBUG] cheese - null
[2023-10-19T10:08:40.159] [DEBUG] cheese - null
[2023-10-19T10:08:40.318] [DEBUG] cheese - login => username:admin,password:123456
[2023-10-19T10:08:40.318] [DEBUG] cheese - admin
[2023-10-19T10:08:40.320] [DEBUG] cheese - null
[2023-10-19T10:08:40.320] [DEBUG] cheese - null
[2023-10-19T10:08:41.051] [DEBUG] cheese - login => username:admin,password:123456
[2023-10-19T10:08:41.052] [DEBUG] cheese - admin
[2023-10-19T10:08:41.053] [DEBUG] cheese - null
[2023-10-19T10:08:41.054] [DEBUG] cheese - null
[2023-10-19T10:08:41.178] [DEBUG] cheese - login => username:admin,password:123456
[2023-10-19T10:08:41.178] [DEBUG] cheese - admin
[2023-10-19T10:08:41.182] [DEBUG] cheese - null
[2023-10-19T10:08:41.182] [DEBUG] cheese - null
[2023-10-19T10:08:41.297] [DEBUG] cheese - login => username:admin,password:123456
[2023-10-19T10:08:41.297] [DEBUG] cheese - admin
[2023-10-19T10:08:41.298] [DEBUG] cheese - null
[2023-10-19T10:08:41.298] [DEBUG] cheese - null
[2023-10-19T10:08:41.436] [DEBUG] cheese - login => username:admin,password:123456
[2023-10-19T10:08:41.436] [DEBUG] cheese - admin
[2023-10-19T10:08:41.437] [DEBUG] cheese - null
[2023-10-19T10:08:41.437] [DEBUG] cheese - null
[2023-10-19T10:08:41.560] [DEBUG] cheese - login => username:admin,password:123456
[2023-10-19T10:08:41.560] [DEBUG] cheese - admin
[2023-10-19T10:08:41.562] [DEBUG] cheese - null
[2023-10-19T10:08:41.562] [DEBUG] cheese - null
[2023-10-19T10:08:41.677] [DEBUG] cheese - login => username:admin,password:123456
[2023-10-19T10:08:41.677] [DEBUG] cheese - admin
[2023-10-19T10:08:41.678] [DEBUG] cheese - null
[2023-10-19T10:08:41.678] [DEBUG] cheese - null
[2023-10-19T10:08:41.799] [DEBUG] cheese - login => username:admin,password:123456
[2023-10-19T10:08:41.799] [DEBUG] cheese - admin
[2023-10-19T10:08:41.800] [DEBUG] cheese - null
[2023-10-19T10:08:41.800] [DEBUG] cheese - null
[2023-10-19T10:08:41.917] [DEBUG] cheese - login => username:admin,password:123456
[2023-10-19T10:08:41.917] [DEBUG] cheese - admin
[2023-10-19T10:08:41.918] [DEBUG] cheese - null
[2023-10-19T10:08:41.918] [DEBUG] cheese - null
[2023-10-19T10:08:42.034] [DEBUG] cheese - login => username:admin,password:123456
[2023-10-19T10:08:42.034] [DEBUG] cheese - admin
[2023-10-19T10:08:42.035] [DEBUG] cheese - null
[2023-10-19T10:08:42.035] [DEBUG] cheese - null
[2023-10-19T10:08:42.149] [DEBUG] cheese - login => username:admin,password:123456
[2023-10-19T10:08:42.149] [DEBUG] cheese - admin
[2023-10-19T10:08:42.150] [DEBUG] cheese - null
[2023-10-19T10:08:42.151] [DEBUG] cheese - null
[2023-10-19T10:08:42.265] [DEBUG] cheese - login => username:admin,password:123456
[2023-10-19T10:08:42.265] [DEBUG] cheese - admin
[2023-10-19T10:08:42.266] [DEBUG] cheese - null
[2023-10-19T10:08:42.266] [DEBUG] cheese - null
[2023-10-19T10:08:42.385] [DEBUG] cheese - login => username:admin,password:123456
[2023-10-19T10:08:42.385] [DEBUG] cheese - admin
[2023-10-19T10:08:42.386] [DEBUG] cheese - null
[2023-10-19T10:08:42.386] [DEBUG] cheese - null
[2023-10-19T10:08:42.507] [DEBUG] cheese - login => username:admin,password:123456
[2023-10-19T10:08:42.507] [DEBUG] cheese - admin
[2023-10-19T10:08:42.508] [DEBUG] cheese - null
[2023-10-19T10:08:42.508] [DEBUG] cheese - null
[2023-10-19T10:08:42.616] [DEBUG] cheese - login => username:admin,password:123456
[2023-10-19T10:08:42.616] [DEBUG] cheese - admin
[2023-10-19T10:08:42.617] [DEBUG] cheese - null
[2023-10-19T10:08:42.617] [DEBUG] cheese - null
[2023-10-19T10:08:42.736] [DEBUG] cheese - login => username:admin,password:123456
[2023-10-19T10:08:42.736] [DEBUG] cheese - admin
[2023-10-19T10:08:42.737] [DEBUG] cheese - null
[2023-10-19T10:08:42.737] [DEBUG] cheese - null
[2023-10-19T10:08:42.844] [DEBUG] cheese - login => username:admin,password:123456
[2023-10-19T10:08:42.844] [DEBUG] cheese - admin
[2023-10-19T10:08:42.845] [DEBUG] cheese - null
[2023-10-19T10:08:42.845] [DEBUG] cheese - null
[2023-10-19T10:08:42.951] [DEBUG] cheese - login => username:admin,password:123456
[2023-10-19T10:08:42.951] [DEBUG] cheese - admin
[2023-10-19T10:08:42.952] [DEBUG] cheese - null
[2023-10-19T10:08:42.952] [DEBUG] cheese - null
[2023-10-19T10:08:43.060] [DEBUG] cheese - login => username:admin,password:123456
[2023-10-19T10:08:43.061] [DEBUG] cheese - admin
[2023-10-19T10:08:43.062] [DEBUG] cheese - null
[2023-10-19T10:08:43.062] [DEBUG] cheese - null
[2023-10-19T10:08:43.177] [DEBUG] cheese - login => username:admin,password:123456
[2023-10-19T10:08:43.177] [DEBUG] cheese - admin
[2023-10-19T10:08:43.178] [DEBUG] cheese - null
[2023-10-19T10:08:43.178] [DEBUG] cheese - null
[2023-10-19T10:08:43.288] [DEBUG] cheese - login => username:admin,password:123456
[2023-10-19T10:08:43.288] [DEBUG] cheese - admin
[2023-10-19T10:08:43.289] [DEBUG] cheese - null
[2023-10-19T10:08:43.290] [DEBUG] cheese - null
[2023-10-19T10:08:43.398] [DEBUG] cheese - login => username:admin,password:123456
[2023-10-19T10:08:43.398] [DEBUG] cheese - admin
[2023-10-19T10:08:43.399] [DEBUG] cheese - null
[2023-10-19T10:08:43.399] [DEBUG] cheese - null
[2023-10-19T10:08:43.503] [DEBUG] cheese - login => username:admin,password:123456
[2023-10-19T10:08:43.503] [DEBUG] cheese - admin
[2023-10-19T10:08:43.505] [DEBUG] cheese - null
[2023-10-19T10:08:43.505] [DEBUG] cheese - null
[2023-10-19T10:08:43.616] [DEBUG] cheese - login => username:admin,password:123456
[2023-10-19T10:08:43.616] [DEBUG] cheese - admin
[2023-10-19T10:08:43.617] [DEBUG] cheese - null
[2023-10-19T10:08:43.617] [DEBUG] cheese - null
[2023-10-19T10:08:43.726] [DEBUG] cheese - login => username:admin,password:123456
[2023-10-19T10:08:43.726] [DEBUG] cheese - admin
[2023-10-19T10:08:43.726] [DEBUG] cheese - null
[2023-10-19T10:08:43.727] [DEBUG] cheese - null
[2023-10-19T10:08:43.863] [DEBUG] cheese - login => username:admin,password:123456
[2023-10-19T10:08:43.863] [DEBUG] cheese - admin
[2023-10-19T10:08:43.864] [DEBUG] cheese - null
[2023-10-19T10:08:43.864] [DEBUG] cheese - null
[2023-10-19T10:08:43.980] [DEBUG] cheese - login => username:admin,password:123456
[2023-10-19T10:08:43.980] [DEBUG] cheese - admin
[2023-10-19T10:08:43.981] [DEBUG] cheese - null
[2023-10-19T10:08:43.981] [DEBUG] cheese - null
[2023-10-19T10:08:44.097] [DEBUG] cheese - login => username:admin,password:123456
[2023-10-19T10:08:44.097] [DEBUG] cheese - admin
[2023-10-19T10:08:44.098] [DEBUG] cheese - null
[2023-10-19T10:08:44.098] [DEBUG] cheese - null
[2023-10-19T10:08:44.213] [DEBUG] cheese - login => username:admin,password:123456
[2023-10-19T10:08:44.214] [DEBUG] cheese - admin
[2023-10-19T10:08:44.214] [DEBUG] cheese - null
[2023-10-19T10:08:44.214] [DEBUG] cheese - null
[2023-10-19T10:08:44.332] [DEBUG] cheese - login => username:admin,password:123456
[2023-10-19T10:08:44.332] [DEBUG] cheese - admin
[2023-10-19T10:08:44.333] [DEBUG] cheese - null
[2023-10-19T10:08:44.333] [DEBUG] cheese - null
[2023-10-19T10:08:44.447] [DEBUG] cheese - login => username:admin,password:123456
[2023-10-19T10:08:44.447] [DEBUG] cheese - admin
[2023-10-19T10:08:44.448] [DEBUG] cheese - null
[2023-10-19T10:08:44.448] [DEBUG] cheese - null
[2023-10-19T10:08:44.565] [DEBUG] cheese - login => username:admin,password:123456
[2023-10-19T10:08:44.565] [DEBUG] cheese - admin
[2023-10-19T10:08:44.567] [DEBUG] cheese - null
[2023-10-19T10:08:44.567] [DEBUG] cheese - null
[2023-10-19T10:08:44.685] [DEBUG] cheese - login => username:admin,password:123456
[2023-10-19T10:08:44.685] [DEBUG] cheese - admin
[2023-10-19T10:08:44.686] [DEBUG] cheese - null
[2023-10-19T10:08:44.686] [DEBUG] cheese - null
[2023-10-19T10:08:44.799] [DEBUG] cheese - login => username:admin,password:123456
[2023-10-19T10:08:44.799] [DEBUG] cheese - admin
[2023-10-19T10:08:44.799] [DEBUG] cheese - null
[2023-10-19T10:08:44.799] [DEBUG] cheese - null
[2023-10-19T10:08:44.912] [DEBUG] cheese - login => username:admin,password:123456
[2023-10-19T10:08:44.912] [DEBUG] cheese - admin
[2023-10-19T10:08:44.913] [DEBUG] cheese - null
[2023-10-19T10:08:44.913] [DEBUG] cheese - null
[2023-10-19T10:08:45.030] [DEBUG] cheese - login => username:admin,password:123456
[2023-10-19T10:08:45.030] [DEBUG] cheese - admin
[2023-10-19T10:08:45.031] [DEBUG] cheese - null
[2023-10-19T10:08:45.031] [DEBUG] cheese - null
[2023-10-19T10:08:45.146] [DEBUG] cheese - login => username:admin,password:123456
[2023-10-19T10:08:45.146] [DEBUG] cheese - admin
[2023-10-19T10:08:45.147] [DEBUG] cheese - null
[2023-10-19T10:08:45.147] [DEBUG] cheese - null
[2023-10-19T10:08:45.263] [DEBUG] cheese - login => username:admin,password:123456
[2023-10-19T10:08:45.263] [DEBUG] cheese - admin
[2023-10-19T10:08:45.265] [DEBUG] cheese - null
[2023-10-19T10:08:45.265] [DEBUG] cheese - null
[2023-10-19T10:08:45.381] [DEBUG] cheese - login => username:admin,password:123456
[2023-10-19T10:08:45.381] [DEBUG] cheese - admin
[2023-10-19T10:08:45.382] [DEBUG] cheese - null
[2023-10-19T10:08:45.383] [DEBUG] cheese - null
[2023-10-19T10:08:45.498] [DEBUG] cheese - login => username:admin,password:123456
[2023-10-19T10:08:45.498] [DEBUG] cheese - admin
[2023-10-19T10:08:45.499] [DEBUG] cheese - null
[2023-10-19T10:08:45.500] [DEBUG] cheese - null
[2023-10-19T10:08:45.617] [DEBUG] cheese - login => username:admin,password:123456
[2023-10-19T10:08:45.617] [DEBUG] cheese - admin
[2023-10-19T10:08:45.617] [DEBUG] cheese - null
[2023-10-19T10:08:45.618] [DEBUG] cheese - null
[2023-10-19T10:08:45.724] [DEBUG] cheese - login => username:admin,password:123456
[2023-10-19T10:08:45.724] [DEBUG] cheese - admin
[2023-10-19T10:08:45.725] [DEBUG] cheese - null
[2023-10-19T10:08:45.725] [DEBUG] cheese - null
[2023-10-19T10:08:45.835] [DEBUG] cheese - login => username:admin,password:123456
[2023-10-19T10:08:45.835] [DEBUG] cheese - admin
[2023-10-19T10:08:45.836] [DEBUG] cheese - null
[2023-10-19T10:08:45.836] [DEBUG] cheese - null
[2023-10-19T10:08:45.943] [DEBUG] cheese - login => username:admin,password:123456
[2023-10-19T10:08:45.943] [DEBUG] cheese - admin
[2023-10-19T10:08:45.944] [DEBUG] cheese - null
[2023-10-19T10:08:45.944] [DEBUG] cheese - null
[2023-10-19T10:08:46.052] [DEBUG] cheese - login => username:admin,password:123456
[2023-10-19T10:08:46.052] [DEBUG] cheese - admin
[2023-10-19T10:08:46.053] [DEBUG] cheese - null
[2023-10-19T10:08:46.053] [DEBUG] cheese - null
[2023-10-19T10:08:46.162] [DEBUG] cheese - login => username:admin,password:123456
[2023-10-19T10:08:46.162] [DEBUG] cheese - admin
[2023-10-19T10:08:46.163] [DEBUG] cheese - null
[2023-10-19T10:08:46.163] [DEBUG] cheese - null
[2023-10-19T10:08:46.291] [DEBUG] cheese - login => username:admin,password:123456
[2023-10-19T10:08:46.291] [DEBUG] cheese - admin
[2023-10-19T10:08:46.292] [DEBUG] cheese - null
[2023-10-19T10:08:46.292] [DEBUG] cheese - null
[2023-10-19T10:08:46.399] [DEBUG] cheese - login => username:admin,password:123456
[2023-10-19T10:08:46.399] [DEBUG] cheese - admin
[2023-10-19T10:08:46.400] [DEBUG] cheese - null
[2023-10-19T10:08:46.400] [DEBUG] cheese - null
[2023-10-19T10:08:46.508] [DEBUG] cheese - login => username:admin,password:123456
[2023-10-19T10:08:46.508] [DEBUG] cheese - admin
[2023-10-19T10:08:46.509] [DEBUG] cheese - null
[2023-10-19T10:08:46.509] [DEBUG] cheese - null
[2023-10-19T10:08:46.620] [DEBUG] cheese - login => username:admin,password:123456
[2023-10-19T10:08:46.620] [DEBUG] cheese - admin
[2023-10-19T10:08:46.621] [DEBUG] cheese - null
[2023-10-19T10:08:46.621] [DEBUG] cheese - null
[2023-10-19T10:08:46.728] [DEBUG] cheese - login => username:admin,password:123456
[2023-10-19T10:08:46.728] [DEBUG] cheese - admin
[2023-10-19T10:08:46.730] [DEBUG] cheese - null
[2023-10-19T10:08:46.730] [DEBUG] cheese - null
[2023-10-19T10:08:46.848] [DEBUG] cheese - login => username:admin,password:123456
[2023-10-19T10:08:46.848] [DEBUG] cheese - admin
[2023-10-19T10:08:46.850] [DEBUG] cheese - null
[2023-10-19T10:08:46.850] [DEBUG] cheese - null
[2023-10-19T10:08:46.958] [DEBUG] cheese - login => username:admin,password:123456
[2023-10-19T10:08:46.958] [DEBUG] cheese - admin
[2023-10-19T10:08:46.960] [DEBUG] cheese - null
[2023-10-19T10:08:46.960] [DEBUG] cheese - null
[2023-10-19T10:08:47.066] [DEBUG] cheese - login => username:admin,password:123456
[2023-10-19T10:08:47.066] [DEBUG] cheese - admin
[2023-10-19T10:08:47.067] [DEBUG] cheese - null
[2023-10-19T10:08:47.067] [DEBUG] cheese - null
[2023-10-19T10:08:47.179] [DEBUG] cheese - login => username:admin,password:123456
[2023-10-19T10:08:47.179] [DEBUG] cheese - admin
[2023-10-19T10:08:47.180] [DEBUG] cheese - null
[2023-10-19T10:08:47.180] [DEBUG] cheese - null
[2023-10-19T10:08:47.340] [DEBUG] cheese - login => username:admin,password:123456
[2023-10-19T10:08:47.340] [DEBUG] cheese - admin
[2023-10-19T10:08:47.342] [DEBUG] cheese - null
[2023-10-19T10:08:47.342] [DEBUG] cheese - null
[2023-10-19T10:08:47.459] [DEBUG] cheese - login => username:admin,password:123456
[2023-10-19T10:08:47.459] [DEBUG] cheese - admin
[2023-10-19T10:08:47.460] [DEBUG] cheese - null
[2023-10-19T10:08:47.461] [DEBUG] cheese - null
[2023-10-19T10:08:47.569] [DEBUG] cheese - login => username:admin,password:123456
[2023-10-19T10:08:47.569] [DEBUG] cheese - admin
[2023-10-19T10:08:47.570] [DEBUG] cheese - null
[2023-10-19T10:08:47.570] [DEBUG] cheese - null
[2023-10-19T10:08:47.676] [DEBUG] cheese - login => username:admin,password:123456
[2023-10-19T10:08:47.677] [DEBUG] cheese - admin
[2023-10-19T10:08:47.678] [DEBUG] cheese - null
[2023-10-19T10:08:47.678] [DEBUG] cheese - null
[2023-10-19T10:08:47.782] [DEBUG] cheese - login => username:admin,password:123456
[2023-10-19T10:08:47.782] [DEBUG] cheese - admin
[2023-10-19T10:08:47.783] [DEBUG] cheese - null
[2023-10-19T10:08:47.783] [DEBUG] cheese - null
[2023-10-19T10:08:47.892] [DEBUG] cheese - login => username:admin,password:123456
[2023-10-19T10:08:47.892] [DEBUG] cheese - admin
[2023-10-19T10:08:47.894] [DEBUG] cheese - null
[2023-10-19T10:08:47.894] [DEBUG] cheese - null
[2023-10-19T10:08:48.002] [DEBUG] cheese - login => username:admin,password:123456
[2023-10-19T10:08:48.002] [DEBUG] cheese - admin
[2023-10-19T10:08:48.003] [DEBUG] cheese - null
[2023-10-19T10:08:48.003] [DEBUG] cheese - null
[2023-10-19T10:08:48.113] [DEBUG] cheese - login => username:admin,password:123456
[2023-10-19T10:08:48.113] [DEBUG] cheese - admin
[2023-10-19T10:08:48.114] [DEBUG] cheese - null
[2023-10-19T10:08:48.114] [DEBUG] cheese - null
[2023-10-19T10:08:48.234] [DEBUG] cheese - login => username:admin,password:123456
[2023-10-19T10:08:48.234] [DEBUG] cheese - admin
[2023-10-19T10:08:48.236] [DEBUG] cheese - null
[2023-10-19T10:08:48.236] [DEBUG] cheese - null
[2023-10-19T10:08:48.349] [DEBUG] cheese - login => username:admin,password:123456
[2023-10-19T10:08:48.349] [DEBUG] cheese - admin
[2023-10-19T10:08:48.350] [DEBUG] cheese - null
[2023-10-19T10:08:48.350] [DEBUG] cheese - null
[2023-10-19T10:08:48.465] [DEBUG] cheese - login => username:admin,password:123456
[2023-10-19T10:08:48.465] [DEBUG] cheese - admin
[2023-10-19T10:08:48.466] [DEBUG] cheese - null
[2023-10-19T10:08:48.466] [DEBUG] cheese - null
[2023-10-19T10:08:48.577] [DEBUG] cheese - login => username:admin,password:123456
[2023-10-19T10:08:48.577] [DEBUG] cheese - admin
[2023-10-19T10:08:48.578] [DEBUG] cheese - null
[2023-10-19T10:08:48.578] [DEBUG] cheese - null
[2023-10-19T10:08:48.727] [DEBUG] cheese - login => username:admin,password:123456
[2023-10-19T10:08:48.727] [DEBUG] cheese - admin
[2023-10-19T10:08:48.728] [DEBUG] cheese - null
[2023-10-19T10:08:48.728] [DEBUG] cheese - null
[2023-10-19T10:08:48.837] [DEBUG] cheese - login => username:admin,password:123456
[2023-10-19T10:08:48.837] [DEBUG] cheese - admin
[2023-10-19T10:08:48.839] [DEBUG] cheese - null
[2023-10-19T10:08:48.839] [DEBUG] cheese - null
[2023-10-19T10:08:48.946] [DEBUG] cheese - login => username:admin,password:123456
[2023-10-19T10:08:48.946] [DEBUG] cheese - admin
[2023-10-19T10:08:48.947] [DEBUG] cheese - null
[2023-10-19T10:08:48.947] [DEBUG] cheese - null
[2023-10-19T10:08:49.058] [DEBUG] cheese - login => username:admin,password:123456
[2023-10-19T10:08:49.058] [DEBUG] cheese - admin
[2023-10-19T10:08:49.060] [DEBUG] cheese - null
[2023-10-19T10:08:49.060] [DEBUG] cheese - null
[2023-10-19T10:08:49.166] [DEBUG] cheese - login => username:admin,password:123456
[2023-10-19T10:08:49.166] [DEBUG] cheese - admin
[2023-10-19T10:08:49.168] [DEBUG] cheese - null
[2023-10-19T10:08:49.168] [DEBUG] cheese - null
[2023-10-19T10:08:49.277] [DEBUG] cheese - login => username:admin,password:123456
[2023-10-19T10:08:49.277] [DEBUG] cheese - admin
[2023-10-19T10:08:49.280] [DEBUG] cheese - null
[2023-10-19T10:08:49.280] [DEBUG] cheese - null
[2023-10-19T10:08:49.386] [DEBUG] cheese - login => username:admin,password:123456
[2023-10-19T10:08:49.386] [DEBUG] cheese - admin
[2023-10-19T10:08:49.388] [DEBUG] cheese - null
[2023-10-19T10:08:49.388] [DEBUG] cheese - null
[2023-10-19T10:08:49.495] [DEBUG] cheese - login => username:admin,password:123456
[2023-10-19T10:08:49.495] [DEBUG] cheese - admin
[2023-10-19T10:08:49.496] [DEBUG] cheese - null
[2023-10-19T10:08:49.496] [DEBUG] cheese - null
[2023-10-19T10:08:49.606] [DEBUG] cheese - login => username:admin,password:123456
[2023-10-19T10:08:49.606] [DEBUG] cheese - admin
[2023-10-19T10:08:49.607] [DEBUG] cheese - null
[2023-10-19T10:08:49.607] [DEBUG] cheese - null
[2023-10-19T10:08:49.716] [DEBUG] cheese - login => username:admin,password:123456
[2023-10-19T10:08:49.716] [DEBUG] cheese - admin
[2023-10-19T10:08:49.717] [DEBUG] cheese - null
[2023-10-19T10:08:49.717] [DEBUG] cheese - null
[2023-10-19T10:08:49.827] [DEBUG] cheese - login => username:admin,password:123456
[2023-10-19T10:08:49.827] [DEBUG] cheese - admin
[2023-10-19T10:08:49.829] [DEBUG] cheese - null
[2023-10-19T10:08:49.829] [DEBUG] cheese - null
[2023-10-19T10:08:49.938] [DEBUG] cheese - login => username:admin,password:123456
[2023-10-19T10:08:49.938] [DEBUG] cheese - admin
[2023-10-19T10:08:49.943] [DEBUG] cheese - null
[2023-10-19T10:08:49.943] [DEBUG] cheese - null
[2023-10-19T10:08:50.051] [DEBUG] cheese - login => username:admin,password:123456
[2023-10-19T10:08:50.051] [DEBUG] cheese - admin
[2023-10-19T10:08:50.053] [DEBUG] cheese - null
[2023-10-19T10:08:50.053] [DEBUG] cheese - null
[2023-10-19T10:08:50.159] [DEBUG] cheese - login => username:admin,password:123456
[2023-10-19T10:08:50.159] [DEBUG] cheese - admin
[2023-10-19T10:08:50.160] [DEBUG] cheese - null
[2023-10-19T10:08:50.160] [DEBUG] cheese - null
[2023-10-19T10:08:50.267] [DEBUG] cheese - login => username:admin,password:123456
[2023-10-19T10:08:50.267] [DEBUG] cheese - admin
[2023-10-19T10:08:50.268] [DEBUG] cheese - null
[2023-10-19T10:08:50.268] [DEBUG] cheese - null
[2023-10-19T10:08:50.377] [DEBUG] cheese - login => username:admin,password:123456
[2023-10-19T10:08:50.377] [DEBUG] cheese - admin
[2023-10-19T10:08:50.379] [DEBUG] cheese - null
[2023-10-19T10:08:50.379] [DEBUG] cheese - null
[2023-10-19T10:08:50.484] [DEBUG] cheese - login => username:admin,password:123456
[2023-10-19T10:08:50.484] [DEBUG] cheese - admin
[2023-10-19T10:08:50.485] [DEBUG] cheese - null
[2023-10-19T10:08:50.486] [DEBUG] cheese - null
[2023-10-19T10:08:50.594] [DEBUG] cheese - login => username:admin,password:123456
[2023-10-19T10:08:50.594] [DEBUG] cheese - admin
[2023-10-19T10:08:50.596] [DEBUG] cheese - null
[2023-10-19T10:08:50.596] [DEBUG] cheese - null
[2023-10-19T10:08:50.704] [DEBUG] cheese - login => username:admin,password:123456
[2023-10-19T10:08:50.704] [DEBUG] cheese - admin
[2023-10-19T10:08:50.707] [DEBUG] cheese - null
[2023-10-19T10:08:50.707] [DEBUG] cheese - null
[2023-10-19T10:08:50.813] [DEBUG] cheese - login => username:admin,password:123456
[2023-10-19T10:08:50.813] [DEBUG] cheese - admin
[2023-10-19T10:08:50.815] [DEBUG] cheese - null
[2023-10-19T10:08:50.815] [DEBUG] cheese - null
[2023-10-19T10:08:50.920] [DEBUG] cheese - login => username:admin,password:123456
[2023-10-19T10:08:50.920] [DEBUG] cheese - admin
[2023-10-19T10:08:50.922] [DEBUG] cheese - null
[2023-10-19T10:08:50.922] [DEBUG] cheese - null
[2023-10-19T10:08:51.029] [DEBUG] cheese - login => username:admin,password:123456
[2023-10-19T10:08:51.029] [DEBUG] cheese - admin
[2023-10-19T10:08:51.030] [DEBUG] cheese - null
[2023-10-19T10:08:51.030] [DEBUG] cheese - null
[2023-10-19T10:08:51.170] [DEBUG] cheese - login => username:admin,password:123456
[2023-10-19T10:08:51.170] [DEBUG] cheese - admin
[2023-10-19T10:08:51.174] [DEBUG] cheese - null
[2023-10-19T10:08:51.175] [DEBUG] cheese - null
[2023-10-19T10:08:51.285] [DEBUG] cheese - login => username:admin,password:123456
[2023-10-19T10:08:51.285] [DEBUG] cheese - admin
[2023-10-19T10:08:51.286] [DEBUG] cheese - null
[2023-10-19T10:08:51.286] [DEBUG] cheese - null
[2023-10-19T10:08:51.394] [DEBUG] cheese - login => username:admin,password:123456
[2023-10-19T10:08:51.394] [DEBUG] cheese - admin
[2023-10-19T10:08:51.395] [DEBUG] cheese - null
[2023-10-19T10:08:51.395] [DEBUG] cheese - null
[2023-10-19T10:08:51.507] [DEBUG] cheese - login => username:admin,password:123456
[2023-10-19T10:08:51.507] [DEBUG] cheese - admin
[2023-10-19T10:08:51.508] [DEBUG] cheese - null
[2023-10-19T10:08:51.508] [DEBUG] cheese - null
[2023-10-19T10:08:51.618] [DEBUG] cheese - login => username:admin,password:123456
[2023-10-19T10:08:51.618] [DEBUG] cheese - admin
[2023-10-19T10:08:51.618] [DEBUG] cheese - null
[2023-10-19T10:08:51.618] [DEBUG] cheese - null
[2023-10-19T10:08:51.729] [DEBUG] cheese - login => username:admin,password:123456
[2023-10-19T10:08:51.729] [DEBUG] cheese - admin
[2023-10-19T10:08:51.730] [DEBUG] cheese - null
[2023-10-19T10:08:51.730] [DEBUG] cheese - null
[2023-10-19T10:08:51.842] [DEBUG] cheese - login => username:admin,password:123456
[2023-10-19T10:08:51.842] [DEBUG] cheese - admin
[2023-10-19T10:08:51.849] [DEBUG] cheese - null
[2023-10-19T10:08:51.849] [DEBUG] cheese - null
[2023-10-19T10:08:51.958] [DEBUG] cheese - login => username:admin,password:123456
[2023-10-19T10:08:51.958] [DEBUG] cheese - admin
[2023-10-19T10:08:51.959] [DEBUG] cheese - null
[2023-10-19T10:08:51.960] [DEBUG] cheese - null
[2023-10-19T10:08:52.068] [DEBUG] cheese - login => username:admin,password:123456
[2023-10-19T10:08:52.068] [DEBUG] cheese - admin
[2023-10-19T10:08:52.069] [DEBUG] cheese - null
[2023-10-19T10:08:52.069] [DEBUG] cheese - null
[2023-10-19T10:08:52.180] [DEBUG] cheese - login => username:admin,password:123456
[2023-10-19T10:08:52.180] [DEBUG] cheese - admin
[2023-10-19T10:08:52.181] [DEBUG] cheese - null
[2023-10-19T10:08:52.181] [DEBUG] cheese - null
[2023-10-19T10:08:52.327] [DEBUG] cheese - login => username:admin,password:123456
[2023-10-19T10:08:52.327] [DEBUG] cheese - admin
[2023-10-19T10:08:52.328] [DEBUG] cheese - null
[2023-10-19T10:08:52.328] [DEBUG] cheese - null
[2023-10-19T10:08:52.448] [DEBUG] cheese - login => username:admin,password:123456
[2023-10-19T10:08:52.449] [DEBUG] cheese - admin
[2023-10-19T10:08:52.450] [DEBUG] cheese - null
[2023-10-19T10:08:52.450] [DEBUG] cheese - null
[2023-10-19T10:08:52.564] [DEBUG] cheese - login => username:admin,password:123456
[2023-10-19T10:08:52.564] [DEBUG] cheese - admin
[2023-10-19T10:08:52.565] [DEBUG] cheese - null
[2023-10-19T10:08:52.565] [DEBUG] cheese - null
[2023-10-19T10:08:52.677] [DEBUG] cheese - login => username:admin,password:123456
[2023-10-19T10:08:52.677] [DEBUG] cheese - admin
[2023-10-19T10:08:52.678] [DEBUG] cheese - null
[2023-10-19T10:08:52.678] [DEBUG] cheese - null
[2023-10-19T10:08:52.786] [DEBUG] cheese - login => username:admin,password:123456
[2023-10-19T10:08:52.786] [DEBUG] cheese - admin
[2023-10-19T10:08:52.787] [DEBUG] cheese - null
[2023-10-19T10:08:52.787] [DEBUG] cheese - null
[2023-10-19T10:08:52.900] [DEBUG] cheese - login => username:admin,password:123456
[2023-10-19T10:08:52.900] [DEBUG] cheese - admin
[2023-10-19T10:08:52.901] [DEBUG] cheese - null
[2023-10-19T10:08:52.901] [DEBUG] cheese - null
[2023-10-19T10:08:53.015] [DEBUG] cheese - login => username:admin,password:123456
[2023-10-19T10:08:53.015] [DEBUG] cheese - admin
[2023-10-19T10:08:53.016] [DEBUG] cheese - null
[2023-10-19T10:08:53.016] [DEBUG] cheese - null
[2023-10-19T10:08:53.125] [DEBUG] cheese - login => username:admin,password:123456
[2023-10-19T10:08:53.125] [DEBUG] cheese - admin
[2023-10-19T10:08:53.127] [DEBUG] cheese - null
[2023-10-19T10:08:53.127] [DEBUG] cheese - null
[2023-10-19T10:08:53.238] [DEBUG] cheese - login => username:admin,password:123456
[2023-10-19T10:08:53.238] [DEBUG] cheese - admin
[2023-10-19T10:08:53.240] [DEBUG] cheese - null
[2023-10-19T10:08:53.240] [DEBUG] cheese - null
[2023-10-19T10:08:53.353] [DEBUG] cheese - login => username:admin,password:123456
[2023-10-19T10:08:53.353] [DEBUG] cheese - admin
[2023-10-19T10:08:53.354] [DEBUG] cheese - null
[2023-10-19T10:08:53.354] [DEBUG] cheese - null
[2023-10-19T10:08:53.463] [DEBUG] cheese - login => username:admin,password:123456
[2023-10-19T10:08:53.463] [DEBUG] cheese - admin
[2023-10-19T10:08:53.464] [DEBUG] cheese - null
[2023-10-19T10:08:53.464] [DEBUG] cheese - null
[2023-10-19T10:08:53.597] [DEBUG] cheese - login => username:admin,password:123456
[2023-10-19T10:08:53.597] [DEBUG] cheese - admin
[2023-10-19T10:08:53.598] [DEBUG] cheese - null
[2023-10-19T10:08:53.598] [DEBUG] cheese - null
[2023-10-19T10:08:53.754] [DEBUG] cheese - login => username:admin,password:123456
[2023-10-19T10:08:53.754] [DEBUG] cheese - admin
[2023-10-19T10:08:53.756] [DEBUG] cheese - null
[2023-10-19T10:08:53.756] [DEBUG] cheese - null
[2023-10-19T10:08:53.886] [DEBUG] cheese - login => username:admin,password:123456
[2023-10-19T10:08:53.886] [DEBUG] cheese - admin
[2023-10-19T10:08:53.887] [DEBUG] cheese - null
[2023-10-19T10:08:53.887] [DEBUG] cheese - null
[2023-10-19T10:08:54.002] [DEBUG] cheese - login => username:admin,password:123456
[2023-10-19T10:08:54.002] [DEBUG] cheese - admin
[2023-10-19T10:08:54.003] [DEBUG] cheese - null
[2023-10-19T10:08:54.003] [DEBUG] cheese - null
[2023-10-19T10:08:54.117] [DEBUG] cheese - login => username:admin,password:123456
[2023-10-19T10:08:54.117] [DEBUG] cheese - admin
[2023-10-19T10:08:54.119] [DEBUG] cheese - null
[2023-10-19T10:08:54.119] [DEBUG] cheese - null
[2023-10-19T10:08:54.238] [DEBUG] cheese - login => username:admin,password:123456
[2023-10-19T10:08:54.238] [DEBUG] cheese - admin
[2023-10-19T10:08:54.239] [DEBUG] cheese - null
[2023-10-19T10:08:54.239] [DEBUG] cheese - null
[2023-10-19T10:08:54.361] [DEBUG] cheese - login => username:admin,password:123456
[2023-10-19T10:08:54.361] [DEBUG] cheese - admin
[2023-10-19T10:08:54.362] [DEBUG] cheese - null
[2023-10-19T10:08:54.362] [DEBUG] cheese - null
[2023-10-19T10:08:54.473] [DEBUG] cheese - login => username:admin,password:123456
[2023-10-19T10:08:54.473] [DEBUG] cheese - admin
[2023-10-19T10:08:54.475] [DEBUG] cheese - null
[2023-10-19T10:08:54.475] [DEBUG] cheese - null
[2023-10-19T10:08:54.583] [DEBUG] cheese - login => username:admin,password:123456
[2023-10-19T10:08:54.584] [DEBUG] cheese - admin
[2023-10-19T10:08:54.584] [DEBUG] cheese - null
[2023-10-19T10:08:54.584] [DEBUG] cheese - null
[2023-10-19T10:08:54.707] [DEBUG] cheese - login => username:admin,password:123456
[2023-10-19T10:08:54.707] [DEBUG] cheese - admin
[2023-10-19T10:08:54.708] [DEBUG] cheese - null
[2023-10-19T10:08:54.708] [DEBUG] cheese - null
[2023-10-19T10:08:54.822] [DEBUG] cheese - login => username:admin,password:123456
[2023-10-19T10:08:54.822] [DEBUG] cheese - admin
[2023-10-19T10:08:54.823] [DEBUG] cheese - null
[2023-10-19T10:08:54.823] [DEBUG] cheese - null
[2023-10-19T10:08:54.933] [DEBUG] cheese - login => username:admin,password:123456
[2023-10-19T10:08:54.933] [DEBUG] cheese - admin
[2023-10-19T10:08:54.939] [DEBUG] cheese - null
[2023-10-19T10:08:54.939] [DEBUG] cheese - null
[2023-10-19T10:08:55.126] [DEBUG] cheese - login => username:admin,password:123456
[2023-10-19T10:08:55.126] [DEBUG] cheese - admin
[2023-10-19T10:08:55.127] [DEBUG] cheese - null
[2023-10-19T10:08:55.127] [DEBUG] cheese - null
[2023-10-19T10:08:55.239] [DEBUG] cheese - login => username:admin,password:123456
[2023-10-19T10:08:55.239] [DEBUG] cheese - admin
[2023-10-19T10:08:55.240] [DEBUG] cheese - null
[2023-10-19T10:08:55.240] [DEBUG] cheese - null
[2023-10-19T10:08:55.352] [DEBUG] cheese - login => username:admin,password:123456
[2023-10-19T10:08:55.352] [DEBUG] cheese - admin
[2023-10-19T10:08:55.353] [DEBUG] cheese - null
[2023-10-19T10:08:55.353] [DEBUG] cheese - null
[2023-10-19T10:08:55.469] [DEBUG] cheese - login => username:admin,password:123456
[2023-10-19T10:08:55.469] [DEBUG] cheese - admin
[2023-10-19T10:08:55.470] [DEBUG] cheese - null
[2023-10-19T10:08:55.470] [DEBUG] cheese - null
[2023-10-19T10:08:55.586] [DEBUG] cheese - login => username:admin,password:123456
[2023-10-19T10:08:55.586] [DEBUG] cheese - admin
[2023-10-19T10:08:55.587] [DEBUG] cheese - null
[2023-10-19T10:08:55.587] [DEBUG] cheese - null
[2023-10-19T10:08:55.716] [DEBUG] cheese - login => username:admin,password:123456
[2023-10-19T10:08:55.716] [DEBUG] cheese - admin
[2023-10-19T10:08:55.718] [DEBUG] cheese - null
[2023-10-19T10:08:55.718] [DEBUG] cheese - null
[2023-10-19T10:08:55.827] [DEBUG] cheese - login => username:admin,password:123456
[2023-10-19T10:08:55.827] [DEBUG] cheese - admin
[2023-10-19T10:08:55.828] [DEBUG] cheese - null
[2023-10-19T10:08:55.828] [DEBUG] cheese - null
[2023-10-19T10:08:55.945] [DEBUG] cheese - login => username:admin,password:123456
[2023-10-19T10:08:55.945] [DEBUG] cheese - admin
[2023-10-19T10:08:55.946] [DEBUG] cheese - null
[2023-10-19T10:08:55.946] [DEBUG] cheese - null
[2023-10-19T10:08:56.055] [DEBUG] cheese - login => username:admin,password:123456
[2023-10-19T10:08:56.055] [DEBUG] cheese - admin
[2023-10-19T10:08:56.056] [DEBUG] cheese - null
[2023-10-19T10:08:56.056] [DEBUG] cheese - null
[2023-10-19T10:08:56.169] [DEBUG] cheese - login => username:admin,password:123456
[2023-10-19T10:08:56.169] [DEBUG] cheese - admin
[2023-10-19T10:08:56.170] [DEBUG] cheese - null
[2023-10-19T10:08:56.170] [DEBUG] cheese - null
[2023-10-19T10:08:56.281] [DEBUG] cheese - login => username:admin,password:123456
[2023-10-19T10:08:56.282] [DEBUG] cheese - admin
[2023-10-19T10:08:56.283] [DEBUG] cheese - null
[2023-10-19T10:08:56.283] [DEBUG] cheese - null
[2023-10-19T10:08:56.400] [DEBUG] cheese - login => username:admin,password:123456
[2023-10-19T10:08:56.400] [DEBUG] cheese - admin
[2023-10-19T10:08:56.401] [DEBUG] cheese - null
[2023-10-19T10:08:56.401] [DEBUG] cheese - null
[2023-10-19T10:08:56.531] [DEBUG] cheese - login => username:admin,password:123456
[2023-10-19T10:08:56.531] [DEBUG] cheese - admin
[2023-10-19T10:08:56.532] [DEBUG] cheese - null
[2023-10-19T10:08:56.532] [DEBUG] cheese - null
[2023-10-19T10:08:56.643] [DEBUG] cheese - login => username:admin,password:123456
[2023-10-19T10:08:56.643] [DEBUG] cheese - admin
[2023-10-19T10:08:56.645] [DEBUG] cheese - null
[2023-10-19T10:08:56.645] [DEBUG] cheese - null
[2023-10-19T10:08:56.756] [DEBUG] cheese - login => username:admin,password:123456
[2023-10-19T10:08:56.756] [DEBUG] cheese - admin
[2023-10-19T10:08:56.757] [DEBUG] cheese - null
[2023-10-19T10:08:56.757] [DEBUG] cheese - null
[2023-10-19T10:08:56.868] [DEBUG] cheese - login => username:admin,password:123456
[2023-10-19T10:08:56.868] [DEBUG] cheese - admin
[2023-10-19T10:08:56.869] [DEBUG] cheese - null
[2023-10-19T10:08:56.869] [DEBUG] cheese - null
[2023-10-19T10:08:57.003] [DEBUG] cheese - login => username:admin,password:123456
[2023-10-19T10:08:57.003] [DEBUG] cheese - admin
[2023-10-19T10:08:57.004] [DEBUG] cheese - null
[2023-10-19T10:08:57.004] [DEBUG] cheese - null
[2023-10-19T10:08:57.111] [DEBUG] cheese - login => username:admin,password:123456
[2023-10-19T10:08:57.111] [DEBUG] cheese - admin
[2023-10-19T10:08:57.111] [DEBUG] cheese - null
[2023-10-19T10:08:57.112] [DEBUG] cheese - null
[2023-10-19T10:08:57.225] [DEBUG] cheese - login => username:admin,password:123456
[2023-10-19T10:08:57.225] [DEBUG] cheese - admin
[2023-10-19T10:08:57.226] [DEBUG] cheese - null
[2023-10-19T10:08:57.226] [DEBUG] cheese - null
[2023-10-19T10:08:57.336] [DEBUG] cheese - login => username:admin,password:123456
[2023-10-19T10:08:57.336] [DEBUG] cheese - admin
[2023-10-19T10:08:57.337] [DEBUG] cheese - null
[2023-10-19T10:08:57.337] [DEBUG] cheese - null
[2023-10-19T10:08:57.461] [DEBUG] cheese - login => username:admin,password:123456
[2023-10-19T10:08:57.461] [DEBUG] cheese - admin
[2023-10-19T10:08:57.462] [DEBUG] cheese - null
[2023-10-19T10:08:57.462] [DEBUG] cheese - null
[2023-10-19T10:08:57.585] [DEBUG] cheese - login => username:admin,password:123456
[2023-10-19T10:08:57.585] [DEBUG] cheese - admin
[2023-10-19T10:08:57.585] [DEBUG] cheese - null
[2023-10-19T10:08:57.585] [DEBUG] cheese - null
[2023-10-19T10:08:57.698] [DEBUG] cheese - login => username:admin,password:123456
[2023-10-19T10:08:57.698] [DEBUG] cheese - admin
[2023-10-19T10:08:57.699] [DEBUG] cheese - null
[2023-10-19T10:08:57.699] [DEBUG] cheese - null
[2023-10-19T10:08:57.837] [DEBUG] cheese - login => username:admin,password:123456
[2023-10-19T10:08:57.837] [DEBUG] cheese - admin
[2023-10-19T10:08:57.838] [DEBUG] cheese - null
[2023-10-19T10:08:57.838] [DEBUG] cheese - null
[2023-10-19T10:08:57.963] [DEBUG] cheese - login => username:admin,password:123456
[2023-10-19T10:08:57.963] [DEBUG] cheese - admin
[2023-10-19T10:08:57.963] [DEBUG] cheese - null
[2023-10-19T10:08:57.963] [DEBUG] cheese - null
[2023-10-19T10:08:58.073] [DEBUG] cheese - login => username:admin,password:123456
[2023-10-19T10:08:58.073] [DEBUG] cheese - admin
[2023-10-19T10:08:58.075] [DEBUG] cheese - null
[2023-10-19T10:08:58.075] [DEBUG] cheese - null
[2023-10-19T10:08:58.183] [DEBUG] cheese - login => username:admin,password:123456
[2023-10-19T10:08:58.183] [DEBUG] cheese - admin
[2023-10-19T10:08:58.185] [DEBUG] cheese - null
[2023-10-19T10:08:58.185] [DEBUG] cheese - null
[2023-10-19T10:08:58.305] [DEBUG] cheese - login => username:admin,password:123456
[2023-10-19T10:08:58.305] [DEBUG] cheese - admin
[2023-10-19T10:08:58.307] [DEBUG] cheese - null
[2023-10-19T10:08:58.307] [DEBUG] cheese - null
[2023-10-19T10:08:58.417] [DEBUG] cheese - login => username:admin,password:123456
[2023-10-19T10:08:58.417] [DEBUG] cheese - admin
[2023-10-19T10:08:58.418] [DEBUG] cheese - null
[2023-10-19T10:08:58.418] [DEBUG] cheese - null
[2023-10-19T10:08:58.525] [DEBUG] cheese - login => username:admin,password:123456
[2023-10-19T10:08:58.525] [DEBUG] cheese - admin
[2023-10-19T10:08:58.526] [DEBUG] cheese - null
[2023-10-19T10:08:58.526] [DEBUG] cheese - null
[2023-10-19T10:08:58.636] [DEBUG] cheese - login => username:admin,password:123456
[2023-10-19T10:08:58.636] [DEBUG] cheese - admin
[2023-10-19T10:08:58.637] [DEBUG] cheese - null
[2023-10-19T10:08:58.637] [DEBUG] cheese - null
[2023-10-19T10:08:58.747] [DEBUG] cheese - login => username:admin,password:123456
[2023-10-19T10:08:58.747] [DEBUG] cheese - admin
[2023-10-19T10:08:58.748] [DEBUG] cheese - null
[2023-10-19T10:08:58.748] [DEBUG] cheese - null
[2023-10-19T10:08:58.855] [DEBUG] cheese - login => username:admin,password:123456
[2023-10-19T10:08:58.855] [DEBUG] cheese - admin
[2023-10-19T10:08:58.857] [DEBUG] cheese - null
[2023-10-19T10:08:58.857] [DEBUG] cheese - null
[2023-10-19T10:08:58.966] [DEBUG] cheese - login => username:admin,password:123456
[2023-10-19T10:08:58.966] [DEBUG] cheese - admin
[2023-10-19T10:08:58.967] [DEBUG] cheese - null
[2023-10-19T10:08:58.967] [DEBUG] cheese - null
[2023-10-19T10:08:59.099] [DEBUG] cheese - login => username:admin,password:123456
[2023-10-19T10:08:59.099] [DEBUG] cheese - admin
[2023-10-19T10:08:59.100] [DEBUG] cheese - null
[2023-10-19T10:08:59.100] [DEBUG] cheese - null
[2023-10-19T10:08:59.210] [DEBUG] cheese - login => username:admin,password:123456
[2023-10-19T10:08:59.210] [DEBUG] cheese - admin
[2023-10-19T10:08:59.211] [DEBUG] cheese - null
[2023-10-19T10:08:59.211] [DEBUG] cheese - null
[2023-10-19T10:08:59.323] [DEBUG] cheese - login => username:admin,password:123456
[2023-10-19T10:08:59.324] [DEBUG] cheese - admin
[2023-10-19T10:08:59.325] [DEBUG] cheese - null
[2023-10-19T10:08:59.325] [DEBUG] cheese - null
[2023-10-19T10:08:59.433] [DEBUG] cheese - login => username:admin,password:123456
[2023-10-19T10:08:59.433] [DEBUG] cheese - admin
[2023-10-19T10:08:59.434] [DEBUG] cheese - null
[2023-10-19T10:08:59.434] [DEBUG] cheese - null
[2023-10-19T10:08:59.541] [DEBUG] cheese - login => username:admin,password:123456
[2023-10-19T10:08:59.541] [DEBUG] cheese - admin
[2023-10-19T10:08:59.543] [DEBUG] cheese - null
[2023-10-19T10:08:59.543] [DEBUG] cheese - null
[2023-10-19T10:08:59.652] [DEBUG] cheese - login => username:admin,password:123456
[2023-10-19T10:08:59.652] [DEBUG] cheese - admin
[2023-10-19T10:08:59.653] [DEBUG] cheese - null
[2023-10-19T10:08:59.653] [DEBUG] cheese - null
[2023-10-19T10:08:59.764] [DEBUG] cheese - login => username:admin,password:123456
[2023-10-19T10:08:59.764] [DEBUG] cheese - admin
[2023-10-19T10:08:59.765] [DEBUG] cheese - null
[2023-10-19T10:08:59.765] [DEBUG] cheese - null
[2023-10-19T10:08:59.986] [DEBUG] cheese - login => username:admin,password:123456
[2023-10-19T10:08:59.986] [DEBUG] cheese - admin
[2023-10-19T10:08:59.988] [DEBUG] cheese - null
[2023-10-19T10:08:59.988] [DEBUG] cheese - null
[2023-10-19T10:09:00.124] [DEBUG] cheese - login => username:admin,password:123456
[2023-10-19T10:09:00.124] [DEBUG] cheese - admin
[2023-10-19T10:09:00.125] [DEBUG] cheese - null
[2023-10-19T10:09:00.125] [DEBUG] cheese - null
[2023-10-19T10:09:00.235] [DEBUG] cheese - login => username:admin,password:123456
[2023-10-19T10:09:00.235] [DEBUG] cheese - admin
[2023-10-19T10:09:00.236] [DEBUG] cheese - null
[2023-10-19T10:09:00.236] [DEBUG] cheese - null
[2023-10-19T10:09:00.379] [DEBUG] cheese - login => username:admin,password:123456
[2023-10-19T10:09:00.379] [DEBUG] cheese - admin
[2023-10-19T10:09:00.380] [DEBUG] cheese - null
[2023-10-19T10:09:00.380] [DEBUG] cheese - null
[2023-10-19T10:09:00.494] [DEBUG] cheese - login => username:admin,password:123456
[2023-10-19T10:09:00.495] [DEBUG] cheese - admin
[2023-10-19T10:09:00.497] [DEBUG] cheese - null
[2023-10-19T10:09:00.498] [DEBUG] cheese - null
[2023-10-19T10:09:00.627] [DEBUG] cheese - login => username:admin,password:123456
[2023-10-19T10:09:00.627] [DEBUG] cheese - admin
[2023-10-19T10:09:00.633] [DEBUG] cheese - null
[2023-10-19T10:09:00.633] [DEBUG] cheese - null
[2023-10-19T10:09:00.802] [DEBUG] cheese - login => username:admin,password:123456
[2023-10-19T10:09:00.802] [DEBUG] cheese - admin
[2023-10-19T10:09:00.804] [DEBUG] cheese - null
[2023-10-19T10:09:00.804] [DEBUG] cheese - null
[2023-10-19T10:09:00.926] [DEBUG] cheese - login => username:admin,password:123456
[2023-10-19T10:09:00.926] [DEBUG] cheese - admin
[2023-10-19T10:09:00.927] [DEBUG] cheese - null
[2023-10-19T10:09:00.927] [DEBUG] cheese - null
[2023-10-19T10:09:01.046] [DEBUG] cheese - login => username:admin,password:123456
[2023-10-19T10:09:01.046] [DEBUG] cheese - admin
[2023-10-19T10:09:01.047] [DEBUG] cheese - null
[2023-10-19T10:09:01.047] [DEBUG] cheese - null
[2023-10-19T10:09:01.163] [DEBUG] cheese - login => username:admin,password:123456
[2023-10-19T10:09:01.163] [DEBUG] cheese - admin
[2023-10-19T10:09:01.164] [DEBUG] cheese - null
[2023-10-19T10:09:01.164] [DEBUG] cheese - null
[2023-10-19T10:09:01.276] [DEBUG] cheese - login => username:admin,password:123456
[2023-10-19T10:09:01.276] [DEBUG] cheese - admin
[2023-10-19T10:09:01.277] [DEBUG] cheese - null
[2023-10-19T10:09:01.277] [DEBUG] cheese - null
[2023-10-19T10:09:01.389] [DEBUG] cheese - login => username:admin,password:123456
[2023-10-19T10:09:01.389] [DEBUG] cheese - admin
[2023-10-19T10:09:01.390] [DEBUG] cheese - null
[2023-10-19T10:09:01.390] [DEBUG] cheese - null
[2023-10-19T10:09:01.503] [DEBUG] cheese - login => username:admin,password:123456
[2023-10-19T10:09:01.503] [DEBUG] cheese - admin
[2023-10-19T10:09:01.504] [DEBUG] cheese - null
[2023-10-19T10:09:01.504] [DEBUG] cheese - null
[2023-10-19T10:09:01.614] [DEBUG] cheese - login => username:admin,password:123456
[2023-10-19T10:09:01.614] [DEBUG] cheese - admin
[2023-10-19T10:09:01.615] [DEBUG] cheese - null
[2023-10-19T10:09:01.615] [DEBUG] cheese - null
[2023-10-19T10:09:01.725] [DEBUG] cheese - login => username:admin,password:123456
[2023-10-19T10:09:01.725] [DEBUG] cheese - admin
[2023-10-19T10:09:01.726] [DEBUG] cheese - null
[2023-10-19T10:09:01.726] [DEBUG] cheese - null
[2023-10-19T10:09:01.864] [DEBUG] cheese - login => username:admin,password:123456
[2023-10-19T10:09:01.864] [DEBUG] cheese - admin
[2023-10-19T10:09:01.865] [DEBUG] cheese - null
[2023-10-19T10:09:01.865] [DEBUG] cheese - null
[2023-10-19T10:09:01.977] [DEBUG] cheese - login => username:admin,password:123456
[2023-10-19T10:09:01.977] [DEBUG] cheese - admin
[2023-10-19T10:09:01.978] [DEBUG] cheese - null
[2023-10-19T10:09:01.978] [DEBUG] cheese - null
[2023-10-19T10:09:02.091] [DEBUG] cheese - login => username:admin,password:123456
[2023-10-19T10:09:02.091] [DEBUG] cheese - admin
[2023-10-19T10:09:02.093] [DEBUG] cheese - null
[2023-10-19T10:09:02.093] [DEBUG] cheese - null
[2023-10-19T10:09:02.211] [DEBUG] cheese - login => username:admin,password:123456
[2023-10-19T10:09:02.211] [DEBUG] cheese - admin
[2023-10-19T10:09:02.212] [DEBUG] cheese - null
[2023-10-19T10:09:02.212] [DEBUG] cheese - null
[2023-10-19T10:09:02.323] [DEBUG] cheese - login => username:admin,password:123456
[2023-10-19T10:09:02.323] [DEBUG] cheese - admin
[2023-10-19T10:09:02.325] [DEBUG] cheese - null
[2023-10-19T10:09:02.325] [DEBUG] cheese - null
[2023-10-19T10:09:02.438] [DEBUG] cheese - login => username:admin,password:123456
[2023-10-19T10:09:02.438] [DEBUG] cheese - admin
[2023-10-19T10:09:02.439] [DEBUG] cheese - null
[2023-10-19T10:09:02.439] [DEBUG] cheese - null
[2023-10-19T10:09:02.552] [DEBUG] cheese - login => username:admin,password:123456
[2023-10-19T10:09:02.552] [DEBUG] cheese - admin
[2023-10-19T10:09:02.553] [DEBUG] cheese - null
[2023-10-19T10:09:02.553] [DEBUG] cheese - null
[2023-10-19T10:09:02.664] [DEBUG] cheese - login => username:admin,password:123456
[2023-10-19T10:09:02.664] [DEBUG] cheese - admin
[2023-10-19T10:09:02.664] [DEBUG] cheese - null
[2023-10-19T10:09:02.665] [DEBUG] cheese - null
[2023-10-19T10:09:02.778] [DEBUG] cheese - login => username:admin,password:123456
[2023-10-19T10:09:02.778] [DEBUG] cheese - admin
[2023-10-19T10:09:02.779] [DEBUG] cheese - null
[2023-10-19T10:09:02.779] [DEBUG] cheese - null
[2023-10-19T10:09:02.887] [DEBUG] cheese - login => username:admin,password:123456
[2023-10-19T10:09:02.887] [DEBUG] cheese - admin
[2023-10-19T10:09:02.888] [DEBUG] cheese - null
[2023-10-19T10:09:02.888] [DEBUG] cheese - null
[2023-10-19T10:09:03.002] [DEBUG] cheese - login => username:admin,password:123456
[2023-10-19T10:09:03.002] [DEBUG] cheese - admin
[2023-10-19T10:09:03.003] [DEBUG] cheese - null
[2023-10-19T10:09:03.003] [DEBUG] cheese - null
[2023-10-19T10:09:03.116] [DEBUG] cheese - login => username:admin,password:123456
[2023-10-19T10:09:03.116] [DEBUG] cheese - admin
[2023-10-19T10:09:03.117] [DEBUG] cheese - null
[2023-10-19T10:09:03.117] [DEBUG] cheese - null
[2023-10-19T10:09:03.229] [DEBUG] cheese - login => username:admin,password:123456
[2023-10-19T10:09:03.229] [DEBUG] cheese - admin
[2023-10-19T10:09:03.230] [DEBUG] cheese - null
[2023-10-19T10:09:03.230] [DEBUG] cheese - null
[2023-10-19T10:09:03.343] [DEBUG] cheese - login => username:admin,password:123456
[2023-10-19T10:09:03.343] [DEBUG] cheese - admin
[2023-10-19T10:09:03.344] [DEBUG] cheese - null
[2023-10-19T10:09:03.344] [DEBUG] cheese - null
[2023-10-19T10:09:03.461] [DEBUG] cheese - login => username:admin,password:123456
[2023-10-19T10:09:03.461] [DEBUG] cheese - admin
[2023-10-19T10:09:03.462] [DEBUG] cheese - null
[2023-10-19T10:09:03.462] [DEBUG] cheese - null
[2023-10-19T10:09:03.579] [DEBUG] cheese - login => username:admin,password:123456
[2023-10-19T10:09:03.579] [DEBUG] cheese - admin
[2023-10-19T10:09:03.580] [DEBUG] cheese - null
[2023-10-19T10:09:03.581] [DEBUG] cheese - null
[2023-10-19T10:09:03.703] [DEBUG] cheese - login => username:admin,password:123456
[2023-10-19T10:09:03.703] [DEBUG] cheese - admin
[2023-10-19T10:09:03.704] [DEBUG] cheese - null
[2023-10-19T10:09:03.704] [DEBUG] cheese - null
[2023-10-19T10:09:03.815] [DEBUG] cheese - login => username:admin,password:123456
[2023-10-19T10:09:03.815] [DEBUG] cheese - admin
[2023-10-19T10:09:03.816] [DEBUG] cheese - null
[2023-10-19T10:09:03.816] [DEBUG] cheese - null
[2023-10-19T10:09:03.929] [DEBUG] cheese - login => username:admin,password:123456
[2023-10-19T10:09:03.929] [DEBUG] cheese - admin
[2023-10-19T10:09:03.930] [DEBUG] cheese - null
[2023-10-19T10:09:03.930] [DEBUG] cheese - null
[2023-10-19T10:09:04.050] [DEBUG] cheese - login => username:admin,password:123456
[2023-10-19T10:09:04.050] [DEBUG] cheese - admin
[2023-10-19T10:09:04.051] [DEBUG] cheese - null
[2023-10-19T10:09:04.051] [DEBUG] cheese - null
[2023-10-19T10:09:04.179] [DEBUG] cheese - login => username:admin,password:123456
[2023-10-19T10:09:04.180] [DEBUG] cheese - admin
[2023-10-19T10:09:04.181] [DEBUG] cheese - null
[2023-10-19T10:09:04.181] [DEBUG] cheese - null
[2023-10-19T10:09:04.345] [DEBUG] cheese - login => username:admin,password:123456
[2023-10-19T10:09:04.345] [DEBUG] cheese - admin
[2023-10-19T10:09:04.347] [DEBUG] cheese - null
[2023-10-19T10:09:04.347] [DEBUG] cheese - null
[2023-10-19T10:09:04.459] [DEBUG] cheese - login => username:admin,password:123456
[2023-10-19T10:09:04.459] [DEBUG] cheese - admin
[2023-10-19T10:09:04.460] [DEBUG] cheese - null
[2023-10-19T10:09:04.460] [DEBUG] cheese - null
[2023-10-19T10:09:04.574] [DEBUG] cheese - login => username:admin,password:123456
[2023-10-19T10:09:04.574] [DEBUG] cheese - admin
[2023-10-19T10:09:04.575] [DEBUG] cheese - null
[2023-10-19T10:09:04.575] [DEBUG] cheese - null
[2023-10-19T10:09:04.687] [DEBUG] cheese - login => username:admin,password:123456
[2023-10-19T10:09:04.687] [DEBUG] cheese - admin
[2023-10-19T10:09:04.688] [DEBUG] cheese - null
[2023-10-19T10:09:04.688] [DEBUG] cheese - null
[2023-10-19T10:09:04.804] [DEBUG] cheese - login => username:admin,password:123456
[2023-10-19T10:09:04.804] [DEBUG] cheese - admin
[2023-10-19T10:09:04.805] [DEBUG] cheese - null
[2023-10-19T10:09:04.805] [DEBUG] cheese - null
[2023-10-19T10:09:04.917] [DEBUG] cheese - login => username:admin,password:123456
[2023-10-19T10:09:04.917] [DEBUG] cheese - admin
[2023-10-19T10:09:04.918] [DEBUG] cheese - null
[2023-10-19T10:09:04.918] [DEBUG] cheese - null
[2023-10-19T10:09:05.029] [DEBUG] cheese - login => username:admin,password:123456
[2023-10-19T10:09:05.029] [DEBUG] cheese - admin
[2023-10-19T10:09:05.030] [DEBUG] cheese - null
[2023-10-19T10:09:05.030] [DEBUG] cheese - null
[2023-10-19T10:09:05.142] [DEBUG] cheese - login => username:admin,password:123456
[2023-10-19T10:09:05.142] [DEBUG] cheese - admin
[2023-10-19T10:09:05.144] [DEBUG] cheese - null
[2023-10-19T10:09:05.144] [DEBUG] cheese - null
[2023-10-19T10:09:05.259] [DEBUG] cheese - login => username:admin,password:123456
[2023-10-19T10:09:05.259] [DEBUG] cheese - admin
[2023-10-19T10:09:05.260] [DEBUG] cheese - null
[2023-10-19T10:09:05.260] [DEBUG] cheese - null
[2023-10-19T10:09:05.377] [DEBUG] cheese - login => username:admin,password:123456
[2023-10-19T10:09:05.377] [DEBUG] cheese - admin
[2023-10-19T10:09:05.379] [DEBUG] cheese - null
[2023-10-19T10:09:05.379] [DEBUG] cheese - null
[2023-10-19T10:09:05.494] [DEBUG] cheese - login => username:admin,password:123456
[2023-10-19T10:09:05.494] [DEBUG] cheese - admin
[2023-10-19T10:09:05.495] [DEBUG] cheese - null
[2023-10-19T10:09:05.495] [DEBUG] cheese - null
[2023-10-19T10:09:05.610] [DEBUG] cheese - login => username:admin,password:123456
[2023-10-19T10:09:05.610] [DEBUG] cheese - admin
[2023-10-19T10:09:05.611] [DEBUG] cheese - null
[2023-10-19T10:09:05.611] [DEBUG] cheese - null
[2023-10-19T10:09:05.722] [DEBUG] cheese - login => username:admin,password:123456
[2023-10-19T10:09:05.722] [DEBUG] cheese - admin
[2023-10-19T10:09:05.724] [DEBUG] cheese - null
[2023-10-19T10:09:05.724] [DEBUG] cheese - null
[2023-10-19T10:09:05.837] [DEBUG] cheese - login => username:admin,password:123456
[2023-10-19T10:09:05.837] [DEBUG] cheese - admin
[2023-10-19T10:09:05.839] [DEBUG] cheese - null
[2023-10-19T10:09:05.839] [DEBUG] cheese - null
[2023-10-19T10:09:05.951] [DEBUG] cheese - login => username:admin,password:123456
[2023-10-19T10:09:05.951] [DEBUG] cheese - admin
[2023-10-19T10:09:05.952] [DEBUG] cheese - null
[2023-10-19T10:09:05.952] [DEBUG] cheese - null
[2023-10-19T10:09:06.061] [DEBUG] cheese - login => username:admin,password:123456
[2023-10-19T10:09:06.061] [DEBUG] cheese - admin
[2023-10-19T10:09:06.062] [DEBUG] cheese - null
[2023-10-19T10:09:06.062] [DEBUG] cheese - null
[2023-10-19T10:09:06.174] [DEBUG] cheese - login => username:admin,password:123456
[2023-10-19T10:09:06.174] [DEBUG] cheese - admin
[2023-10-19T10:09:06.175] [DEBUG] cheese - null
[2023-10-19T10:09:06.175] [DEBUG] cheese - null
[2023-10-19T10:09:06.288] [DEBUG] cheese - login => username:admin,password:123456
[2023-10-19T10:09:06.289] [DEBUG] cheese - admin
[2023-10-19T10:09:06.290] [DEBUG] cheese - null
[2023-10-19T10:09:06.290] [DEBUG] cheese - null
[2023-10-19T10:09:06.402] [DEBUG] cheese - login => username:admin,password:123456
[2023-10-19T10:09:06.402] [DEBUG] cheese - admin
[2023-10-19T10:09:06.403] [DEBUG] cheese - null
[2023-10-19T10:09:06.403] [DEBUG] cheese - null
[2023-10-19T10:09:06.514] [DEBUG] cheese - login => username:admin,password:123456
[2023-10-19T10:09:06.514] [DEBUG] cheese - admin
[2023-10-19T10:09:06.515] [DEBUG] cheese - null
[2023-10-19T10:09:06.516] [DEBUG] cheese - null
[2023-10-19T10:09:06.626] [DEBUG] cheese - login => username:admin,password:123456
[2023-10-19T10:09:06.627] [DEBUG] cheese - admin
[2023-10-19T10:09:06.628] [DEBUG] cheese - null
[2023-10-19T10:09:06.628] [DEBUG] cheese - null
[2023-10-19T10:09:06.759] [DEBUG] cheese - login => username:admin,password:123456
[2023-10-19T10:09:06.759] [DEBUG] cheese - admin
[2023-10-19T10:09:06.774] [DEBUG] cheese - null
[2023-10-19T10:09:06.774] [DEBUG] cheese - null
[2023-10-19T10:09:06.889] [DEBUG] cheese - login => username:admin,password:123456
[2023-10-19T10:09:06.889] [DEBUG] cheese - admin
[2023-10-19T10:09:06.890] [DEBUG] cheese - null
[2023-10-19T10:09:06.890] [DEBUG] cheese - null
[2023-10-19T10:09:07.001] [DEBUG] cheese - login => username:admin,password:123456
[2023-10-19T10:09:07.001] [DEBUG] cheese - admin
[2023-10-19T10:09:07.002] [DEBUG] cheese - null
[2023-10-19T10:09:07.002] [DEBUG] cheese - null
[2023-10-19T10:09:07.152] [DEBUG] cheese - login => username:admin,password:123456
[2023-10-19T10:09:07.152] [DEBUG] cheese - admin
[2023-10-19T10:09:07.154] [DEBUG] cheese - null
[2023-10-19T10:09:07.154] [DEBUG] cheese - null
[2023-10-19T10:09:07.302] [DEBUG] cheese - login => username:admin,password:123456
[2023-10-19T10:09:07.302] [DEBUG] cheese - admin
[2023-10-19T10:09:07.304] [DEBUG] cheese - null
[2023-10-19T10:09:07.304] [DEBUG] cheese - null
[2023-10-19T10:09:07.421] [DEBUG] cheese - login => username:admin,password:123456
[2023-10-19T10:09:07.421] [DEBUG] cheese - admin
[2023-10-19T10:09:07.422] [DEBUG] cheese - null
[2023-10-19T10:09:07.422] [DEBUG] cheese - null
[2023-10-19T10:09:07.535] [DEBUG] cheese - login => username:admin,password:123456
[2023-10-19T10:09:07.535] [DEBUG] cheese - admin
[2023-10-19T10:09:07.536] [DEBUG] cheese - null
[2023-10-19T10:09:07.536] [DEBUG] cheese - null
[2023-10-19T10:09:07.646] [DEBUG] cheese - login => username:admin,password:123456
[2023-10-19T10:09:07.646] [DEBUG] cheese - admin
[2023-10-19T10:09:07.647] [DEBUG] cheese - null
[2023-10-19T10:09:07.647] [DEBUG] cheese - null
[2023-10-19T10:09:07.761] [DEBUG] cheese - login => username:admin,password:123456
[2023-10-19T10:09:07.762] [DEBUG] cheese - admin
[2023-10-19T10:09:07.763] [DEBUG] cheese - null
[2023-10-19T10:09:07.763] [DEBUG] cheese - null
[2023-10-19T10:09:07.895] [DEBUG] cheese - login => username:admin,password:123456
[2023-10-19T10:09:07.895] [DEBUG] cheese - admin
[2023-10-19T10:09:07.897] [DEBUG] cheese - null
[2023-10-19T10:09:07.897] [DEBUG] cheese - null
[2023-10-19T10:09:08.008] [DEBUG] cheese - login => username:admin,password:123456
[2023-10-19T10:09:08.008] [DEBUG] cheese - admin
[2023-10-19T10:09:08.010] [DEBUG] cheese - null
[2023-10-19T10:09:08.010] [DEBUG] cheese - null
[2023-10-19T10:09:08.122] [DEBUG] cheese - login => username:admin,password:123456
[2023-10-19T10:09:08.122] [DEBUG] cheese - admin
[2023-10-19T10:09:08.124] [DEBUG] cheese - null
[2023-10-19T10:09:08.124] [DEBUG] cheese - null
[2023-10-19T10:09:08.239] [DEBUG] cheese - login => username:admin,password:123456
[2023-10-19T10:09:08.239] [DEBUG] cheese - admin
[2023-10-19T10:09:08.241] [DEBUG] cheese - null
[2023-10-19T10:09:08.241] [DEBUG] cheese - null
[2023-10-19T10:09:08.354] [DEBUG] cheese - login => username:admin,password:123456
[2023-10-19T10:09:08.354] [DEBUG] cheese - admin
[2023-10-19T10:09:08.356] [DEBUG] cheese - null
[2023-10-19T10:09:08.356] [DEBUG] cheese - null
[2023-10-19T10:09:08.469] [DEBUG] cheese - login => username:admin,password:123456
[2023-10-19T10:09:08.469] [DEBUG] cheese - admin
[2023-10-19T10:09:08.470] [DEBUG] cheese - null
[2023-10-19T10:09:08.470] [DEBUG] cheese - null
[2023-10-19T10:09:08.588] [DEBUG] cheese - login => username:admin,password:123456
[2023-10-19T10:09:08.588] [DEBUG] cheese - admin
[2023-10-19T10:09:08.595] [DEBUG] cheese - null
[2023-10-19T10:09:08.595] [DEBUG] cheese - null
[2023-10-19T10:09:08.707] [DEBUG] cheese - login => username:admin,password:123456
[2023-10-19T10:09:08.707] [DEBUG] cheese - admin
[2023-10-19T10:09:08.708] [DEBUG] cheese - null
[2023-10-19T10:09:08.708] [DEBUG] cheese - null
[2023-10-19T10:09:08.821] [DEBUG] cheese - login => username:admin,password:123456
[2023-10-19T10:09:08.821] [DEBUG] cheese - admin
[2023-10-19T10:09:08.822] [DEBUG] cheese - null
[2023-10-19T10:09:08.822] [DEBUG] cheese - null
[2023-10-19T10:09:08.934] [DEBUG] cheese - login => username:admin,password:123456
[2023-10-19T10:09:08.934] [DEBUG] cheese - admin
[2023-10-19T10:09:08.936] [DEBUG] cheese - null
[2023-10-19T10:09:08.936] [DEBUG] cheese - null
[2023-10-19T10:09:09.051] [DEBUG] cheese - login => username:admin,password:123456
[2023-10-19T10:09:09.051] [DEBUG] cheese - admin
[2023-10-19T10:09:09.052] [DEBUG] cheese - null
[2023-10-19T10:09:09.052] [DEBUG] cheese - null
[2023-10-19T10:09:09.165] [DEBUG] cheese - login => username:admin,password:123456
[2023-10-19T10:09:09.165] [DEBUG] cheese - admin
[2023-10-19T10:09:09.166] [DEBUG] cheese - null
[2023-10-19T10:09:09.166] [DEBUG] cheese - null
[2023-10-19T10:09:09.295] [DEBUG] cheese - login => username:admin,password:123456
[2023-10-19T10:09:09.295] [DEBUG] cheese - admin
[2023-10-19T10:09:09.296] [DEBUG] cheese - null
[2023-10-19T10:09:09.296] [DEBUG] cheese - null
[2023-10-19T10:09:09.412] [DEBUG] cheese - login => username:admin,password:123456
[2023-10-19T10:09:09.412] [DEBUG] cheese - admin
[2023-10-19T10:09:09.413] [DEBUG] cheese - null
[2023-10-19T10:09:09.413] [DEBUG] cheese - null
[2023-10-19T10:09:09.523] [DEBUG] cheese - login => username:admin,password:123456
[2023-10-19T10:09:09.523] [DEBUG] cheese - admin
[2023-10-19T10:09:09.525] [DEBUG] cheese - null
[2023-10-19T10:09:09.525] [DEBUG] cheese - null
[2023-10-19T10:09:09.641] [DEBUG] cheese - login => username:admin,password:123456
[2023-10-19T10:09:09.641] [DEBUG] cheese - admin
[2023-10-19T10:09:09.643] [DEBUG] cheese - null
[2023-10-19T10:09:09.643] [DEBUG] cheese - null
[2023-10-19T10:09:09.756] [DEBUG] cheese - login => username:admin,password:123456
[2023-10-19T10:09:09.756] [DEBUG] cheese - admin
[2023-10-19T10:09:09.757] [DEBUG] cheese - null
[2023-10-19T10:09:09.757] [DEBUG] cheese - null
[2023-10-19T10:09:09.868] [DEBUG] cheese - login => username:admin,password:123456
[2023-10-19T10:09:09.868] [DEBUG] cheese - admin
[2023-10-19T10:09:09.869] [DEBUG] cheese - null
[2023-10-19T10:09:09.869] [DEBUG] cheese - null
[2023-10-19T10:09:09.983] [DEBUG] cheese - login => username:admin,password:123456
[2023-10-19T10:09:09.983] [DEBUG] cheese - admin
[2023-10-19T10:09:09.984] [DEBUG] cheese - null
[2023-10-19T10:09:09.984] [DEBUG] cheese - null
[2023-10-19T10:09:10.098] [DEBUG] cheese - login => username:admin,password:123456
[2023-10-19T10:09:10.098] [DEBUG] cheese - admin
[2023-10-19T10:09:10.099] [DEBUG] cheese - null
[2023-10-19T10:09:10.099] [DEBUG] cheese - null
[2023-10-19T10:09:10.211] [DEBUG] cheese - login => username:admin,password:123456
[2023-10-19T10:09:10.211] [DEBUG] cheese - admin
[2023-10-19T10:09:10.213] [DEBUG] cheese - null
[2023-10-19T10:09:10.213] [DEBUG] cheese - null
[2023-10-19T10:09:10.328] [DEBUG] cheese - login => username:admin,password:123456
[2023-10-19T10:09:10.328] [DEBUG] cheese - admin
[2023-10-19T10:09:10.329] [DEBUG] cheese - null
[2023-10-19T10:09:10.329] [DEBUG] cheese - null
[2023-10-19T10:09:10.440] [DEBUG] cheese - login => username:admin,password:123456
[2023-10-19T10:09:10.440] [DEBUG] cheese - admin
[2023-10-19T10:09:10.441] [DEBUG] cheese - null
[2023-10-19T10:09:10.441] [DEBUG] cheese - null
[2023-10-19T10:09:10.556] [DEBUG] cheese - login => username:admin,password:123456
[2023-10-19T10:09:10.557] [DEBUG] cheese - admin
[2023-10-19T10:09:10.558] [DEBUG] cheese - null
[2023-10-19T10:09:10.558] [DEBUG] cheese - null
[2023-10-19T10:09:10.669] [DEBUG] cheese - login => username:admin,password:123456
[2023-10-19T10:09:10.669] [DEBUG] cheese - admin
[2023-10-19T10:09:10.670] [DEBUG] cheese - null
[2023-10-19T10:09:10.670] [DEBUG] cheese - null
[2023-10-19T10:09:10.785] [DEBUG] cheese - login => username:admin,password:123456
[2023-10-19T10:09:10.785] [DEBUG] cheese - admin
[2023-10-19T10:09:10.785] [DEBUG] cheese - null
[2023-10-19T10:09:10.785] [DEBUG] cheese - null
[2023-10-19T10:09:10.898] [DEBUG] cheese - login => username:admin,password:123456
[2023-10-19T10:09:10.898] [DEBUG] cheese - admin
[2023-10-19T10:09:10.906] [DEBUG] cheese - null
[2023-10-19T10:09:10.906] [DEBUG] cheese - null
[2023-10-19T10:09:11.024] [DEBUG] cheese - login => username:admin,password:123456
[2023-10-19T10:09:11.024] [DEBUG] cheese - admin
[2023-10-19T10:09:11.025] [DEBUG] cheese - null
[2023-10-19T10:09:11.025] [DEBUG] cheese - null
[2023-10-19T10:09:11.137] [DEBUG] cheese - login => username:admin,password:123456
[2023-10-19T10:09:11.137] [DEBUG] cheese - admin
[2023-10-19T10:09:11.138] [DEBUG] cheese - null
[2023-10-19T10:09:11.138] [DEBUG] cheese - null
[2023-10-19T10:09:11.253] [DEBUG] cheese - login => username:admin,password:123456
[2023-10-19T10:09:11.253] [DEBUG] cheese - admin
[2023-10-19T10:09:11.261] [DEBUG] cheese - null
[2023-10-19T10:09:11.261] [DEBUG] cheese - null
[2023-10-19T10:09:11.389] [DEBUG] cheese - login => username:admin,password:123456
[2023-10-19T10:09:11.389] [DEBUG] cheese - admin
[2023-10-19T10:09:11.390] [DEBUG] cheese - null
[2023-10-19T10:09:11.390] [DEBUG] cheese - null
[2023-10-19T10:09:11.503] [DEBUG] cheese - login => username:admin,password:123456
[2023-10-19T10:09:11.503] [DEBUG] cheese - admin
[2023-10-19T10:09:11.503] [DEBUG] cheese - null
[2023-10-19T10:09:11.503] [DEBUG] cheese - null
[2023-10-19T10:09:11.617] [DEBUG] cheese - login => username:admin,password:123456
[2023-10-19T10:09:11.617] [DEBUG] cheese - admin
[2023-10-19T10:09:11.618] [DEBUG] cheese - null
[2023-10-19T10:09:11.618] [DEBUG] cheese - null
[2023-10-19T10:09:11.745] [DEBUG] cheese - login => username:admin,password:123456
[2023-10-19T10:09:11.745] [DEBUG] cheese - admin
[2023-10-19T10:09:11.747] [DEBUG] cheese - null
[2023-10-19T10:09:11.747] [DEBUG] cheese - null
[2023-10-19T10:09:11.863] [DEBUG] cheese - login => username:admin,password:123456
[2023-10-19T10:09:11.863] [DEBUG] cheese - admin
[2023-10-19T10:09:11.864] [DEBUG] cheese - null
[2023-10-19T10:09:11.864] [DEBUG] cheese - null
[2023-10-19T10:09:11.980] [DEBUG] cheese - login => username:admin,password:123456
[2023-10-19T10:09:11.980] [DEBUG] cheese - admin
[2023-10-19T10:09:11.981] [DEBUG] cheese - null
[2023-10-19T10:09:11.981] [DEBUG] cheese - null
[2023-10-19T10:09:12.096] [DEBUG] cheese - login => username:admin,password:123456
[2023-10-19T10:09:12.096] [DEBUG] cheese - admin
[2023-10-19T10:09:12.103] [DEBUG] cheese - null
[2023-10-19T10:09:12.103] [DEBUG] cheese - null
[2023-10-19T10:09:12.228] [DEBUG] cheese - login => username:admin,password:123456
[2023-10-19T10:09:12.228] [DEBUG] cheese - admin
[2023-10-19T10:09:12.229] [DEBUG] cheese - null
[2023-10-19T10:09:12.229] [DEBUG] cheese - null
[2023-10-19T10:09:12.345] [DEBUG] cheese - login => username:admin,password:123456
[2023-10-19T10:09:12.345] [DEBUG] cheese - admin
[2023-10-19T10:09:12.346] [DEBUG] cheese - null
[2023-10-19T10:09:12.346] [DEBUG] cheese - null
[2023-10-19T10:09:12.464] [DEBUG] cheese - login => username:admin,password:123456
[2023-10-19T10:09:12.464] [DEBUG] cheese - admin
[2023-10-19T10:09:12.465] [DEBUG] cheese - null
[2023-10-19T10:09:12.465] [DEBUG] cheese - null
[2023-10-19T10:09:12.579] [DEBUG] cheese - login => username:admin,password:123456
[2023-10-19T10:09:12.579] [DEBUG] cheese - admin
[2023-10-19T10:09:12.580] [DEBUG] cheese - null
[2023-10-19T10:09:12.580] [DEBUG] cheese - null
[2023-10-19T10:09:12.696] [DEBUG] cheese - login => username:admin,password:123456
[2023-10-19T10:09:12.696] [DEBUG] cheese - admin
[2023-10-19T10:09:12.697] [DEBUG] cheese - null
[2023-10-19T10:09:12.697] [DEBUG] cheese - null
[2023-10-19T10:09:12.819] [DEBUG] cheese - login => username:admin,password:123456
[2023-10-19T10:09:12.819] [DEBUG] cheese - admin
[2023-10-19T10:09:12.819] [DEBUG] cheese - null
[2023-10-19T10:09:12.819] [DEBUG] cheese - null
[2023-10-19T10:09:12.938] [DEBUG] cheese - login => username:admin,password:123456
[2023-10-19T10:09:12.938] [DEBUG] cheese - admin
[2023-10-19T10:09:12.939] [DEBUG] cheese - null
[2023-10-19T10:09:12.939] [DEBUG] cheese - null
[2023-10-19T10:09:13.054] [DEBUG] cheese - login => username:admin,password:123456
[2023-10-19T10:09:13.054] [DEBUG] cheese - admin
[2023-10-19T10:09:13.056] [DEBUG] cheese - null
[2023-10-19T10:09:13.056] [DEBUG] cheese - null
[2023-10-19T10:09:13.177] [DEBUG] cheese - login => username:admin,password:123456
[2023-10-19T10:09:13.177] [DEBUG] cheese - admin
[2023-10-19T10:09:13.178] [DEBUG] cheese - null
[2023-10-19T10:09:13.178] [DEBUG] cheese - null
[2023-10-19T10:09:13.295] [DEBUG] cheese - login => username:admin,password:123456
[2023-10-19T10:09:13.295] [DEBUG] cheese - admin
[2023-10-19T10:09:13.296] [DEBUG] cheese - null
[2023-10-19T10:09:13.296] [DEBUG] cheese - null
[2023-10-19T10:09:13.412] [DEBUG] cheese - login => username:admin,password:123456
[2023-10-19T10:09:13.412] [DEBUG] cheese - admin
[2023-10-19T10:09:13.414] [DEBUG] cheese - null
[2023-10-19T10:09:13.414] [DEBUG] cheese - null
[2023-10-19T10:09:13.529] [DEBUG] cheese - login => username:admin,password:123456
[2023-10-19T10:09:13.529] [DEBUG] cheese - admin
[2023-10-19T10:09:13.530] [DEBUG] cheese - null
[2023-10-19T10:09:13.530] [DEBUG] cheese - null
[2023-10-19T10:09:13.645] [DEBUG] cheese - login => username:admin,password:123456
[2023-10-19T10:09:13.645] [DEBUG] cheese - admin
[2023-10-19T10:09:13.646] [DEBUG] cheese - null
[2023-10-19T10:09:13.646] [DEBUG] cheese - null
[2023-10-19T10:09:13.766] [DEBUG] cheese - login => username:admin,password:123456
[2023-10-19T10:09:13.766] [DEBUG] cheese - admin
[2023-10-19T10:09:13.767] [DEBUG] cheese - null
[2023-10-19T10:09:13.767] [DEBUG] cheese - null
[2023-10-19T10:09:13.888] [DEBUG] cheese - login => username:admin,password:123456
[2023-10-19T10:09:13.888] [DEBUG] cheese - admin
[2023-10-19T10:09:13.890] [DEBUG] cheese - null
[2023-10-19T10:09:13.890] [DEBUG] cheese - null
[2023-10-19T10:09:14.039] [DEBUG] cheese - login => username:admin,password:123456
[2023-10-19T10:09:14.039] [DEBUG] cheese - admin
[2023-10-19T10:09:14.042] [DEBUG] cheese - null
[2023-10-19T10:09:14.043] [DEBUG] cheese - null
[2023-10-19T10:09:14.187] [DEBUG] cheese - login => username:admin,password:123456
[2023-10-19T10:09:14.187] [DEBUG] cheese - admin
[2023-10-19T10:09:14.189] [DEBUG] cheese - null
[2023-10-19T10:09:14.189] [DEBUG] cheese - null
[2023-10-19T10:09:14.307] [DEBUG] cheese - login => username:admin,password:123456
[2023-10-19T10:09:14.307] [DEBUG] cheese - admin
[2023-10-19T10:09:14.308] [DEBUG] cheese - null
[2023-10-19T10:09:14.308] [DEBUG] cheese - null
[2023-10-19T10:09:14.449] [DEBUG] cheese - login => username:admin,password:123456
[2023-10-19T10:09:14.449] [DEBUG] cheese - admin
[2023-10-19T10:09:14.451] [DEBUG] cheese - null
[2023-10-19T10:09:14.451] [DEBUG] cheese - null
[2023-10-19T10:09:14.565] [DEBUG] cheese - login => username:admin,password:123456
[2023-10-19T10:09:14.565] [DEBUG] cheese - admin
[2023-10-19T10:09:14.567] [DEBUG] cheese - null
[2023-10-19T10:09:14.567] [DEBUG] cheese - null
[2023-10-19T10:09:14.680] [DEBUG] cheese - login => username:admin,password:123456
[2023-10-19T10:09:14.680] [DEBUG] cheese - admin
[2023-10-19T10:09:14.681] [DEBUG] cheese - null
[2023-10-19T10:09:14.681] [DEBUG] cheese - null
[2023-10-19T10:09:14.796] [DEBUG] cheese - login => username:admin,password:123456
[2023-10-19T10:09:14.796] [DEBUG] cheese - admin
[2023-10-19T10:09:14.797] [DEBUG] cheese - null
[2023-10-19T10:09:14.797] [DEBUG] cheese - null
[2023-10-19T10:09:14.913] [DEBUG] cheese - login => username:admin,password:123456
[2023-10-19T10:09:14.913] [DEBUG] cheese - admin
[2023-10-19T10:09:14.914] [DEBUG] cheese - null
[2023-10-19T10:09:14.914] [DEBUG] cheese - null
[2023-10-19T10:09:15.028] [DEBUG] cheese - login => username:admin,password:123456
[2023-10-19T10:09:15.028] [DEBUG] cheese - admin
[2023-10-19T10:09:15.029] [DEBUG] cheese - null
[2023-10-19T10:09:15.029] [DEBUG] cheese - null
[2023-10-19T10:09:15.145] [DEBUG] cheese - login => username:admin,password:123456
[2023-10-19T10:09:15.145] [DEBUG] cheese - admin
[2023-10-19T10:09:15.146] [DEBUG] cheese - null
[2023-10-19T10:09:15.146] [DEBUG] cheese - null
[2023-10-19T10:09:15.261] [DEBUG] cheese - login => username:admin,password:123456
[2023-10-19T10:09:15.262] [DEBUG] cheese - admin
[2023-10-19T10:09:15.263] [DEBUG] cheese - null
[2023-10-19T10:09:15.263] [DEBUG] cheese - null
[2023-10-19T10:09:15.377] [DEBUG] cheese - login => username:admin,password:123456
[2023-10-19T10:09:15.377] [DEBUG] cheese - admin
[2023-10-19T10:09:15.378] [DEBUG] cheese - null
[2023-10-19T10:09:15.378] [DEBUG] cheese - null
[2023-10-19T10:09:15.502] [DEBUG] cheese - login => username:admin,password:123456
[2023-10-19T10:09:15.502] [DEBUG] cheese - admin
[2023-10-19T10:09:15.503] [DEBUG] cheese - null
[2023-10-19T10:09:15.503] [DEBUG] cheese - null
[2023-10-19T10:09:15.622] [DEBUG] cheese - login => username:admin,password:123456
[2023-10-19T10:09:15.622] [DEBUG] cheese - admin
[2023-10-19T10:09:15.623] [DEBUG] cheese - null
[2023-10-19T10:09:15.623] [DEBUG] cheese - null
[2023-10-19T10:09:15.735] [DEBUG] cheese - login => username:admin,password:123456
[2023-10-19T10:09:15.735] [DEBUG] cheese - admin
[2023-10-19T10:09:15.736] [DEBUG] cheese - null
[2023-10-19T10:09:15.736] [DEBUG] cheese - null
[2023-10-19T10:09:15.851] [DEBUG] cheese - login => username:admin,password:123456
[2023-10-19T10:09:15.851] [DEBUG] cheese - admin
[2023-10-19T10:09:15.852] [DEBUG] cheese - null
[2023-10-19T10:09:15.852] [DEBUG] cheese - null
[2023-10-19T10:09:15.964] [DEBUG] cheese - login => username:admin,password:123456
[2023-10-19T10:09:15.964] [DEBUG] cheese - admin
[2023-10-19T10:09:15.965] [DEBUG] cheese - null
[2023-10-19T10:09:15.965] [DEBUG] cheese - null
[2023-10-19T10:09:16.079] [DEBUG] cheese - login => username:admin,password:123456
[2023-10-19T10:09:16.079] [DEBUG] cheese - admin
[2023-10-19T10:09:16.080] [DEBUG] cheese - null
[2023-10-19T10:09:16.080] [DEBUG] cheese - null
[2023-10-19T10:09:16.195] [DEBUG] cheese - login => username:admin,password:123456
[2023-10-19T10:09:16.195] [DEBUG] cheese - admin
[2023-10-19T10:09:16.196] [DEBUG] cheese - null
[2023-10-19T10:09:16.196] [DEBUG] cheese - null
[2023-10-19T10:09:16.305] [DEBUG] cheese - login => username:admin,password:123456
[2023-10-19T10:09:16.305] [DEBUG] cheese - admin
[2023-10-19T10:09:16.306] [DEBUG] cheese - null
[2023-10-19T10:09:16.306] [DEBUG] cheese - null
[2023-10-19T10:09:16.417] [DEBUG] cheese - login => username:admin,password:123456
[2023-10-19T10:09:16.417] [DEBUG] cheese - admin
[2023-10-19T10:09:16.418] [DEBUG] cheese - null
[2023-10-19T10:09:16.418] [DEBUG] cheese - null
[2023-10-19T10:09:16.529] [DEBUG] cheese - login => username:admin,password:123456
[2023-10-19T10:09:16.529] [DEBUG] cheese - admin
[2023-10-19T10:09:16.529] [DEBUG] cheese - null
[2023-10-19T10:09:16.529] [DEBUG] cheese - null
[2023-10-19T10:09:16.643] [DEBUG] cheese - login => username:admin,password:123456
[2023-10-19T10:09:16.643] [DEBUG] cheese - admin
[2023-10-19T10:09:16.644] [DEBUG] cheese - null
[2023-10-19T10:09:16.645] [DEBUG] cheese - null
[2023-10-19T10:09:16.756] [DEBUG] cheese - login => username:admin,password:123456
[2023-10-19T10:09:16.756] [DEBUG] cheese - admin
[2023-10-19T10:09:16.757] [DEBUG] cheese - null
[2023-10-19T10:09:16.757] [DEBUG] cheese - null
[2023-10-19T10:09:16.890] [DEBUG] cheese - login => username:admin,password:123456
[2023-10-19T10:09:16.890] [DEBUG] cheese - admin
[2023-10-19T10:09:16.891] [DEBUG] cheese - null
[2023-10-19T10:09:16.891] [DEBUG] cheese - null
[2023-10-19T10:09:17.003] [DEBUG] cheese - login => username:admin,password:123456
[2023-10-19T10:09:17.003] [DEBUG] cheese - admin
[2023-10-19T10:09:17.004] [DEBUG] cheese - null
[2023-10-19T10:09:17.004] [DEBUG] cheese - null
[2023-10-19T10:09:17.118] [DEBUG] cheese - login => username:admin,password:123456
[2023-10-19T10:09:17.118] [DEBUG] cheese - admin
[2023-10-19T10:09:17.119] [DEBUG] cheese - null
[2023-10-19T10:09:17.119] [DEBUG] cheese - null
[2023-10-19T10:09:17.235] [DEBUG] cheese - login => username:admin,password:123456
[2023-10-19T10:09:17.235] [DEBUG] cheese - admin
[2023-10-19T10:09:17.237] [DEBUG] cheese - null
[2023-10-19T10:09:17.237] [DEBUG] cheese - null
[2023-10-19T10:09:17.349] [DEBUG] cheese - login => username:admin,password:123456
[2023-10-19T10:09:17.349] [DEBUG] cheese - admin
[2023-10-19T10:09:17.350] [DEBUG] cheese - null
[2023-10-19T10:09:17.350] [DEBUG] cheese - null
[2023-10-19T10:09:17.464] [DEBUG] cheese - login => username:admin,password:123456
[2023-10-19T10:09:17.464] [DEBUG] cheese - admin
[2023-10-19T10:09:17.465] [DEBUG] cheese - null
[2023-10-19T10:09:17.465] [DEBUG] cheese - null
[2023-10-19T10:09:17.578] [DEBUG] cheese - login => username:admin,password:123456
[2023-10-19T10:09:17.578] [DEBUG] cheese - admin
[2023-10-19T10:09:17.579] [DEBUG] cheese - null
[2023-10-19T10:09:17.579] [DEBUG] cheese - null
[2023-10-19T10:09:17.701] [DEBUG] cheese - login => username:admin,password:123456
[2023-10-19T10:09:17.701] [DEBUG] cheese - admin
[2023-10-19T10:09:17.702] [DEBUG] cheese - null
[2023-10-19T10:09:17.702] [DEBUG] cheese - null
[2023-10-19T10:09:17.822] [DEBUG] cheese - login => username:admin,password:123456
[2023-10-19T10:09:17.822] [DEBUG] cheese - admin
[2023-10-19T10:09:17.823] [DEBUG] cheese - null
[2023-10-19T10:09:17.823] [DEBUG] cheese - null
[2023-10-19T10:09:17.938] [DEBUG] cheese - login => username:admin,password:123456
[2023-10-19T10:09:17.938] [DEBUG] cheese - admin
[2023-10-19T10:09:17.940] [DEBUG] cheese - null
[2023-10-19T10:09:17.940] [DEBUG] cheese - null
[2023-10-19T10:09:18.053] [DEBUG] cheese - login => username:admin,password:123456
[2023-10-19T10:09:18.053] [DEBUG] cheese - admin
[2023-10-19T10:09:18.053] [DEBUG] cheese - null
[2023-10-19T10:09:18.053] [DEBUG] cheese - null
[2023-10-19T10:09:18.168] [DEBUG] cheese - login => username:admin,password:123456
[2023-10-19T10:09:18.168] [DEBUG] cheese - admin
[2023-10-19T10:09:18.168] [DEBUG] cheese - null
[2023-10-19T10:09:18.168] [DEBUG] cheese - null
[2023-10-19T10:09:18.289] [DEBUG] cheese - login => username:admin,password:123456
[2023-10-19T10:09:18.289] [DEBUG] cheese - admin
[2023-10-19T10:09:18.291] [DEBUG] cheese - null
[2023-10-19T10:09:18.291] [DEBUG] cheese - null
[2023-10-19T10:09:18.408] [DEBUG] cheese - login => username:admin,password:123456
[2023-10-19T10:09:18.408] [DEBUG] cheese - admin
[2023-10-19T10:09:18.409] [DEBUG] cheese - null
[2023-10-19T10:09:18.409] [DEBUG] cheese - null
[2023-10-19T10:09:18.526] [DEBUG] cheese - login => username:admin,password:123456
[2023-10-19T10:09:18.526] [DEBUG] cheese - admin
[2023-10-19T10:09:18.527] [DEBUG] cheese - null
[2023-10-19T10:09:18.527] [DEBUG] cheese - null
[2023-10-19T10:09:18.644] [DEBUG] cheese - login => username:admin,password:123456
[2023-10-19T10:09:18.644] [DEBUG] cheese - admin
[2023-10-19T10:09:18.646] [DEBUG] cheese - null
[2023-10-19T10:09:18.646] [DEBUG] cheese - null
[2023-10-19T10:09:18.763] [DEBUG] cheese - login => username:admin,password:123456
[2023-10-19T10:09:18.763] [DEBUG] cheese - admin
[2023-10-19T10:09:18.764] [DEBUG] cheese - null
[2023-10-19T10:09:18.764] [DEBUG] cheese - null
[2023-10-19T10:09:18.878] [DEBUG] cheese - login => username:admin,password:123456
[2023-10-19T10:09:18.878] [DEBUG] cheese - admin
[2023-10-19T10:09:18.880] [DEBUG] cheese - null
[2023-10-19T10:09:18.880] [DEBUG] cheese - null
[2023-10-19T10:09:18.994] [DEBUG] cheese - login => username:admin,password:123456
[2023-10-19T10:09:18.994] [DEBUG] cheese - admin
[2023-10-19T10:09:18.995] [DEBUG] cheese - null
[2023-10-19T10:09:18.995] [DEBUG] cheese - null
[2023-10-19T10:09:19.109] [DEBUG] cheese - login => username:admin,password:123456
[2023-10-19T10:09:19.109] [DEBUG] cheese - admin
[2023-10-19T10:09:19.109] [DEBUG] cheese - null
[2023-10-19T10:09:19.109] [DEBUG] cheese - null
[2023-10-19T10:09:19.228] [DEBUG] cheese - login => username:admin,password:123456
[2023-10-19T10:09:19.228] [DEBUG] cheese - admin
[2023-10-19T10:09:19.230] [DEBUG] cheese - null
[2023-10-19T10:09:19.230] [DEBUG] cheese - null
[2023-10-19T10:09:19.369] [DEBUG] cheese - login => username:admin,password:123456
[2023-10-19T10:09:19.369] [DEBUG] cheese - admin
[2023-10-19T10:09:19.370] [DEBUG] cheese - null
[2023-10-19T10:09:19.370] [DEBUG] cheese - null
[2023-10-19T10:09:19.483] [DEBUG] cheese - login => username:admin,password:123456
[2023-10-19T10:09:19.483] [DEBUG] cheese - admin
[2023-10-19T10:09:19.483] [DEBUG] cheese - null
[2023-10-19T10:09:19.483] [DEBUG] cheese - null
[2023-10-19T10:09:19.601] [DEBUG] cheese - login => username:admin,password:123456
[2023-10-19T10:09:19.601] [DEBUG] cheese - admin
[2023-10-19T10:09:19.602] [DEBUG] cheese - null
[2023-10-19T10:09:19.602] [DEBUG] cheese - null
[2023-10-19T10:09:19.714] [DEBUG] cheese - login => username:admin,password:123456
[2023-10-19T10:09:19.714] [DEBUG] cheese - admin
[2023-10-19T10:09:19.715] [DEBUG] cheese - null
[2023-10-19T10:09:19.715] [DEBUG] cheese - null
[2023-10-19T10:09:19.828] [DEBUG] cheese - login => username:admin,password:123456
[2023-10-19T10:09:19.828] [DEBUG] cheese - admin
[2023-10-19T10:09:19.829] [DEBUG] cheese - null
[2023-10-19T10:09:19.829] [DEBUG] cheese - null
[2023-10-19T10:09:19.942] [DEBUG] cheese - login => username:admin,password:123456
[2023-10-19T10:09:19.942] [DEBUG] cheese - admin
[2023-10-19T10:09:19.943] [DEBUG] cheese - null
[2023-10-19T10:09:19.943] [DEBUG] cheese - null
[2023-10-19T10:09:20.061] [DEBUG] cheese - login => username:admin,password:123456
[2023-10-19T10:09:20.061] [DEBUG] cheese - admin
[2023-10-19T10:09:20.063] [DEBUG] cheese - null
[2023-10-19T10:09:20.063] [DEBUG] cheese - null
[2023-10-19T10:09:20.176] [DEBUG] cheese - login => username:admin,password:123456
[2023-10-19T10:09:20.176] [DEBUG] cheese - admin
[2023-10-19T10:09:20.177] [DEBUG] cheese - null
[2023-10-19T10:09:20.177] [DEBUG] cheese - null
[2023-10-19T10:09:20.291] [DEBUG] cheese - login => username:admin,password:123456
[2023-10-19T10:09:20.291] [DEBUG] cheese - admin
[2023-10-19T10:09:20.292] [DEBUG] cheese - null
[2023-10-19T10:09:20.292] [DEBUG] cheese - null
[2023-10-19T10:09:20.404] [DEBUG] cheese - login => username:admin,password:123456
[2023-10-19T10:09:20.404] [DEBUG] cheese - admin
[2023-10-19T10:09:20.405] [DEBUG] cheese - null
[2023-10-19T10:09:20.405] [DEBUG] cheese - null
[2023-10-19T10:09:20.518] [DEBUG] cheese - login => username:admin,password:123456
[2023-10-19T10:09:20.518] [DEBUG] cheese - admin
[2023-10-19T10:09:20.519] [DEBUG] cheese - null
[2023-10-19T10:09:20.519] [DEBUG] cheese - null
[2023-10-19T10:09:20.634] [DEBUG] cheese - login => username:admin,password:123456
[2023-10-19T10:09:20.634] [DEBUG] cheese - admin
[2023-10-19T10:09:20.635] [DEBUG] cheese - null
[2023-10-19T10:09:20.635] [DEBUG] cheese - null
[2023-10-19T10:09:20.750] [DEBUG] cheese - login => username:admin,password:123456
[2023-10-19T10:09:20.750] [DEBUG] cheese - admin
[2023-10-19T10:09:20.751] [DEBUG] cheese - null
[2023-10-19T10:09:20.751] [DEBUG] cheese - null
[2023-10-19T10:09:20.899] [DEBUG] cheese - login => username:admin,password:123456
[2023-10-19T10:09:20.899] [DEBUG] cheese - admin
[2023-10-19T10:09:20.900] [DEBUG] cheese - null
[2023-10-19T10:09:20.900] [DEBUG] cheese - null
[2023-10-19T10:09:21.079] [DEBUG] cheese - login => username:admin,password:123456
[2023-10-19T10:09:21.079] [DEBUG] cheese - admin
[2023-10-19T10:09:21.082] [DEBUG] cheese - null
[2023-10-19T10:09:21.083] [DEBUG] cheese - null
[2023-10-19T10:09:21.210] [DEBUG] cheese - login => username:admin,password:123456
[2023-10-19T10:09:21.210] [DEBUG] cheese - admin
[2023-10-19T10:09:21.211] [DEBUG] cheese - null
[2023-10-19T10:09:21.211] [DEBUG] cheese - null
[2023-10-19T10:09:21.326] [DEBUG] cheese - login => username:admin,password:123456
[2023-10-19T10:09:21.326] [DEBUG] cheese - admin
[2023-10-19T10:09:21.327] [DEBUG] cheese - null
[2023-10-19T10:09:21.327] [DEBUG] cheese - null
[2023-10-19T10:09:21.443] [DEBUG] cheese - login => username:admin,password:123456
[2023-10-19T10:09:21.443] [DEBUG] cheese - admin
[2023-10-19T10:09:21.444] [DEBUG] cheese - null
[2023-10-19T10:09:21.444] [DEBUG] cheese - null
[2023-10-19T10:09:21.559] [DEBUG] cheese - login => username:admin,password:123456
[2023-10-19T10:09:21.559] [DEBUG] cheese - admin
[2023-10-19T10:09:21.561] [DEBUG] cheese - null
[2023-10-19T10:09:21.561] [DEBUG] cheese - null
[2023-10-19T10:09:21.674] [DEBUG] cheese - login => username:admin,password:123456
[2023-10-19T10:09:21.674] [DEBUG] cheese - admin
[2023-10-19T10:09:21.675] [DEBUG] cheese - null
[2023-10-19T10:09:21.675] [DEBUG] cheese - null
[2023-10-19T10:09:21.789] [DEBUG] cheese - login => username:admin,password:123456
[2023-10-19T10:09:21.789] [DEBUG] cheese - admin
[2023-10-19T10:09:21.791] [DEBUG] cheese - null
[2023-10-19T10:09:21.791] [DEBUG] cheese - null
[2023-10-19T10:09:22.027] [DEBUG] cheese - login => username:admin,password:123456
[2023-10-19T10:09:22.027] [DEBUG] cheese - admin
[2023-10-19T10:09:22.028] [DEBUG] cheese - null
[2023-10-19T10:09:22.028] [DEBUG] cheese - null
[2023-10-19T10:09:22.152] [DEBUG] cheese - login => username:admin,password:123456
[2023-10-19T10:09:22.152] [DEBUG] cheese - admin
[2023-10-19T10:09:22.153] [DEBUG] cheese - null
[2023-10-19T10:09:22.153] [DEBUG] cheese - null
[2023-10-19T10:09:22.273] [DEBUG] cheese - login => username:admin,password:123456
[2023-10-19T10:09:22.273] [DEBUG] cheese - admin
[2023-10-19T10:09:22.274] [DEBUG] cheese - null
[2023-10-19T10:09:22.274] [DEBUG] cheese - null
[2023-10-19T10:09:22.392] [DEBUG] cheese - login => username:admin,password:123456
[2023-10-19T10:09:22.392] [DEBUG] cheese - admin
[2023-10-19T10:09:22.397] [DEBUG] cheese - null
[2023-10-19T10:09:22.397] [DEBUG] cheese - null
[2023-10-19T10:09:22.518] [DEBUG] cheese - login => username:admin,password:123456
[2023-10-19T10:09:22.518] [DEBUG] cheese - admin
[2023-10-19T10:09:22.518] [DEBUG] cheese - null
[2023-10-19T10:09:22.519] [DEBUG] cheese - null
[2023-10-19T10:09:22.642] [DEBUG] cheese - login => username:admin,password:123456
[2023-10-19T10:09:22.642] [DEBUG] cheese - admin
[2023-10-19T10:09:22.643] [DEBUG] cheese - null
[2023-10-19T10:09:22.644] [DEBUG] cheese - null
[2023-10-19T10:09:22.761] [DEBUG] cheese - login => username:admin,password:123456
[2023-10-19T10:09:22.761] [DEBUG] cheese - admin
[2023-10-19T10:09:22.762] [DEBUG] cheese - null
[2023-10-19T10:09:22.762] [DEBUG] cheese - null
[2023-10-19T10:09:22.879] [DEBUG] cheese - login => username:admin,password:123456
[2023-10-19T10:09:22.879] [DEBUG] cheese - admin
[2023-10-19T10:09:22.880] [DEBUG] cheese - null
[2023-10-19T10:09:22.880] [DEBUG] cheese - null
[2023-10-19T10:09:22.997] [DEBUG] cheese - login => username:admin,password:123456
[2023-10-19T10:09:22.997] [DEBUG] cheese - admin
[2023-10-19T10:09:22.998] [DEBUG] cheese - null
[2023-10-19T10:09:22.998] [DEBUG] cheese - null
[2023-10-19T10:09:23.115] [DEBUG] cheese - login => username:admin,password:123456
[2023-10-19T10:09:23.115] [DEBUG] cheese - admin
[2023-10-19T10:09:23.116] [DEBUG] cheese - null
[2023-10-19T10:09:23.116] [DEBUG] cheese - null
[2023-10-19T10:09:23.233] [DEBUG] cheese - login => username:admin,password:123456
[2023-10-19T10:09:23.233] [DEBUG] cheese - admin
[2023-10-19T10:09:23.234] [DEBUG] cheese - null
[2023-10-19T10:09:23.234] [DEBUG] cheese - null
[2023-10-19T10:09:23.352] [DEBUG] cheese - login => username:admin,password:123456
[2023-10-19T10:09:23.353] [DEBUG] cheese - admin
[2023-10-19T10:09:23.353] [DEBUG] cheese - null
[2023-10-19T10:09:23.353] [DEBUG] cheese - null
[2023-10-19T10:09:23.475] [DEBUG] cheese - login => username:admin,password:123456
[2023-10-19T10:09:23.475] [DEBUG] cheese - admin
[2023-10-19T10:09:23.476] [DEBUG] cheese - null
[2023-10-19T10:09:23.476] [DEBUG] cheese - null
[2023-10-19T10:09:23.594] [DEBUG] cheese - login => username:admin,password:123456
[2023-10-19T10:09:23.594] [DEBUG] cheese - admin
[2023-10-19T10:09:23.596] [DEBUG] cheese - null
[2023-10-19T10:09:23.596] [DEBUG] cheese - null
[2023-10-19T10:09:23.716] [DEBUG] cheese - login => username:admin,password:123456
[2023-10-19T10:09:23.716] [DEBUG] cheese - admin
[2023-10-19T10:09:23.717] [DEBUG] cheese - null
[2023-10-19T10:09:23.717] [DEBUG] cheese - null
[2023-10-19T10:09:23.835] [DEBUG] cheese - login => username:admin,password:123456
[2023-10-19T10:09:23.835] [DEBUG] cheese - admin
[2023-10-19T10:09:23.836] [DEBUG] cheese - null
[2023-10-19T10:09:23.836] [DEBUG] cheese - null
[2023-10-19T10:09:23.954] [DEBUG] cheese - login => username:admin,password:123456
[2023-10-19T10:09:23.954] [DEBUG] cheese - admin
[2023-10-19T10:09:23.955] [DEBUG] cheese - null
[2023-10-19T10:09:23.956] [DEBUG] cheese - null
[2023-10-19T10:09:24.072] [DEBUG] cheese - login => username:admin,password:123456
[2023-10-19T10:09:24.072] [DEBUG] cheese - admin
[2023-10-19T10:09:24.073] [DEBUG] cheese - null
[2023-10-19T10:09:24.073] [DEBUG] cheese - null
[2023-10-19T10:09:24.192] [DEBUG] cheese - login => username:admin,password:123456
[2023-10-19T10:09:24.192] [DEBUG] cheese - admin
[2023-10-19T10:09:24.193] [DEBUG] cheese - null
[2023-10-19T10:09:24.193] [DEBUG] cheese - null
[2023-10-19T10:09:24.315] [DEBUG] cheese - login => username:admin,password:123456
[2023-10-19T10:09:24.315] [DEBUG] cheese - admin
[2023-10-19T10:09:24.316] [DEBUG] cheese - null
[2023-10-19T10:09:24.316] [DEBUG] cheese - null
[2023-10-19T10:09:24.435] [DEBUG] cheese - login => username:admin,password:123456
[2023-10-19T10:09:24.435] [DEBUG] cheese - admin
[2023-10-19T10:09:24.436] [DEBUG] cheese - null
[2023-10-19T10:09:24.436] [DEBUG] cheese - null
[2023-10-19T10:09:24.561] [DEBUG] cheese - login => username:admin,password:123456
[2023-10-19T10:09:24.561] [DEBUG] cheese - admin
[2023-10-19T10:09:24.562] [DEBUG] cheese - null
[2023-10-19T10:09:24.562] [DEBUG] cheese - null
[2023-10-19T10:09:24.708] [DEBUG] cheese - login => username:admin,password:123456
[2023-10-19T10:09:24.708] [DEBUG] cheese - admin
[2023-10-19T10:09:24.709] [DEBUG] cheese - null
[2023-10-19T10:09:24.709] [DEBUG] cheese - null
[2023-10-19T10:09:24.833] [DEBUG] cheese - login => username:admin,password:123456
[2023-10-19T10:09:24.833] [DEBUG] cheese - admin
[2023-10-19T10:09:24.834] [DEBUG] cheese - null
[2023-10-19T10:09:24.834] [DEBUG] cheese - null
[2023-10-19T10:09:24.950] [DEBUG] cheese - login => username:admin,password:123456
[2023-10-19T10:09:24.950] [DEBUG] cheese - admin
[2023-10-19T10:09:24.951] [DEBUG] cheese - null
[2023-10-19T10:09:24.951] [DEBUG] cheese - null
[2023-10-19T10:09:25.067] [DEBUG] cheese - login => username:admin,password:123456
[2023-10-19T10:09:25.068] [DEBUG] cheese - admin
[2023-10-19T10:09:25.069] [DEBUG] cheese - null
[2023-10-19T10:09:25.069] [DEBUG] cheese - null
[2023-10-19T10:09:25.187] [DEBUG] cheese - login => username:admin,password:123456
[2023-10-19T10:09:25.187] [DEBUG] cheese - admin
[2023-10-19T10:09:25.190] [DEBUG] cheese - null
[2023-10-19T10:09:25.190] [DEBUG] cheese - null
[2023-10-19T10:09:25.351] [DEBUG] cheese - login => username:admin,password:123456
[2023-10-19T10:09:25.351] [DEBUG] cheese - admin
[2023-10-19T10:09:25.352] [DEBUG] cheese - null
[2023-10-19T10:09:25.352] [DEBUG] cheese - null
[2023-10-19T10:09:25.473] [DEBUG] cheese - login => username:admin,password:123456
[2023-10-19T10:09:25.473] [DEBUG] cheese - admin
[2023-10-19T10:09:25.474] [DEBUG] cheese - null
[2023-10-19T10:09:25.474] [DEBUG] cheese - null
[2023-10-19T10:09:25.598] [DEBUG] cheese - login => username:admin,password:123456
[2023-10-19T10:09:25.598] [DEBUG] cheese - admin
[2023-10-19T10:09:25.600] [DEBUG] cheese - null
[2023-10-19T10:09:25.600] [DEBUG] cheese - null
[2023-10-19T10:09:25.719] [DEBUG] cheese - login => username:admin,password:123456
[2023-10-19T10:09:25.719] [DEBUG] cheese - admin
[2023-10-19T10:09:25.719] [DEBUG] cheese - null
[2023-10-19T10:09:25.719] [DEBUG] cheese - null
[2023-10-19T10:09:25.838] [DEBUG] cheese - login => username:admin,password:123456
[2023-10-19T10:09:25.838] [DEBUG] cheese - admin
[2023-10-19T10:09:25.839] [DEBUG] cheese - null
[2023-10-19T10:09:25.839] [DEBUG] cheese - null
[2023-10-19T10:09:25.956] [DEBUG] cheese - login => username:admin,password:123456
[2023-10-19T10:09:25.956] [DEBUG] cheese - admin
[2023-10-19T10:09:25.958] [DEBUG] cheese - null
[2023-10-19T10:09:25.958] [DEBUG] cheese - null
[2023-10-19T10:09:26.079] [DEBUG] cheese - login => username:admin,password:123456
[2023-10-19T10:09:26.079] [DEBUG] cheese - admin
[2023-10-19T10:09:26.080] [DEBUG] cheese - null
[2023-10-19T10:09:26.080] [DEBUG] cheese - null
[2023-10-19T10:09:26.198] [DEBUG] cheese - login => username:admin,password:123456
[2023-10-19T10:09:26.198] [DEBUG] cheese - admin
[2023-10-19T10:09:26.199] [DEBUG] cheese - null
[2023-10-19T10:09:26.199] [DEBUG] cheese - null
[2023-10-19T10:09:26.316] [DEBUG] cheese - login => username:admin,password:123456
[2023-10-19T10:09:26.316] [DEBUG] cheese - admin
[2023-10-19T10:09:26.317] [DEBUG] cheese - null
[2023-10-19T10:09:26.317] [DEBUG] cheese - null
[2023-10-19T10:09:26.433] [DEBUG] cheese - login => username:admin,password:123456
[2023-10-19T10:09:26.433] [DEBUG] cheese - admin
[2023-10-19T10:09:26.434] [DEBUG] cheese - null
[2023-10-19T10:09:26.434] [DEBUG] cheese - null
[2023-10-19T10:09:26.551] [DEBUG] cheese - login => username:admin,password:123456
[2023-10-19T10:09:26.551] [DEBUG] cheese - admin
[2023-10-19T10:09:26.552] [DEBUG] cheese - null
[2023-10-19T10:09:26.552] [DEBUG] cheese - null
[2023-10-19T10:09:26.670] [DEBUG] cheese - login => username:admin,password:123456
[2023-10-19T10:09:26.670] [DEBUG] cheese - admin
[2023-10-19T10:09:26.672] [DEBUG] cheese - null
[2023-10-19T10:09:26.672] [DEBUG] cheese - null
[2023-10-19T10:09:26.794] [DEBUG] cheese - login => username:admin,password:123456
[2023-10-19T10:09:26.794] [DEBUG] cheese - admin
[2023-10-19T10:09:26.795] [DEBUG] cheese - null
[2023-10-19T10:09:26.795] [DEBUG] cheese - null
[2023-10-19T10:09:26.912] [DEBUG] cheese - login => username:admin,password:123456
[2023-10-19T10:09:26.912] [DEBUG] cheese - admin
[2023-10-19T10:09:26.914] [DEBUG] cheese - null
[2023-10-19T10:09:26.914] [DEBUG] cheese - null
[2023-10-19T10:09:27.032] [DEBUG] cheese - login => username:admin,password:123456
[2023-10-19T10:09:27.032] [DEBUG] cheese - admin
[2023-10-19T10:09:27.032] [DEBUG] cheese - null
[2023-10-19T10:09:27.032] [DEBUG] cheese - null
[2023-10-19T10:09:27.148] [DEBUG] cheese - login => username:admin,password:123456
[2023-10-19T10:09:27.148] [DEBUG] cheese - admin
[2023-10-19T10:09:27.149] [DEBUG] cheese - null
[2023-10-19T10:09:27.149] [DEBUG] cheese - null
[2023-10-19T10:09:27.268] [DEBUG] cheese - login => username:admin,password:123456
[2023-10-19T10:09:27.268] [DEBUG] cheese - admin
[2023-10-19T10:09:27.269] [DEBUG] cheese - null
[2023-10-19T10:09:27.269] [DEBUG] cheese - null
[2023-10-19T10:09:27.406] [DEBUG] cheese - login => username:admin,password:123456
[2023-10-19T10:09:27.406] [DEBUG] cheese - admin
[2023-10-19T10:09:27.407] [DEBUG] cheese - null
[2023-10-19T10:09:27.407] [DEBUG] cheese - null
[2023-10-19T10:09:27.519] [DEBUG] cheese - login => username:admin,password:123456
[2023-10-19T10:09:27.520] [DEBUG] cheese - admin
[2023-10-19T10:09:27.520] [DEBUG] cheese - null
[2023-10-19T10:09:27.520] [DEBUG] cheese - null
[2023-10-19T10:09:27.633] [DEBUG] cheese - login => username:admin,password:123456
[2023-10-19T10:09:27.634] [DEBUG] cheese - admin
[2023-10-19T10:09:27.634] [DEBUG] cheese - null
[2023-10-19T10:09:27.634] [DEBUG] cheese - null
[2023-10-19T10:09:27.790] [DEBUG] cheese - login => username:admin,password:123456
[2023-10-19T10:09:27.791] [DEBUG] cheese - admin
[2023-10-19T10:09:27.795] [DEBUG] cheese - null
[2023-10-19T10:09:27.795] [DEBUG] cheese - null
[2023-10-19T10:09:27.953] [DEBUG] cheese - login => username:admin,password:123456
[2023-10-19T10:09:27.953] [DEBUG] cheese - admin
[2023-10-19T10:09:27.954] [DEBUG] cheese - null
[2023-10-19T10:09:27.954] [DEBUG] cheese - null
[2023-10-19T10:09:28.091] [DEBUG] cheese - login => username:admin,password:123456
[2023-10-19T10:09:28.092] [DEBUG] cheese - admin
[2023-10-19T10:09:28.092] [DEBUG] cheese - null
[2023-10-19T10:09:28.093] [DEBUG] cheese - null
[2023-10-19T10:09:28.210] [DEBUG] cheese - login => username:admin,password:123456
[2023-10-19T10:09:28.210] [DEBUG] cheese - admin
[2023-10-19T10:09:28.211] [DEBUG] cheese - null
[2023-10-19T10:09:28.211] [DEBUG] cheese - null
[2023-10-19T10:09:28.338] [DEBUG] cheese - login => username:admin,password:123456
[2023-10-19T10:09:28.338] [DEBUG] cheese - admin
[2023-10-19T10:09:28.339] [DEBUG] cheese - null
[2023-10-19T10:09:28.339] [DEBUG] cheese - null
[2023-10-19T10:09:28.456] [DEBUG] cheese - login => username:admin,password:123456
[2023-10-19T10:09:28.456] [DEBUG] cheese - admin
[2023-10-19T10:09:28.458] [DEBUG] cheese - null
[2023-10-19T10:09:28.458] [DEBUG] cheese - null
[2023-10-19T10:09:28.580] [DEBUG] cheese - login => username:admin,password:123456
[2023-10-19T10:09:28.580] [DEBUG] cheese - admin
[2023-10-19T10:09:28.582] [DEBUG] cheese - null
[2023-10-19T10:09:28.582] [DEBUG] cheese - null
[2023-10-19T10:09:28.703] [DEBUG] cheese - login => username:admin,password:123456
[2023-10-19T10:09:28.703] [DEBUG] cheese - admin
[2023-10-19T10:09:28.704] [DEBUG] cheese - null
[2023-10-19T10:09:28.704] [DEBUG] cheese - null
[2023-10-19T10:09:28.824] [DEBUG] cheese - login => username:admin,password:123456
[2023-10-19T10:09:28.824] [DEBUG] cheese - admin
[2023-10-19T10:09:28.826] [DEBUG] cheese - null
[2023-10-19T10:09:28.826] [DEBUG] cheese - null
[2023-10-19T10:09:28.953] [DEBUG] cheese - login => username:admin,password:123456
[2023-10-19T10:09:28.953] [DEBUG] cheese - admin
[2023-10-19T10:09:28.954] [DEBUG] cheese - null
[2023-10-19T10:09:28.954] [DEBUG] cheese - null
[2023-10-19T10:09:29.071] [DEBUG] cheese - login => username:admin,password:123456
[2023-10-19T10:09:29.071] [DEBUG] cheese - admin
[2023-10-19T10:09:29.074] [DEBUG] cheese - null
[2023-10-19T10:09:29.074] [DEBUG] cheese - null
[2023-10-19T10:09:29.196] [DEBUG] cheese - login => username:admin,password:123456
[2023-10-19T10:09:29.196] [DEBUG] cheese - admin
[2023-10-19T10:09:29.197] [DEBUG] cheese - null
[2023-10-19T10:09:29.197] [DEBUG] cheese - null
[2023-10-19T10:09:29.313] [DEBUG] cheese - login => username:admin,password:123456
[2023-10-19T10:09:29.313] [DEBUG] cheese - admin
[2023-10-19T10:09:29.314] [DEBUG] cheese - null
[2023-10-19T10:09:29.314] [DEBUG] cheese - null
[2023-10-19T10:09:29.430] [DEBUG] cheese - login => username:admin,password:123456
[2023-10-19T10:09:29.430] [DEBUG] cheese - admin
[2023-10-19T10:09:29.431] [DEBUG] cheese - null
[2023-10-19T10:09:29.431] [DEBUG] cheese - null
[2023-10-19T10:09:29.549] [DEBUG] cheese - login => username:admin,password:123456
[2023-10-19T10:09:29.549] [DEBUG] cheese - admin
[2023-10-19T10:09:29.550] [DEBUG] cheese - null
[2023-10-19T10:09:29.550] [DEBUG] cheese - null
[2023-10-19T10:09:29.666] [DEBUG] cheese - login => username:admin,password:123456
[2023-10-19T10:09:29.666] [DEBUG] cheese - admin
[2023-10-19T10:09:29.667] [DEBUG] cheese - null
[2023-10-19T10:09:29.667] [DEBUG] cheese - null
[2023-10-19T10:09:29.784] [DEBUG] cheese - login => username:admin,password:123456
[2023-10-19T10:09:29.784] [DEBUG] cheese - admin
[2023-10-19T10:09:29.785] [DEBUG] cheese - null
[2023-10-19T10:09:29.785] [DEBUG] cheese - null
[2023-10-19T10:09:29.900] [DEBUG] cheese - login => username:admin,password:123456
[2023-10-19T10:09:29.901] [DEBUG] cheese - admin
[2023-10-19T10:09:29.901] [DEBUG] cheese - null
[2023-10-19T10:09:29.901] [DEBUG] cheese - null
[2023-10-19T10:09:30.058] [DEBUG] cheese - login => username:admin,password:123456
[2023-10-19T10:09:30.058] [DEBUG] cheese - admin
[2023-10-19T10:09:30.059] [DEBUG] cheese - null
[2023-10-19T10:09:30.059] [DEBUG] cheese - null
[2023-10-19T10:09:30.178] [DEBUG] cheese - login => username:admin,password:123456
[2023-10-19T10:09:30.178] [DEBUG] cheese - admin
[2023-10-19T10:09:30.180] [DEBUG] cheese - null
[2023-10-19T10:09:30.180] [DEBUG] cheese - null
[2023-10-19T10:09:30.299] [DEBUG] cheese - login => username:admin,password:123456
[2023-10-19T10:09:30.299] [DEBUG] cheese - admin
[2023-10-19T10:09:30.300] [DEBUG] cheese - null
[2023-10-19T10:09:30.300] [DEBUG] cheese - null
[2023-10-19T10:09:30.417] [DEBUG] cheese - login => username:admin,password:123456
[2023-10-19T10:09:30.417] [DEBUG] cheese - admin
[2023-10-19T10:09:30.418] [DEBUG] cheese - null
[2023-10-19T10:09:30.418] [DEBUG] cheese - null
[2023-10-19T10:09:30.534] [DEBUG] cheese - login => username:admin,password:123456
[2023-10-19T10:09:30.534] [DEBUG] cheese - admin
[2023-10-19T10:09:30.535] [DEBUG] cheese - null
[2023-10-19T10:09:30.535] [DEBUG] cheese - null
[2023-10-19T10:09:30.651] [DEBUG] cheese - login => username:admin,password:123456
[2023-10-19T10:09:30.651] [DEBUG] cheese - admin
[2023-10-19T10:09:30.652] [DEBUG] cheese - null
[2023-10-19T10:09:30.652] [DEBUG] cheese - null
[2023-10-19T10:09:30.774] [DEBUG] cheese - login => username:admin,password:123456
[2023-10-19T10:09:30.774] [DEBUG] cheese - admin
[2023-10-19T10:09:30.776] [DEBUG] cheese - null
[2023-10-19T10:09:30.776] [DEBUG] cheese - null
[2023-10-19T10:09:30.890] [DEBUG] cheese - login => username:admin,password:123456
[2023-10-19T10:09:30.890] [DEBUG] cheese - admin
[2023-10-19T10:09:30.891] [DEBUG] cheese - null
[2023-10-19T10:09:30.891] [DEBUG] cheese - null
[2023-10-19T10:09:31.003] [DEBUG] cheese - login => username:admin,password:123456
[2023-10-19T10:09:31.003] [DEBUG] cheese - admin
[2023-10-19T10:09:31.004] [DEBUG] cheese - null
[2023-10-19T10:09:31.004] [DEBUG] cheese - null
[2023-10-19T10:09:31.120] [DEBUG] cheese - login => username:admin,password:123456
[2023-10-19T10:09:31.120] [DEBUG] cheese - admin
[2023-10-19T10:09:31.121] [DEBUG] cheese - null
[2023-10-19T10:09:31.121] [DEBUG] cheese - null
[2023-10-19T10:09:31.238] [DEBUG] cheese - login => username:admin,password:123456
[2023-10-19T10:09:31.238] [DEBUG] cheese - admin
[2023-10-19T10:09:31.239] [DEBUG] cheese - null
[2023-10-19T10:09:31.239] [DEBUG] cheese - null
[2023-10-19T10:09:31.356] [DEBUG] cheese - login => username:admin,password:123456
[2023-10-19T10:09:31.356] [DEBUG] cheese - admin
[2023-10-19T10:09:31.357] [DEBUG] cheese - null
[2023-10-19T10:09:31.358] [DEBUG] cheese - null
[2023-10-19T10:09:31.475] [DEBUG] cheese - login => username:admin,password:123456
[2023-10-19T10:09:31.475] [DEBUG] cheese - admin
[2023-10-19T10:09:31.477] [DEBUG] cheese - null
[2023-10-19T10:09:31.477] [DEBUG] cheese - null
[2023-10-19T10:09:31.589] [DEBUG] cheese - login => username:admin,password:123456
[2023-10-19T10:09:31.589] [DEBUG] cheese - admin
[2023-10-19T10:09:31.590] [DEBUG] cheese - null
[2023-10-19T10:09:31.590] [DEBUG] cheese - null
[2023-10-19T10:09:31.711] [DEBUG] cheese - login => username:admin,password:123456
[2023-10-19T10:09:31.711] [DEBUG] cheese - admin
[2023-10-19T10:09:31.713] [DEBUG] cheese - null
[2023-10-19T10:09:31.713] [DEBUG] cheese - null
[2023-10-19T10:09:31.841] [DEBUG] cheese - login => username:admin,password:123456
[2023-10-19T10:09:31.841] [DEBUG] cheese - admin
[2023-10-19T10:09:31.842] [DEBUG] cheese - null
[2023-10-19T10:09:31.842] [DEBUG] cheese - null
[2023-10-19T10:09:31.963] [DEBUG] cheese - login => username:admin,password:123456
[2023-10-19T10:09:31.964] [DEBUG] cheese - admin
[2023-10-19T10:09:31.965] [DEBUG] cheese - null
[2023-10-19T10:09:31.965] [DEBUG] cheese - null
[2023-10-19T10:09:32.081] [DEBUG] cheese - login => username:admin,password:123456
[2023-10-19T10:09:32.081] [DEBUG] cheese - admin
[2023-10-19T10:09:32.082] [DEBUG] cheese - null
[2023-10-19T10:09:32.082] [DEBUG] cheese - null
[2023-10-19T10:09:32.201] [DEBUG] cheese - login => username:admin,password:123456
[2023-10-19T10:09:32.201] [DEBUG] cheese - admin
[2023-10-19T10:09:32.201] [DEBUG] cheese - null
[2023-10-19T10:09:32.201] [DEBUG] cheese - null
[2023-10-19T10:09:32.318] [DEBUG] cheese - login => username:admin,password:123456
[2023-10-19T10:09:32.318] [DEBUG] cheese - admin
[2023-10-19T10:09:32.319] [DEBUG] cheese - null
[2023-10-19T10:09:32.319] [DEBUG] cheese - null
[2023-10-19T10:09:32.438] [DEBUG] cheese - login => username:admin,password:123456
[2023-10-19T10:09:32.439] [DEBUG] cheese - admin
[2023-10-19T10:09:32.442] [DEBUG] cheese - null
[2023-10-19T10:09:32.442] [DEBUG] cheese - null
[2023-10-19T10:09:32.560] [DEBUG] cheese - login => username:admin,password:123456
[2023-10-19T10:09:32.561] [DEBUG] cheese - admin
[2023-10-19T10:09:32.562] [DEBUG] cheese - null
[2023-10-19T10:09:32.562] [DEBUG] cheese - null
[2023-10-19T10:09:32.700] [DEBUG] cheese - login => username:admin,password:123456
[2023-10-19T10:09:32.700] [DEBUG] cheese - admin
[2023-10-19T10:09:32.701] [DEBUG] cheese - null
[2023-10-19T10:09:32.701] [DEBUG] cheese - null
[2023-10-19T10:09:32.817] [DEBUG] cheese - login => username:admin,password:123456
[2023-10-19T10:09:32.817] [DEBUG] cheese - admin
[2023-10-19T10:09:32.818] [DEBUG] cheese - null
[2023-10-19T10:09:32.818] [DEBUG] cheese - null
[2023-10-19T10:09:32.937] [DEBUG] cheese - login => username:admin,password:123456
[2023-10-19T10:09:32.937] [DEBUG] cheese - admin
[2023-10-19T10:09:32.939] [DEBUG] cheese - null
[2023-10-19T10:09:32.939] [DEBUG] cheese - null
[2023-10-19T10:09:33.057] [DEBUG] cheese - login => username:admin,password:123456
[2023-10-19T10:09:33.057] [DEBUG] cheese - admin
[2023-10-19T10:09:33.058] [DEBUG] cheese - null
[2023-10-19T10:09:33.058] [DEBUG] cheese - null
[2023-10-19T10:09:33.184] [DEBUG] cheese - login => username:admin,password:123456
[2023-10-19T10:09:33.184] [DEBUG] cheese - admin
[2023-10-19T10:09:33.184] [DEBUG] cheese - null
[2023-10-19T10:09:33.184] [DEBUG] cheese - null
[2023-10-19T10:09:33.301] [DEBUG] cheese - login => username:admin,password:123456
[2023-10-19T10:09:33.301] [DEBUG] cheese - admin
[2023-10-19T10:09:33.302] [DEBUG] cheese - null
[2023-10-19T10:09:33.302] [DEBUG] cheese - null
[2023-10-19T10:09:33.420] [DEBUG] cheese - login => username:admin,password:123456
[2023-10-19T10:09:33.420] [DEBUG] cheese - admin
[2023-10-19T10:09:33.422] [DEBUG] cheese - null
[2023-10-19T10:09:33.422] [DEBUG] cheese - null
[2023-10-19T10:09:33.546] [DEBUG] cheese - login => username:admin,password:123456
[2023-10-19T10:09:33.546] [DEBUG] cheese - admin
[2023-10-19T10:09:33.547] [DEBUG] cheese - null
[2023-10-19T10:09:33.547] [DEBUG] cheese - null
[2023-10-19T10:09:33.664] [DEBUG] cheese - login => username:admin,password:123456
[2023-10-19T10:09:33.664] [DEBUG] cheese - admin
[2023-10-19T10:09:33.665] [DEBUG] cheese - null
[2023-10-19T10:09:33.665] [DEBUG] cheese - null
[2023-10-19T10:09:33.782] [DEBUG] cheese - login => username:admin,password:123456
[2023-10-19T10:09:33.783] [DEBUG] cheese - admin
[2023-10-19T10:09:33.783] [DEBUG] cheese - null
[2023-10-19T10:09:33.783] [DEBUG] cheese - null
[2023-10-19T10:09:33.902] [DEBUG] cheese - login => username:admin,password:123456
[2023-10-19T10:09:33.902] [DEBUG] cheese - admin
[2023-10-19T10:09:33.903] [DEBUG] cheese - null
[2023-10-19T10:09:33.903] [DEBUG] cheese - null
[2023-10-19T10:09:34.024] [DEBUG] cheese - login => username:admin,password:123456
[2023-10-19T10:09:34.024] [DEBUG] cheese - admin
[2023-10-19T10:09:34.025] [DEBUG] cheese - null
[2023-10-19T10:09:34.026] [DEBUG] cheese - null
[2023-10-19T10:09:34.144] [DEBUG] cheese - login => username:admin,password:123456
[2023-10-19T10:09:34.144] [DEBUG] cheese - admin
[2023-10-19T10:09:34.145] [DEBUG] cheese - null
[2023-10-19T10:09:34.145] [DEBUG] cheese - null
[2023-10-19T10:09:34.263] [DEBUG] cheese - login => username:admin,password:123456
[2023-10-19T10:09:34.263] [DEBUG] cheese - admin
[2023-10-19T10:09:34.265] [DEBUG] cheese - null
[2023-10-19T10:09:34.265] [DEBUG] cheese - null
[2023-10-19T10:09:34.382] [DEBUG] cheese - login => username:admin,password:123456
[2023-10-19T10:09:34.382] [DEBUG] cheese - admin
[2023-10-19T10:09:34.383] [DEBUG] cheese - null
[2023-10-19T10:09:34.383] [DEBUG] cheese - null
[2023-10-19T10:09:34.503] [DEBUG] cheese - login => username:admin,password:123456
[2023-10-19T10:09:34.504] [DEBUG] cheese - admin
[2023-10-19T10:09:34.505] [DEBUG] cheese - null
[2023-10-19T10:09:34.505] [DEBUG] cheese - null
[2023-10-19T10:09:34.620] [DEBUG] cheese - login => username:admin,password:123456
[2023-10-19T10:09:34.620] [DEBUG] cheese - admin
[2023-10-19T10:09:34.621] [DEBUG] cheese - null
[2023-10-19T10:09:34.621] [DEBUG] cheese - null
[2023-10-19T10:09:34.777] [DEBUG] cheese - login => username:admin,password:123456
[2023-10-19T10:09:34.777] [DEBUG] cheese - admin
[2023-10-19T10:09:34.779] [DEBUG] cheese - null
[2023-10-19T10:09:34.779] [DEBUG] cheese - null
[2023-10-19T10:09:34.951] [DEBUG] cheese - login => username:admin,password:123456
[2023-10-19T10:09:34.951] [DEBUG] cheese - admin
[2023-10-19T10:09:34.952] [DEBUG] cheese - null
[2023-10-19T10:09:34.952] [DEBUG] cheese - null
[2023-10-19T10:09:35.077] [DEBUG] cheese - login => username:admin,password:123456
[2023-10-19T10:09:35.077] [DEBUG] cheese - admin
[2023-10-19T10:09:35.078] [DEBUG] cheese - null
[2023-10-19T10:09:35.078] [DEBUG] cheese - null
[2023-10-19T10:09:35.195] [DEBUG] cheese - login => username:admin,password:123456
[2023-10-19T10:09:35.195] [DEBUG] cheese - admin
[2023-10-19T10:09:35.196] [DEBUG] cheese - null
[2023-10-19T10:09:35.196] [DEBUG] cheese - null
[2023-10-19T10:09:35.355] [DEBUG] cheese - login => username:admin,password:123456
[2023-10-19T10:09:35.355] [DEBUG] cheese - admin
[2023-10-19T10:09:35.356] [DEBUG] cheese - null
[2023-10-19T10:09:35.356] [DEBUG] cheese - null
[2023-10-19T10:09:35.472] [DEBUG] cheese - login => username:admin,password:123456
[2023-10-19T10:09:35.472] [DEBUG] cheese - admin
[2023-10-19T10:09:35.473] [DEBUG] cheese - null
[2023-10-19T10:09:35.473] [DEBUG] cheese - null
[2023-10-19T10:09:35.596] [DEBUG] cheese - login => username:admin,password:123456
[2023-10-19T10:09:35.596] [DEBUG] cheese - admin
[2023-10-19T10:09:35.597] [DEBUG] cheese - null
[2023-10-19T10:09:35.597] [DEBUG] cheese - null
[2023-10-19T10:09:35.714] [DEBUG] cheese - login => username:admin,password:123456
[2023-10-19T10:09:35.714] [DEBUG] cheese - admin
[2023-10-19T10:09:35.715] [DEBUG] cheese - null
[2023-10-19T10:09:35.715] [DEBUG] cheese - null
[2023-10-19T10:09:35.832] [DEBUG] cheese - login => username:admin,password:123456
[2023-10-19T10:09:35.832] [DEBUG] cheese - admin
[2023-10-19T10:09:35.835] [DEBUG] cheese - null
[2023-10-19T10:09:35.835] [DEBUG] cheese - null
[2023-10-19T10:09:35.951] [DEBUG] cheese - login => username:admin,password:123456
[2023-10-19T10:09:35.951] [DEBUG] cheese - admin
[2023-10-19T10:09:35.952] [DEBUG] cheese - null
[2023-10-19T10:09:35.952] [DEBUG] cheese - null
[2023-10-19T10:09:36.069] [DEBUG] cheese - login => username:admin,password:123456
[2023-10-19T10:09:36.069] [DEBUG] cheese - admin
[2023-10-19T10:09:36.070] [DEBUG] cheese - null
[2023-10-19T10:09:36.070] [DEBUG] cheese - null
[2023-10-19T10:09:36.184] [DEBUG] cheese - login => username:admin,password:123456
[2023-10-19T10:09:36.184] [DEBUG] cheese - admin
[2023-10-19T10:09:36.185] [DEBUG] cheese - null
[2023-10-19T10:09:36.185] [DEBUG] cheese - null
[2023-10-19T10:09:36.301] [DEBUG] cheese - login => username:admin,password:123456
[2023-10-19T10:09:36.301] [DEBUG] cheese - admin
[2023-10-19T10:09:36.302] [DEBUG] cheese - null
[2023-10-19T10:09:36.302] [DEBUG] cheese - null
[2023-10-19T10:09:36.415] [DEBUG] cheese - login => username:admin,password:123456
[2023-10-19T10:09:36.415] [DEBUG] cheese - admin
[2023-10-19T10:09:36.415] [DEBUG] cheese - null
[2023-10-19T10:09:36.415] [DEBUG] cheese - null
[2023-10-19T10:09:36.528] [DEBUG] cheese - login => username:admin,password:123456
[2023-10-19T10:09:36.528] [DEBUG] cheese - admin
[2023-10-19T10:09:36.529] [DEBUG] cheese - null
[2023-10-19T10:09:36.529] [DEBUG] cheese - null
[2023-10-19T10:09:36.643] [DEBUG] cheese - login => username:admin,password:123456
[2023-10-19T10:09:36.643] [DEBUG] cheese - admin
[2023-10-19T10:09:36.646] [DEBUG] cheese - null
[2023-10-19T10:09:36.647] [DEBUG] cheese - null
[2023-10-19T10:09:36.765] [DEBUG] cheese - login => username:admin,password:123456
[2023-10-19T10:09:36.765] [DEBUG] cheese - admin
[2023-10-19T10:09:36.766] [DEBUG] cheese - null
[2023-10-19T10:09:36.766] [DEBUG] cheese - null
[2023-10-19T10:09:36.886] [DEBUG] cheese - login => username:admin,password:123456
[2023-10-19T10:09:36.886] [DEBUG] cheese - admin
[2023-10-19T10:09:36.887] [DEBUG] cheese - null
[2023-10-19T10:09:36.887] [DEBUG] cheese - null
[2023-10-19T10:09:37.002] [DEBUG] cheese - login => username:admin,password:123456
[2023-10-19T10:09:37.002] [DEBUG] cheese - admin
[2023-10-19T10:09:37.003] [DEBUG] cheese - null
[2023-10-19T10:09:37.003] [DEBUG] cheese - null
[2023-10-19T10:09:37.121] [DEBUG] cheese - login => username:admin,password:123456
[2023-10-19T10:09:37.121] [DEBUG] cheese - admin
[2023-10-19T10:09:37.122] [DEBUG] cheese - null
[2023-10-19T10:09:37.122] [DEBUG] cheese - null
[2023-10-19T10:09:37.240] [DEBUG] cheese - login => username:admin,password:123456
[2023-10-19T10:09:37.240] [DEBUG] cheese - admin
[2023-10-19T10:09:37.241] [DEBUG] cheese - null
[2023-10-19T10:09:37.241] [DEBUG] cheese - null
[2023-10-19T10:09:37.367] [DEBUG] cheese - login => username:admin,password:123456
[2023-10-19T10:09:37.367] [DEBUG] cheese - admin
[2023-10-19T10:09:37.368] [DEBUG] cheese - null
[2023-10-19T10:09:37.368] [DEBUG] cheese - null
[2023-10-19T10:09:37.484] [DEBUG] cheese - login => username:admin,password:123456
[2023-10-19T10:09:37.484] [DEBUG] cheese - admin
[2023-10-19T10:09:37.485] [DEBUG] cheese - null
[2023-10-19T10:09:37.485] [DEBUG] cheese - null
[2023-10-19T10:09:37.601] [DEBUG] cheese - login => username:admin,password:123456
[2023-10-19T10:09:37.601] [DEBUG] cheese - admin
[2023-10-19T10:09:37.602] [DEBUG] cheese - null
[2023-10-19T10:09:37.602] [DEBUG] cheese - null
[2023-10-19T10:09:37.723] [DEBUG] cheese - login => username:admin,password:123456
[2023-10-19T10:09:37.723] [DEBUG] cheese - admin
[2023-10-19T10:09:37.725] [DEBUG] cheese - null
[2023-10-19T10:09:37.725] [DEBUG] cheese - null
[2023-10-19T10:09:37.866] [DEBUG] cheese - login => username:admin,password:123456
[2023-10-19T10:09:37.866] [DEBUG] cheese - admin
[2023-10-19T10:09:37.867] [DEBUG] cheese - null
[2023-10-19T10:09:37.867] [DEBUG] cheese - null
[2023-10-19T10:09:37.988] [DEBUG] cheese - login => username:admin,password:123456
[2023-10-19T10:09:37.988] [DEBUG] cheese - admin
[2023-10-19T10:09:37.990] [DEBUG] cheese - null
[2023-10-19T10:09:37.990] [DEBUG] cheese - null
[2023-10-19T10:09:38.108] [DEBUG] cheese - login => username:admin,password:123456
[2023-10-19T10:09:38.108] [DEBUG] cheese - admin
[2023-10-19T10:09:38.109] [DEBUG] cheese - null
[2023-10-19T10:09:38.109] [DEBUG] cheese - null
[2023-10-19T10:09:38.222] [DEBUG] cheese - login => username:admin,password:123456
[2023-10-19T10:09:38.222] [DEBUG] cheese - admin
[2023-10-19T10:09:38.223] [DEBUG] cheese - null
[2023-10-19T10:09:38.223] [DEBUG] cheese - null
[2023-10-19T10:09:38.338] [DEBUG] cheese - login => username:admin,password:123456
[2023-10-19T10:09:38.338] [DEBUG] cheese - admin
[2023-10-19T10:09:38.339] [DEBUG] cheese - null
[2023-10-19T10:09:38.339] [DEBUG] cheese - null
[2023-10-19T10:09:38.454] [DEBUG] cheese - login => username:admin,password:123456
[2023-10-19T10:09:38.454] [DEBUG] cheese - admin
[2023-10-19T10:09:38.455] [DEBUG] cheese - null
[2023-10-19T10:09:38.455] [DEBUG] cheese - null
[2023-10-19T10:09:38.571] [DEBUG] cheese - login => username:admin,password:123456
[2023-10-19T10:09:38.571] [DEBUG] cheese - admin
[2023-10-19T10:09:38.572] [DEBUG] cheese - null
[2023-10-19T10:09:38.572] [DEBUG] cheese - null
[2023-10-19T10:09:38.697] [DEBUG] cheese - login => username:admin,password:123456
[2023-10-19T10:09:38.697] [DEBUG] cheese - admin
[2023-10-19T10:09:38.698] [DEBUG] cheese - null
[2023-10-19T10:09:38.698] [DEBUG] cheese - null
[2023-10-19T10:09:38.813] [DEBUG] cheese - login => username:admin,password:123456
[2023-10-19T10:09:38.813] [DEBUG] cheese - admin
[2023-10-19T10:09:38.814] [DEBUG] cheese - null
[2023-10-19T10:09:38.814] [DEBUG] cheese - null
[2023-10-19T10:09:38.927] [DEBUG] cheese - login => username:admin,password:123456
[2023-10-19T10:09:38.927] [DEBUG] cheese - admin
[2023-10-19T10:09:38.928] [DEBUG] cheese - null
[2023-10-19T10:09:38.928] [DEBUG] cheese - null
[2023-10-19T10:09:39.043] [DEBUG] cheese - login => username:admin,password:123456
[2023-10-19T10:09:39.043] [DEBUG] cheese - admin
[2023-10-19T10:09:39.044] [DEBUG] cheese - null
[2023-10-19T10:09:39.045] [DEBUG] cheese - null
[2023-10-19T10:09:39.157] [DEBUG] cheese - login => username:admin,password:123456
[2023-10-19T10:09:39.157] [DEBUG] cheese - admin
[2023-10-19T10:09:39.159] [DEBUG] cheese - null
[2023-10-19T10:09:39.159] [DEBUG] cheese - null
[2023-10-19T10:09:39.272] [DEBUG] cheese - login => username:admin,password:123456
[2023-10-19T10:09:39.272] [DEBUG] cheese - admin
[2023-10-19T10:09:39.273] [DEBUG] cheese - null
[2023-10-19T10:09:39.273] [DEBUG] cheese - null
[2023-10-19T10:09:39.399] [DEBUG] cheese - login => username:admin,password:123456
[2023-10-19T10:09:39.400] [DEBUG] cheese - admin
[2023-10-19T10:09:39.401] [DEBUG] cheese - null
[2023-10-19T10:09:39.401] [DEBUG] cheese - null
[2023-10-19T10:09:39.529] [DEBUG] cheese - login => username:admin,password:123456
[2023-10-19T10:09:39.529] [DEBUG] cheese - admin
[2023-10-19T10:09:39.530] [DEBUG] cheese - null
[2023-10-19T10:09:39.530] [DEBUG] cheese - null
[2023-10-19T10:09:39.650] [DEBUG] cheese - login => username:admin,password:123456
[2023-10-19T10:09:39.650] [DEBUG] cheese - admin
[2023-10-19T10:09:39.651] [DEBUG] cheese - null
[2023-10-19T10:09:39.651] [DEBUG] cheese - null
[2023-10-19T10:09:39.767] [DEBUG] cheese - login => username:admin,password:123456
[2023-10-19T10:09:39.767] [DEBUG] cheese - admin
[2023-10-19T10:09:39.768] [DEBUG] cheese - null
[2023-10-19T10:09:39.768] [DEBUG] cheese - null
[2023-10-19T10:09:39.882] [DEBUG] cheese - login => username:admin,password:123456
[2023-10-19T10:09:39.882] [DEBUG] cheese - admin
[2023-10-19T10:09:39.883] [DEBUG] cheese - null
[2023-10-19T10:09:39.883] [DEBUG] cheese - null
[2023-10-19T10:09:39.998] [DEBUG] cheese - login => username:admin,password:123456
[2023-10-19T10:09:39.998] [DEBUG] cheese - admin
[2023-10-19T10:09:39.998] [DEBUG] cheese - null
[2023-10-19T10:09:39.999] [DEBUG] cheese - null
[2023-10-19T10:09:40.111] [DEBUG] cheese - login => username:admin,password:123456
[2023-10-19T10:09:40.111] [DEBUG] cheese - admin
[2023-10-19T10:09:40.112] [DEBUG] cheese - null
[2023-10-19T10:09:40.112] [DEBUG] cheese - null
[2023-10-19T10:09:40.234] [DEBUG] cheese - login => username:admin,password:123456
[2023-10-19T10:09:40.234] [DEBUG] cheese - admin
[2023-10-19T10:09:40.235] [DEBUG] cheese - null
[2023-10-19T10:09:40.235] [DEBUG] cheese - null
[2023-10-19T10:09:40.375] [DEBUG] cheese - login => username:admin,password:123456
[2023-10-19T10:09:40.376] [DEBUG] cheese - admin
[2023-10-19T10:09:40.376] [DEBUG] cheese - null
[2023-10-19T10:09:40.376] [DEBUG] cheese - null
[2023-10-19T10:09:40.489] [DEBUG] cheese - login => username:admin,password:123456
[2023-10-19T10:09:40.489] [DEBUG] cheese - admin
[2023-10-19T10:09:40.490] [DEBUG] cheese - null
[2023-10-19T10:09:40.490] [DEBUG] cheese - null
[2023-10-19T10:09:40.606] [DEBUG] cheese - login => username:admin,password:123456
[2023-10-19T10:09:40.606] [DEBUG] cheese - admin
[2023-10-19T10:09:40.608] [DEBUG] cheese - null
[2023-10-19T10:09:40.608] [DEBUG] cheese - null
[2023-10-19T10:09:40.729] [DEBUG] cheese - login => username:admin,password:123456
[2023-10-19T10:09:40.729] [DEBUG] cheese - admin
[2023-10-19T10:09:40.731] [DEBUG] cheese - null
[2023-10-19T10:09:40.731] [DEBUG] cheese - null
[2023-10-19T10:09:40.850] [DEBUG] cheese - login => username:admin,password:123456
[2023-10-19T10:09:40.850] [DEBUG] cheese - admin
[2023-10-19T10:09:40.851] [DEBUG] cheese - null
[2023-10-19T10:09:40.851] [DEBUG] cheese - null
[2023-10-19T10:09:40.965] [DEBUG] cheese - login => username:admin,password:123456
[2023-10-19T10:09:40.965] [DEBUG] cheese - admin
[2023-10-19T10:09:40.967] [DEBUG] cheese - null
[2023-10-19T10:09:40.967] [DEBUG] cheese - null
[2023-10-19T10:09:41.078] [DEBUG] cheese - login => username:admin,password:123456
[2023-10-19T10:09:41.078] [DEBUG] cheese - admin
[2023-10-19T10:09:41.079] [DEBUG] cheese - null
[2023-10-19T10:09:41.079] [DEBUG] cheese - null
[2023-10-19T10:09:41.187] [DEBUG] cheese - login => username:admin,password:123456
[2023-10-19T10:09:41.187] [DEBUG] cheese - admin
[2023-10-19T10:09:41.188] [DEBUG] cheese - null
[2023-10-19T10:09:41.188] [DEBUG] cheese - null
[2023-10-19T10:09:41.298] [DEBUG] cheese - login => username:admin,password:123456
[2023-10-19T10:09:41.298] [DEBUG] cheese - admin
[2023-10-19T10:09:41.299] [DEBUG] cheese - null
[2023-10-19T10:09:41.299] [DEBUG] cheese - null
[2023-10-19T10:09:41.408] [DEBUG] cheese - login => username:admin,password:123456
[2023-10-19T10:09:41.408] [DEBUG] cheese - admin
[2023-10-19T10:09:41.409] [DEBUG] cheese - null
[2023-10-19T10:09:41.409] [DEBUG] cheese - null
[2023-10-19T10:09:41.518] [DEBUG] cheese - login => username:admin,password:123456
[2023-10-19T10:09:41.518] [DEBUG] cheese - admin
[2023-10-19T10:09:41.519] [DEBUG] cheese - null
[2023-10-19T10:09:41.519] [DEBUG] cheese - null
[2023-10-19T10:09:41.628] [DEBUG] cheese - login => username:admin,password:123456
[2023-10-19T10:09:41.628] [DEBUG] cheese - admin
[2023-10-19T10:09:41.629] [DEBUG] cheese - null
[2023-10-19T10:09:41.629] [DEBUG] cheese - null
[2023-10-19T10:09:41.738] [DEBUG] cheese - login => username:admin,password:123456
[2023-10-19T10:09:41.738] [DEBUG] cheese - admin
[2023-10-19T10:09:41.739] [DEBUG] cheese - null
[2023-10-19T10:09:41.739] [DEBUG] cheese - null
[2023-10-19T10:09:41.922] [DEBUG] cheese - login => username:admin,password:123456
[2023-10-19T10:09:41.923] [DEBUG] cheese - admin
[2023-10-19T10:09:41.928] [DEBUG] cheese - null
[2023-10-19T10:09:41.928] [DEBUG] cheese - null
[2023-10-19T10:09:42.097] [DEBUG] cheese - login => username:admin,password:123456
[2023-10-19T10:09:42.097] [DEBUG] cheese - admin
[2023-10-19T10:09:42.099] [DEBUG] cheese - null
[2023-10-19T10:09:42.099] [DEBUG] cheese - null
[2023-10-19T10:09:42.227] [DEBUG] cheese - login => username:admin,password:123456
[2023-10-19T10:09:42.227] [DEBUG] cheese - admin
[2023-10-19T10:09:42.228] [DEBUG] cheese - null
[2023-10-19T10:09:42.228] [DEBUG] cheese - null
[2023-10-19T10:09:42.339] [DEBUG] cheese - login => username:admin,password:123456
[2023-10-19T10:09:42.340] [DEBUG] cheese - admin
[2023-10-19T10:09:42.341] [DEBUG] cheese - null
[2023-10-19T10:09:42.341] [DEBUG] cheese - null
[2023-10-19T10:09:42.458] [DEBUG] cheese - login => username:admin,password:123456
[2023-10-19T10:09:42.458] [DEBUG] cheese - admin
[2023-10-19T10:09:42.459] [DEBUG] cheese - null
[2023-10-19T10:09:42.459] [DEBUG] cheese - null
[2023-10-19T10:09:42.584] [DEBUG] cheese - login => username:admin,password:123456
[2023-10-19T10:09:42.584] [DEBUG] cheese - admin
[2023-10-19T10:09:42.586] [DEBUG] cheese - null
[2023-10-19T10:09:42.586] [DEBUG] cheese - null
[2023-10-19T10:09:42.721] [DEBUG] cheese - login => username:admin,password:123456
[2023-10-19T10:09:42.721] [DEBUG] cheese - admin
[2023-10-19T10:09:42.722] [DEBUG] cheese - null
[2023-10-19T10:09:42.722] [DEBUG] cheese - null
[2023-10-19T10:09:42.836] [DEBUG] cheese - login => username:admin,password:123456
[2023-10-19T10:09:42.836] [DEBUG] cheese - admin
[2023-10-19T10:09:42.837] [DEBUG] cheese - null
[2023-10-19T10:09:42.837] [DEBUG] cheese - null
[2023-10-19T10:09:42.983] [DEBUG] cheese - login => username:admin,password:123456
[2023-10-19T10:09:42.983] [DEBUG] cheese - admin
[2023-10-19T10:09:42.984] [DEBUG] cheese - null
[2023-10-19T10:09:42.984] [DEBUG] cheese - null
[2023-10-19T10:09:43.110] [DEBUG] cheese - login => username:admin,password:123456
[2023-10-19T10:09:43.110] [DEBUG] cheese - admin
[2023-10-19T10:09:43.111] [DEBUG] cheese - null
[2023-10-19T10:09:43.111] [DEBUG] cheese - null
[2023-10-19T10:09:43.232] [DEBUG] cheese - login => username:admin,password:123456
[2023-10-19T10:09:43.232] [DEBUG] cheese - admin
[2023-10-19T10:09:43.233] [DEBUG] cheese - null
[2023-10-19T10:09:43.233] [DEBUG] cheese - null
[2023-10-19T10:09:43.355] [DEBUG] cheese - login => username:admin,password:123456
[2023-10-19T10:09:43.355] [DEBUG] cheese - admin
[2023-10-19T10:09:43.357] [DEBUG] cheese - null
[2023-10-19T10:09:43.357] [DEBUG] cheese - null
[2023-10-19T10:09:43.475] [DEBUG] cheese - login => username:admin,password:123456
[2023-10-19T10:09:43.475] [DEBUG] cheese - admin
[2023-10-19T10:09:43.476] [DEBUG] cheese - null
[2023-10-19T10:09:43.477] [DEBUG] cheese - null
[2023-10-19T10:09:43.595] [DEBUG] cheese - login => username:admin,password:123456
[2023-10-19T10:09:43.595] [DEBUG] cheese - admin
[2023-10-19T10:09:43.596] [DEBUG] cheese - null
[2023-10-19T10:09:43.596] [DEBUG] cheese - null
[2023-10-19T10:09:43.715] [DEBUG] cheese - login => username:admin,password:123456
[2023-10-19T10:09:43.715] [DEBUG] cheese - admin
[2023-10-19T10:09:43.716] [DEBUG] cheese - null
[2023-10-19T10:09:43.716] [DEBUG] cheese - null
[2023-10-19T10:09:43.835] [DEBUG] cheese - login => username:admin,password:123456
[2023-10-19T10:09:43.835] [DEBUG] cheese - admin
[2023-10-19T10:09:43.836] [DEBUG] cheese - null
[2023-10-19T10:09:43.836] [DEBUG] cheese - null
[2023-10-19T10:09:43.956] [DEBUG] cheese - login => username:admin,password:123456
[2023-10-19T10:09:43.956] [DEBUG] cheese - admin
[2023-10-19T10:09:43.957] [DEBUG] cheese - null
[2023-10-19T10:09:43.957] [DEBUG] cheese - null
[2023-10-19T10:09:44.077] [DEBUG] cheese - login => username:admin,password:123456
[2023-10-19T10:09:44.078] [DEBUG] cheese - admin
[2023-10-19T10:09:44.079] [DEBUG] cheese - null
[2023-10-19T10:09:44.079] [DEBUG] cheese - null
[2023-10-19T10:09:44.196] [DEBUG] cheese - login => username:admin,password:123456
[2023-10-19T10:09:44.196] [DEBUG] cheese - admin
[2023-10-19T10:09:44.198] [DEBUG] cheese - null
[2023-10-19T10:09:44.198] [DEBUG] cheese - null
[2023-10-19T10:09:44.319] [DEBUG] cheese - login => username:admin,password:123456
[2023-10-19T10:09:44.319] [DEBUG] cheese - admin
[2023-10-19T10:09:44.320] [DEBUG] cheese - null
[2023-10-19T10:09:44.320] [DEBUG] cheese - null
[2023-10-19T10:09:44.438] [DEBUG] cheese - login => username:admin,password:123456
[2023-10-19T10:09:44.439] [DEBUG] cheese - admin
[2023-10-19T10:09:44.440] [DEBUG] cheese - null
[2023-10-19T10:09:44.440] [DEBUG] cheese - null
[2023-10-19T10:09:44.557] [DEBUG] cheese - login => username:admin,password:123456
[2023-10-19T10:09:44.557] [DEBUG] cheese - admin
[2023-10-19T10:09:44.558] [DEBUG] cheese - null
[2023-10-19T10:09:44.558] [DEBUG] cheese - null
[2023-10-19T10:09:44.678] [DEBUG] cheese - login => username:admin,password:123456
[2023-10-19T10:09:44.678] [DEBUG] cheese - admin
[2023-10-19T10:09:44.680] [DEBUG] cheese - null
[2023-10-19T10:09:44.680] [DEBUG] cheese - null
[2023-10-19T10:09:44.794] [DEBUG] cheese - login => username:admin,password:123456
[2023-10-19T10:09:44.794] [DEBUG] cheese - admin
[2023-10-19T10:09:44.798] [DEBUG] cheese - null
[2023-10-19T10:09:44.798] [DEBUG] cheese - null
[2023-10-19T10:09:44.914] [DEBUG] cheese - login => username:admin,password:123456
[2023-10-19T10:09:44.914] [DEBUG] cheese - admin
[2023-10-19T10:09:44.915] [DEBUG] cheese - null
[2023-10-19T10:09:44.915] [DEBUG] cheese - null
[2023-10-19T10:09:45.029] [DEBUG] cheese - login => username:admin,password:123456
[2023-10-19T10:09:45.029] [DEBUG] cheese - admin
[2023-10-19T10:09:45.031] [DEBUG] cheese - null
[2023-10-19T10:09:45.031] [DEBUG] cheese - null
[2023-10-19T10:09:45.147] [DEBUG] cheese - login => username:admin,password:123456
[2023-10-19T10:09:45.147] [DEBUG] cheese - admin
[2023-10-19T10:09:45.148] [DEBUG] cheese - null
[2023-10-19T10:09:45.148] [DEBUG] cheese - null
[2023-10-19T10:09:45.260] [DEBUG] cheese - login => username:admin,password:123456
[2023-10-19T10:09:45.260] [DEBUG] cheese - admin
[2023-10-19T10:09:45.260] [DEBUG] cheese - null
[2023-10-19T10:09:45.261] [DEBUG] cheese - null
[2023-10-19T10:09:45.372] [DEBUG] cheese - login => username:admin,password:123456
[2023-10-19T10:09:45.372] [DEBUG] cheese - admin
[2023-10-19T10:09:45.373] [DEBUG] cheese - null
[2023-10-19T10:09:45.373] [DEBUG] cheese - null
[2023-10-19T10:09:45.520] [DEBUG] cheese - login => username:admin,password:123456
[2023-10-19T10:09:45.520] [DEBUG] cheese - admin
[2023-10-19T10:09:45.522] [DEBUG] cheese - null
[2023-10-19T10:09:45.522] [DEBUG] cheese - null
[2023-10-19T10:09:45.636] [DEBUG] cheese - login => username:admin,password:123456
[2023-10-19T10:09:45.636] [DEBUG] cheese - admin
[2023-10-19T10:09:45.637] [DEBUG] cheese - null
[2023-10-19T10:09:45.637] [DEBUG] cheese - null
[2023-10-19T10:09:45.752] [DEBUG] cheese - login => username:admin,password:123456
[2023-10-19T10:09:45.752] [DEBUG] cheese - admin
[2023-10-19T10:09:45.753] [DEBUG] cheese - null
[2023-10-19T10:09:45.753] [DEBUG] cheese - null
[2023-10-19T10:09:45.865] [DEBUG] cheese - login => username:admin,password:123456
[2023-10-19T10:09:45.865] [DEBUG] cheese - admin
[2023-10-19T10:09:45.866] [DEBUG] cheese - null
[2023-10-19T10:09:45.866] [DEBUG] cheese - null
[2023-10-19T10:09:45.972] [DEBUG] cheese - login => username:admin,password:123456
[2023-10-19T10:09:45.972] [DEBUG] cheese - admin
[2023-10-19T10:09:45.975] [DEBUG] cheese - null
[2023-10-19T10:09:45.975] [DEBUG] cheese - null
[2023-10-19T10:09:46.087] [DEBUG] cheese - login => username:admin,password:123456
[2023-10-19T10:09:46.087] [DEBUG] cheese - admin
[2023-10-19T10:09:46.088] [DEBUG] cheese - null
[2023-10-19T10:09:46.088] [DEBUG] cheese - null
[2023-10-19T10:09:46.201] [DEBUG] cheese - login => username:admin,password:123456
[2023-10-19T10:09:46.202] [DEBUG] cheese - admin
[2023-10-19T10:09:46.202] [DEBUG] cheese - null
[2023-10-19T10:09:46.202] [DEBUG] cheese - null
[2023-10-19T10:09:46.324] [DEBUG] cheese - login => username:admin,password:123456
[2023-10-19T10:09:46.324] [DEBUG] cheese - admin
[2023-10-19T10:09:46.325] [DEBUG] cheese - null
[2023-10-19T10:09:46.325] [DEBUG] cheese - null
[2023-10-19T10:09:46.441] [DEBUG] cheese - login => username:admin,password:123456
[2023-10-19T10:09:46.441] [DEBUG] cheese - admin
[2023-10-19T10:09:46.446] [DEBUG] cheese - null
[2023-10-19T10:09:46.446] [DEBUG] cheese - null
[2023-10-19T10:09:46.567] [DEBUG] cheese - login => username:admin,password:123456
[2023-10-19T10:09:46.567] [DEBUG] cheese - admin
[2023-10-19T10:09:46.568] [DEBUG] cheese - null
[2023-10-19T10:09:46.568] [DEBUG] cheese - null
[2023-10-19T10:09:46.687] [DEBUG] cheese - login => username:admin,password:123456
[2023-10-19T10:09:46.687] [DEBUG] cheese - admin
[2023-10-19T10:09:46.688] [DEBUG] cheese - null
[2023-10-19T10:09:46.688] [DEBUG] cheese - null
[2023-10-19T10:09:46.805] [DEBUG] cheese - login => username:admin,password:123456
[2023-10-19T10:09:46.805] [DEBUG] cheese - admin
[2023-10-19T10:09:46.813] [DEBUG] cheese - null
[2023-10-19T10:09:46.813] [DEBUG] cheese - null
[2023-10-19T10:09:46.927] [DEBUG] cheese - login => username:admin,password:123456
[2023-10-19T10:09:46.928] [DEBUG] cheese - admin
[2023-10-19T10:09:46.929] [DEBUG] cheese - null
[2023-10-19T10:09:46.929] [DEBUG] cheese - null
[2023-10-19T10:09:47.041] [DEBUG] cheese - login => username:admin,password:123456
[2023-10-19T10:09:47.041] [DEBUG] cheese - admin
[2023-10-19T10:09:47.043] [DEBUG] cheese - null
[2023-10-19T10:09:47.043] [DEBUG] cheese - null
[2023-10-19T10:09:47.160] [DEBUG] cheese - login => username:admin,password:123456
[2023-10-19T10:09:47.160] [DEBUG] cheese - admin
[2023-10-19T10:09:47.161] [DEBUG] cheese - null
[2023-10-19T10:09:47.161] [DEBUG] cheese - null
[2023-10-19T10:09:47.273] [DEBUG] cheese - login => username:admin,password:123456
[2023-10-19T10:09:47.273] [DEBUG] cheese - admin
[2023-10-19T10:09:47.274] [DEBUG] cheese - null
[2023-10-19T10:09:47.274] [DEBUG] cheese - null
[2023-10-19T10:09:47.399] [DEBUG] cheese - login => username:admin,password:123456
[2023-10-19T10:09:47.399] [DEBUG] cheese - admin
[2023-10-19T10:09:47.400] [DEBUG] cheese - null
[2023-10-19T10:09:47.400] [DEBUG] cheese - null
[2023-10-19T10:09:47.517] [DEBUG] cheese - login => username:admin,password:123456
[2023-10-19T10:09:47.517] [DEBUG] cheese - admin
[2023-10-19T10:09:47.524] [DEBUG] cheese - null
[2023-10-19T10:09:47.524] [DEBUG] cheese - null
[2023-10-19T10:09:47.640] [DEBUG] cheese - login => username:admin,password:123456
[2023-10-19T10:09:47.640] [DEBUG] cheese - admin
[2023-10-19T10:09:47.641] [DEBUG] cheese - null
[2023-10-19T10:09:47.642] [DEBUG] cheese - null
[2023-10-19T10:09:47.756] [DEBUG] cheese - login => username:admin,password:123456
[2023-10-19T10:09:47.756] [DEBUG] cheese - admin
[2023-10-19T10:09:47.757] [DEBUG] cheese - null
[2023-10-19T10:09:47.757] [DEBUG] cheese - null
[2023-10-19T10:09:47.876] [DEBUG] cheese - login => username:admin,password:123456
[2023-10-19T10:09:47.876] [DEBUG] cheese - admin
[2023-10-19T10:09:47.877] [DEBUG] cheese - null
[2023-10-19T10:09:47.877] [DEBUG] cheese - null
[2023-10-19T10:09:48.015] [DEBUG] cheese - login => username:admin,password:123456
[2023-10-19T10:09:48.015] [DEBUG] cheese - admin
[2023-10-19T10:09:48.016] [DEBUG] cheese - null
[2023-10-19T10:09:48.016] [DEBUG] cheese - null
[2023-10-19T10:09:48.133] [DEBUG] cheese - login => username:admin,password:123456
[2023-10-19T10:09:48.134] [DEBUG] cheese - admin
[2023-10-19T10:09:48.135] [DEBUG] cheese - null
[2023-10-19T10:09:48.135] [DEBUG] cheese - null
[2023-10-19T10:09:48.244] [DEBUG] cheese - login => username:admin,password:123456
[2023-10-19T10:09:48.244] [DEBUG] cheese - admin
[2023-10-19T10:09:48.246] [DEBUG] cheese - null
[2023-10-19T10:09:48.246] [DEBUG] cheese - null
[2023-10-19T10:09:48.355] [DEBUG] cheese - login => username:admin,password:123456
[2023-10-19T10:09:48.355] [DEBUG] cheese - admin
[2023-10-19T10:09:48.356] [DEBUG] cheese - null
[2023-10-19T10:09:48.356] [DEBUG] cheese - null
[2023-10-19T10:09:48.466] [DEBUG] cheese - login => username:admin,password:123456
[2023-10-19T10:09:48.466] [DEBUG] cheese - admin
[2023-10-19T10:09:48.467] [DEBUG] cheese - null
[2023-10-19T10:09:48.467] [DEBUG] cheese - null
[2023-10-19T10:09:48.634] [DEBUG] cheese - login => username:admin,password:123456
[2023-10-19T10:09:48.634] [DEBUG] cheese - admin
[2023-10-19T10:09:48.636] [DEBUG] cheese - null
[2023-10-19T10:09:48.636] [DEBUG] cheese - null
[2023-10-19T10:09:48.784] [DEBUG] cheese - login => username:admin,password:123456
[2023-10-19T10:09:48.784] [DEBUG] cheese - admin
[2023-10-19T10:09:48.785] [DEBUG] cheese - null
[2023-10-19T10:09:48.786] [DEBUG] cheese - null
[2023-10-19T10:09:48.958] [DEBUG] cheese - login => username:admin,password:123456
[2023-10-19T10:09:48.958] [DEBUG] cheese - admin
[2023-10-19T10:09:48.960] [DEBUG] cheese - null
[2023-10-19T10:09:48.960] [DEBUG] cheese - null
[2023-10-19T10:09:49.081] [DEBUG] cheese - login => username:admin,password:123456
[2023-10-19T10:09:49.081] [DEBUG] cheese - admin
[2023-10-19T10:09:49.082] [DEBUG] cheese - null
[2023-10-19T10:09:49.082] [DEBUG] cheese - null
[2023-10-19T10:09:49.199] [DEBUG] cheese - login => username:admin,password:123456
[2023-10-19T10:09:49.199] [DEBUG] cheese - admin
[2023-10-19T10:09:49.200] [DEBUG] cheese - null
[2023-10-19T10:09:49.200] [DEBUG] cheese - null
[2023-10-19T10:09:49.314] [DEBUG] cheese - login => username:admin,password:123456
[2023-10-19T10:09:49.314] [DEBUG] cheese - admin
[2023-10-19T10:09:49.315] [DEBUG] cheese - null
[2023-10-19T10:09:49.315] [DEBUG] cheese - null
[2023-10-19T10:09:49.430] [DEBUG] cheese - login => username:admin,password:123456
[2023-10-19T10:09:49.430] [DEBUG] cheese - admin
[2023-10-19T10:09:49.431] [DEBUG] cheese - null
[2023-10-19T10:09:49.431] [DEBUG] cheese - null
[2023-10-19T10:09:49.551] [DEBUG] cheese - login => username:admin,password:123456
[2023-10-19T10:09:49.551] [DEBUG] cheese - admin
[2023-10-19T10:09:49.552] [DEBUG] cheese - null
[2023-10-19T10:09:49.552] [DEBUG] cheese - null
[2023-10-19T10:09:49.661] [DEBUG] cheese - login => username:admin,password:123456
[2023-10-19T10:09:49.661] [DEBUG] cheese - admin
[2023-10-19T10:09:49.662] [DEBUG] cheese - null
[2023-10-19T10:09:49.662] [DEBUG] cheese - null
[2023-10-19T10:09:49.772] [DEBUG] cheese - login => username:admin,password:123456
[2023-10-19T10:09:49.772] [DEBUG] cheese - admin
[2023-10-19T10:09:49.774] [DEBUG] cheese - null
[2023-10-19T10:09:49.774] [DEBUG] cheese - null
[2023-10-19T10:09:49.892] [DEBUG] cheese - login => username:admin,password:123456
[2023-10-19T10:09:49.892] [DEBUG] cheese - admin
[2023-10-19T10:09:49.894] [DEBUG] cheese - null
[2023-10-19T10:09:49.894] [DEBUG] cheese - null
[2023-10-19T10:09:50.001] [DEBUG] cheese - login => username:admin,password:123456
[2023-10-19T10:09:50.001] [DEBUG] cheese - admin
[2023-10-19T10:09:50.002] [DEBUG] cheese - null
[2023-10-19T10:09:50.002] [DEBUG] cheese - null
[2023-10-19T10:09:50.111] [DEBUG] cheese - login => username:admin,password:123456
[2023-10-19T10:09:50.111] [DEBUG] cheese - admin
[2023-10-19T10:09:50.112] [DEBUG] cheese - null
[2023-10-19T10:09:50.112] [DEBUG] cheese - null
[2023-10-19T10:09:50.221] [DEBUG] cheese - login => username:admin,password:123456
[2023-10-19T10:09:50.221] [DEBUG] cheese - admin
[2023-10-19T10:09:50.222] [DEBUG] cheese - null
[2023-10-19T10:09:50.222] [DEBUG] cheese - null
[2023-10-19T10:09:50.332] [DEBUG] cheese - login => username:admin,password:123456
[2023-10-19T10:09:50.332] [DEBUG] cheese - admin
[2023-10-19T10:09:50.333] [DEBUG] cheese - null
[2023-10-19T10:09:50.333] [DEBUG] cheese - null
[2023-10-19T10:09:50.445] [DEBUG] cheese - login => username:admin,password:123456
[2023-10-19T10:09:50.445] [DEBUG] cheese - admin
[2023-10-19T10:09:50.447] [DEBUG] cheese - null
[2023-10-19T10:09:50.447] [DEBUG] cheese - null
[2023-10-19T10:09:50.554] [DEBUG] cheese - login => username:admin,password:123456
[2023-10-19T10:09:50.555] [DEBUG] cheese - admin
[2023-10-19T10:09:50.556] [DEBUG] cheese - null
[2023-10-19T10:09:50.556] [DEBUG] cheese - null
[2023-10-19T10:09:50.669] [DEBUG] cheese - login => username:admin,password:123456
[2023-10-19T10:09:50.669] [DEBUG] cheese - admin
[2023-10-19T10:09:50.670] [DEBUG] cheese - null
[2023-10-19T10:09:50.670] [DEBUG] cheese - null
[2023-10-19T10:09:50.823] [DEBUG] cheese - login => username:admin,password:123456
[2023-10-19T10:09:50.823] [DEBUG] cheese - admin
[2023-10-19T10:09:50.825] [DEBUG] cheese - null
[2023-10-19T10:09:50.825] [DEBUG] cheese - null
[2023-10-19T10:09:50.949] [DEBUG] cheese - login => username:admin,password:123456
[2023-10-19T10:09:50.949] [DEBUG] cheese - admin
[2023-10-19T10:09:50.950] [DEBUG] cheese - null
[2023-10-19T10:09:50.950] [DEBUG] cheese - null
[2023-10-19T10:09:51.075] [DEBUG] cheese - login => username:admin,password:123456
[2023-10-19T10:09:51.075] [DEBUG] cheese - admin
[2023-10-19T10:09:51.076] [DEBUG] cheese - null
[2023-10-19T10:09:51.076] [DEBUG] cheese - null
[2023-10-19T10:09:51.197] [DEBUG] cheese - login => username:admin,password:123456
[2023-10-19T10:09:51.197] [DEBUG] cheese - admin
[2023-10-19T10:09:51.198] [DEBUG] cheese - null
[2023-10-19T10:09:51.198] [DEBUG] cheese - null
[2023-10-19T10:09:51.315] [DEBUG] cheese - login => username:admin,password:123456
[2023-10-19T10:09:51.315] [DEBUG] cheese - admin
[2023-10-19T10:09:51.316] [DEBUG] cheese - null
[2023-10-19T10:09:51.316] [DEBUG] cheese - null
[2023-10-19T10:09:51.435] [DEBUG] cheese - login => username:admin,password:123456
[2023-10-19T10:09:51.435] [DEBUG] cheese - admin
[2023-10-19T10:09:51.436] [DEBUG] cheese - null
[2023-10-19T10:09:51.436] [DEBUG] cheese - null
[2023-10-19T10:09:51.553] [DEBUG] cheese - login => username:admin,password:123456
[2023-10-19T10:09:51.553] [DEBUG] cheese - admin
[2023-10-19T10:09:51.554] [DEBUG] cheese - null
[2023-10-19T10:09:51.554] [DEBUG] cheese - null
[2023-10-19T10:09:51.672] [DEBUG] cheese - login => username:admin,password:123456
[2023-10-19T10:09:51.672] [DEBUG] cheese - admin
[2023-10-19T10:09:51.674] [DEBUG] cheese - null
[2023-10-19T10:09:51.674] [DEBUG] cheese - null
[2023-10-19T10:09:51.793] [DEBUG] cheese - login => username:admin,password:123456
[2023-10-19T10:09:51.793] [DEBUG] cheese - admin
[2023-10-19T10:09:51.794] [DEBUG] cheese - null
[2023-10-19T10:09:51.794] [DEBUG] cheese - null
[2023-10-19T10:09:51.906] [DEBUG] cheese - login => username:admin,password:123456
[2023-10-19T10:09:51.906] [DEBUG] cheese - admin
[2023-10-19T10:09:51.907] [DEBUG] cheese - null
[2023-10-19T10:09:51.907] [DEBUG] cheese - null
[2023-10-19T10:09:52.016] [DEBUG] cheese - login => username:admin,password:123456
[2023-10-19T10:09:52.017] [DEBUG] cheese - admin
[2023-10-19T10:09:52.017] [DEBUG] cheese - null
[2023-10-19T10:09:52.017] [DEBUG] cheese - null
[2023-10-19T10:09:52.130] [DEBUG] cheese - login => username:admin,password:123456
[2023-10-19T10:09:52.130] [DEBUG] cheese - admin
[2023-10-19T10:09:52.131] [DEBUG] cheese - null
[2023-10-19T10:09:52.131] [DEBUG] cheese - null
[2023-10-19T10:09:52.243] [DEBUG] cheese - login => username:admin,password:123456
[2023-10-19T10:09:52.243] [DEBUG] cheese - admin
[2023-10-19T10:09:52.245] [DEBUG] cheese - null
[2023-10-19T10:09:52.245] [DEBUG] cheese - null
[2023-10-19T10:09:52.359] [DEBUG] cheese - login => username:admin,password:123456
[2023-10-19T10:09:52.359] [DEBUG] cheese - admin
[2023-10-19T10:09:52.363] [DEBUG] cheese - null
[2023-10-19T10:09:52.363] [DEBUG] cheese - null
[2023-10-19T10:09:52.481] [DEBUG] cheese - login => username:admin,password:123456
[2023-10-19T10:09:52.481] [DEBUG] cheese - admin
[2023-10-19T10:09:52.482] [DEBUG] cheese - null
[2023-10-19T10:09:52.482] [DEBUG] cheese - null
[2023-10-19T10:09:52.594] [DEBUG] cheese - login => username:admin,password:123456
[2023-10-19T10:09:52.594] [DEBUG] cheese - admin
[2023-10-19T10:09:52.595] [DEBUG] cheese - null
[2023-10-19T10:09:52.595] [DEBUG] cheese - null
[2023-10-19T10:09:52.708] [DEBUG] cheese - login => username:admin,password:123456
[2023-10-19T10:09:52.708] [DEBUG] cheese - admin
[2023-10-19T10:09:52.709] [DEBUG] cheese - null
[2023-10-19T10:09:52.709] [DEBUG] cheese - null
[2023-10-19T10:09:52.821] [DEBUG] cheese - login => username:admin,password:123456
[2023-10-19T10:09:52.821] [DEBUG] cheese - admin
[2023-10-19T10:09:52.823] [DEBUG] cheese - null
[2023-10-19T10:09:52.823] [DEBUG] cheese - null
[2023-10-19T10:09:52.935] [DEBUG] cheese - login => username:admin,password:123456
[2023-10-19T10:09:52.935] [DEBUG] cheese - admin
[2023-10-19T10:09:52.935] [DEBUG] cheese - null
[2023-10-19T10:09:52.936] [DEBUG] cheese - null
[2023-10-19T10:09:53.047] [DEBUG] cheese - login => username:admin,password:123456
[2023-10-19T10:09:53.047] [DEBUG] cheese - admin
[2023-10-19T10:09:53.048] [DEBUG] cheese - null
[2023-10-19T10:09:53.048] [DEBUG] cheese - null
[2023-10-19T10:09:53.160] [DEBUG] cheese - login => username:admin,password:123456
[2023-10-19T10:09:53.160] [DEBUG] cheese - admin
[2023-10-19T10:09:53.161] [DEBUG] cheese - null
[2023-10-19T10:09:53.161] [DEBUG] cheese - null
[2023-10-19T10:09:53.276] [DEBUG] cheese - login => username:admin,password:123456
[2023-10-19T10:09:53.276] [DEBUG] cheese - admin
[2023-10-19T10:09:53.277] [DEBUG] cheese - null
[2023-10-19T10:09:53.277] [DEBUG] cheese - null
[2023-10-19T10:09:53.414] [DEBUG] cheese - login => username:admin,password:123456
[2023-10-19T10:09:53.414] [DEBUG] cheese - admin
[2023-10-19T10:09:53.415] [DEBUG] cheese - null
[2023-10-19T10:09:53.415] [DEBUG] cheese - null
[2023-10-19T10:09:53.525] [DEBUG] cheese - login => username:admin,password:123456
[2023-10-19T10:09:53.525] [DEBUG] cheese - admin
[2023-10-19T10:09:53.527] [DEBUG] cheese - null
[2023-10-19T10:09:53.527] [DEBUG] cheese - null
[2023-10-19T10:09:53.640] [DEBUG] cheese - login => username:admin,password:123456
[2023-10-19T10:09:53.640] [DEBUG] cheese - admin
[2023-10-19T10:09:53.641] [DEBUG] cheese - null
[2023-10-19T10:09:53.641] [DEBUG] cheese - null
[2023-10-19T10:09:53.756] [DEBUG] cheese - login => username:admin,password:123456
[2023-10-19T10:09:53.756] [DEBUG] cheese - admin
[2023-10-19T10:09:53.757] [DEBUG] cheese - null
[2023-10-19T10:09:53.757] [DEBUG] cheese - null
[2023-10-19T10:09:53.869] [DEBUG] cheese - login => username:admin,password:123456
[2023-10-19T10:09:53.869] [DEBUG] cheese - admin
[2023-10-19T10:09:53.870] [DEBUG] cheese - null
[2023-10-19T10:09:53.870] [DEBUG] cheese - null
[2023-10-19T10:09:53.981] [DEBUG] cheese - login => username:admin,password:123456
[2023-10-19T10:09:53.981] [DEBUG] cheese - admin
[2023-10-19T10:09:53.982] [DEBUG] cheese - null
[2023-10-19T10:09:53.982] [DEBUG] cheese - null
[2023-10-19T10:09:54.092] [DEBUG] cheese - login => username:admin,password:123456
[2023-10-19T10:09:54.092] [DEBUG] cheese - admin
[2023-10-19T10:09:54.093] [DEBUG] cheese - null
[2023-10-19T10:09:54.093] [DEBUG] cheese - null
[2023-10-19T10:09:54.203] [DEBUG] cheese - login => username:admin,password:123456
[2023-10-19T10:09:54.203] [DEBUG] cheese - admin
[2023-10-19T10:09:54.204] [DEBUG] cheese - null
[2023-10-19T10:09:54.204] [DEBUG] cheese - null
[2023-10-19T10:09:54.317] [DEBUG] cheese - login => username:admin,password:123456
[2023-10-19T10:09:54.317] [DEBUG] cheese - admin
[2023-10-19T10:09:54.317] [DEBUG] cheese - null
[2023-10-19T10:09:54.317] [DEBUG] cheese - null
[2023-10-19T10:09:54.429] [DEBUG] cheese - login => username:admin,password:123456
[2023-10-19T10:09:54.429] [DEBUG] cheese - admin
[2023-10-19T10:09:54.431] [DEBUG] cheese - null
[2023-10-19T10:09:54.431] [DEBUG] cheese - null
[2023-10-19T10:09:54.542] [DEBUG] cheese - login => username:admin,password:123456
[2023-10-19T10:09:54.542] [DEBUG] cheese - admin
[2023-10-19T10:09:54.543] [DEBUG] cheese - null
[2023-10-19T10:09:54.543] [DEBUG] cheese - null
[2023-10-19T10:09:54.657] [DEBUG] cheese - login => username:admin,password:123456
[2023-10-19T10:09:54.657] [DEBUG] cheese - admin
[2023-10-19T10:09:54.658] [DEBUG] cheese - null
[2023-10-19T10:09:54.658] [DEBUG] cheese - null
[2023-10-19T10:09:54.770] [DEBUG] cheese - login => username:admin,password:123456
[2023-10-19T10:09:54.770] [DEBUG] cheese - admin
[2023-10-19T10:09:54.771] [DEBUG] cheese - null
[2023-10-19T10:09:54.771] [DEBUG] cheese - null
[2023-10-19T10:09:54.885] [DEBUG] cheese - login => username:admin,password:123456
[2023-10-19T10:09:54.885] [DEBUG] cheese - admin
[2023-10-19T10:09:54.886] [DEBUG] cheese - null
[2023-10-19T10:09:54.886] [DEBUG] cheese - null
[2023-10-19T10:09:54.998] [DEBUG] cheese - login => username:admin,password:123456
[2023-10-19T10:09:54.998] [DEBUG] cheese - admin
[2023-10-19T10:09:54.999] [DEBUG] cheese - null
[2023-10-19T10:09:54.999] [DEBUG] cheese - null
[2023-10-19T10:09:55.110] [DEBUG] cheese - login => username:admin,password:123456
[2023-10-19T10:09:55.110] [DEBUG] cheese - admin
[2023-10-19T10:09:55.111] [DEBUG] cheese - null
[2023-10-19T10:09:55.111] [DEBUG] cheese - null
[2023-10-19T10:09:55.250] [DEBUG] cheese - login => username:admin,password:123456
[2023-10-19T10:09:55.250] [DEBUG] cheese - admin
[2023-10-19T10:09:55.257] [DEBUG] cheese - null
[2023-10-19T10:09:55.257] [DEBUG] cheese - null
[2023-10-19T10:09:55.411] [DEBUG] cheese - login => username:admin,password:123456
[2023-10-19T10:09:55.411] [DEBUG] cheese - admin
[2023-10-19T10:09:55.412] [DEBUG] cheese - null
[2023-10-19T10:09:55.412] [DEBUG] cheese - null
[2023-10-19T10:09:55.590] [DEBUG] cheese - login => username:admin,password:123456
[2023-10-19T10:09:55.590] [DEBUG] cheese - admin
[2023-10-19T10:09:55.592] [DEBUG] cheese - null
[2023-10-19T10:09:55.592] [DEBUG] cheese - null
[2023-10-19T10:09:55.710] [DEBUG] cheese - login => username:admin,password:123456
[2023-10-19T10:09:55.710] [DEBUG] cheese - admin
[2023-10-19T10:09:55.711] [DEBUG] cheese - null
[2023-10-19T10:09:55.711] [DEBUG] cheese - null
[2023-10-19T10:09:55.826] [DEBUG] cheese - login => username:admin,password:123456
[2023-10-19T10:09:55.826] [DEBUG] cheese - admin
[2023-10-19T10:09:55.827] [DEBUG] cheese - null
[2023-10-19T10:09:55.827] [DEBUG] cheese - null
[2023-10-19T10:09:55.993] [DEBUG] cheese - login => username:admin,password:123456
[2023-10-19T10:09:55.993] [DEBUG] cheese - admin
[2023-10-19T10:09:55.996] [DEBUG] cheese - null
[2023-10-19T10:09:55.996] [DEBUG] cheese - null
[2023-10-19T10:09:56.114] [DEBUG] cheese - login => username:admin,password:123456
[2023-10-19T10:09:56.114] [DEBUG] cheese - admin
[2023-10-19T10:09:56.114] [DEBUG] cheese - null
[2023-10-19T10:09:56.114] [DEBUG] cheese - null
[2023-10-19T10:09:56.233] [DEBUG] cheese - login => username:admin,password:123456
[2023-10-19T10:09:56.233] [DEBUG] cheese - admin
[2023-10-19T10:09:56.234] [DEBUG] cheese - null
[2023-10-19T10:09:56.234] [DEBUG] cheese - null
[2023-10-19T10:09:56.351] [DEBUG] cheese - login => username:admin,password:123456
[2023-10-19T10:09:56.351] [DEBUG] cheese - admin
[2023-10-19T10:09:56.352] [DEBUG] cheese - null
[2023-10-19T10:09:56.352] [DEBUG] cheese - null
[2023-10-19T10:09:56.473] [DEBUG] cheese - login => username:admin,password:123456
[2023-10-19T10:09:56.473] [DEBUG] cheese - admin
[2023-10-19T10:09:56.474] [DEBUG] cheese - null
[2023-10-19T10:09:56.474] [DEBUG] cheese - null
[2023-10-19T10:09:56.591] [DEBUG] cheese - login => username:admin,password:123456
[2023-10-19T10:09:56.591] [DEBUG] cheese - admin
[2023-10-19T10:09:56.592] [DEBUG] cheese - null
[2023-10-19T10:09:56.592] [DEBUG] cheese - null
[2023-10-19T10:09:56.712] [DEBUG] cheese - login => username:admin,password:123456
[2023-10-19T10:09:56.712] [DEBUG] cheese - admin
[2023-10-19T10:09:56.716] [DEBUG] cheese - null
[2023-10-19T10:09:56.716] [DEBUG] cheese - null
[2023-10-19T10:09:56.846] [DEBUG] cheese - login => username:admin,password:123456
[2023-10-19T10:09:56.846] [DEBUG] cheese - admin
[2023-10-19T10:09:56.848] [DEBUG] cheese - null
[2023-10-19T10:09:56.848] [DEBUG] cheese - null
[2023-10-19T10:09:56.965] [DEBUG] cheese - login => username:admin,password:123456
[2023-10-19T10:09:56.965] [DEBUG] cheese - admin
[2023-10-19T10:09:56.967] [DEBUG] cheese - null
[2023-10-19T10:09:56.967] [DEBUG] cheese - null
[2023-10-19T10:09:57.077] [DEBUG] cheese - login => username:admin,password:123456
[2023-10-19T10:09:57.077] [DEBUG] cheese - admin
[2023-10-19T10:09:57.079] [DEBUG] cheese - null
[2023-10-19T10:09:57.079] [DEBUG] cheese - null
[2023-10-19T10:09:57.189] [DEBUG] cheese - login => username:admin,password:123456
[2023-10-19T10:09:57.189] [DEBUG] cheese - admin
[2023-10-19T10:09:57.191] [DEBUG] cheese - null
[2023-10-19T10:09:57.191] [DEBUG] cheese - null
[2023-10-19T10:09:57.306] [DEBUG] cheese - login => username:admin,password:123456
[2023-10-19T10:09:57.307] [DEBUG] cheese - admin
[2023-10-19T10:09:57.308] [DEBUG] cheese - null
[2023-10-19T10:09:57.308] [DEBUG] cheese - null
[2023-10-19T10:09:57.430] [DEBUG] cheese - login => username:admin,password:123456
[2023-10-19T10:09:57.430] [DEBUG] cheese - admin
[2023-10-19T10:09:57.431] [DEBUG] cheese - null
[2023-10-19T10:09:57.431] [DEBUG] cheese - null
[2023-10-19T10:09:57.539] [DEBUG] cheese - login => username:admin,password:123456
[2023-10-19T10:09:57.539] [DEBUG] cheese - admin
[2023-10-19T10:09:57.540] [DEBUG] cheese - null
[2023-10-19T10:09:57.540] [DEBUG] cheese - null
[2023-10-19T10:09:57.650] [DEBUG] cheese - login => username:admin,password:123456
[2023-10-19T10:09:57.651] [DEBUG] cheese - admin
[2023-10-19T10:09:57.652] [DEBUG] cheese - null
[2023-10-19T10:09:57.652] [DEBUG] cheese - null
[2023-10-19T10:09:57.760] [DEBUG] cheese - login => username:admin,password:123456
[2023-10-19T10:09:57.760] [DEBUG] cheese - admin
[2023-10-19T10:09:57.761] [DEBUG] cheese - null
[2023-10-19T10:09:57.762] [DEBUG] cheese - null
[2023-10-19T10:09:57.873] [DEBUG] cheese - login => username:admin,password:123456
[2023-10-19T10:09:57.873] [DEBUG] cheese - admin
[2023-10-19T10:09:57.874] [DEBUG] cheese - null
[2023-10-19T10:09:57.874] [DEBUG] cheese - null
[2023-10-19T10:09:57.987] [DEBUG] cheese - login => username:admin,password:123456
[2023-10-19T10:09:57.987] [DEBUG] cheese - admin
[2023-10-19T10:09:57.988] [DEBUG] cheese - null
[2023-10-19T10:09:57.988] [DEBUG] cheese - null
[2023-10-19T10:09:58.106] [DEBUG] cheese - login => username:admin,password:123456
[2023-10-19T10:09:58.106] [DEBUG] cheese - admin
[2023-10-19T10:09:58.107] [DEBUG] cheese - null
[2023-10-19T10:09:58.107] [DEBUG] cheese - null
[2023-10-19T10:09:58.231] [DEBUG] cheese - login => username:admin,password:123456
[2023-10-19T10:09:58.231] [DEBUG] cheese - admin
[2023-10-19T10:09:58.232] [DEBUG] cheese - null
[2023-10-19T10:09:58.232] [DEBUG] cheese - null
[2023-10-19T10:09:58.351] [DEBUG] cheese - login => username:admin,password:123456
[2023-10-19T10:09:58.351] [DEBUG] cheese - admin
[2023-10-19T10:09:58.351] [DEBUG] cheese - null
[2023-10-19T10:09:58.351] [DEBUG] cheese - null
[2023-10-19T10:09:58.467] [DEBUG] cheese - login => username:admin,password:123456
[2023-10-19T10:09:58.467] [DEBUG] cheese - admin
[2023-10-19T10:09:58.468] [DEBUG] cheese - null
[2023-10-19T10:09:58.468] [DEBUG] cheese - null
[2023-10-19T10:09:58.584] [DEBUG] cheese - login => username:admin,password:123456
[2023-10-19T10:09:58.584] [DEBUG] cheese - admin
[2023-10-19T10:09:58.585] [DEBUG] cheese - null
[2023-10-19T10:09:58.585] [DEBUG] cheese - null
[2023-10-19T10:09:58.714] [DEBUG] cheese - login => username:admin,password:123456
[2023-10-19T10:09:58.714] [DEBUG] cheese - admin
[2023-10-19T10:09:58.715] [DEBUG] cheese - null
[2023-10-19T10:09:58.715] [DEBUG] cheese - null
[2023-10-19T10:09:58.824] [DEBUG] cheese - login => username:admin,password:123456
[2023-10-19T10:09:58.824] [DEBUG] cheese - admin
[2023-10-19T10:09:58.826] [DEBUG] cheese - null
[2023-10-19T10:09:58.826] [DEBUG] cheese - null
[2023-10-19T10:09:58.934] [DEBUG] cheese - login => username:admin,password:123456
[2023-10-19T10:09:58.934] [DEBUG] cheese - admin
[2023-10-19T10:09:58.935] [DEBUG] cheese - null
[2023-10-19T10:09:58.935] [DEBUG] cheese - null
[2023-10-19T10:09:59.042] [DEBUG] cheese - login => username:admin,password:123456
[2023-10-19T10:09:59.042] [DEBUG] cheese - admin
[2023-10-19T10:09:59.043] [DEBUG] cheese - null
[2023-10-19T10:09:59.043] [DEBUG] cheese - null
[2023-10-19T10:09:59.155] [DEBUG] cheese - login => username:admin,password:123456
[2023-10-19T10:09:59.155] [DEBUG] cheese - admin
[2023-10-19T10:09:59.157] [DEBUG] cheese - null
[2023-10-19T10:09:59.157] [DEBUG] cheese - null
[2023-10-19T10:09:59.272] [DEBUG] cheese - login => username:admin,password:123456
[2023-10-19T10:09:59.272] [DEBUG] cheese - admin
[2023-10-19T10:09:59.274] [DEBUG] cheese - null
[2023-10-19T10:09:59.274] [DEBUG] cheese - null
[2023-10-19T10:09:59.382] [DEBUG] cheese - login => username:admin,password:123456
[2023-10-19T10:09:59.382] [DEBUG] cheese - admin
[2023-10-19T10:09:59.383] [DEBUG] cheese - null
[2023-10-19T10:09:59.384] [DEBUG] cheese - null
[2023-10-19T10:09:59.494] [DEBUG] cheese - login => username:admin,password:123456
[2023-10-19T10:09:59.494] [DEBUG] cheese - admin
[2023-10-19T10:09:59.495] [DEBUG] cheese - null
[2023-10-19T10:09:59.495] [DEBUG] cheese - null
[2023-10-19T10:09:59.606] [DEBUG] cheese - login => username:admin,password:123456
[2023-10-19T10:09:59.606] [DEBUG] cheese - admin
[2023-10-19T10:09:59.607] [DEBUG] cheese - null
[2023-10-19T10:09:59.607] [DEBUG] cheese - null
[2023-10-19T10:09:59.717] [DEBUG] cheese - login => username:admin,password:123456
[2023-10-19T10:09:59.717] [DEBUG] cheese - admin
[2023-10-19T10:09:59.718] [DEBUG] cheese - null
[2023-10-19T10:09:59.718] [DEBUG] cheese - null
[2023-10-19T10:09:59.832] [DEBUG] cheese - login => username:admin,password:123456
[2023-10-19T10:09:59.832] [DEBUG] cheese - admin
[2023-10-19T10:09:59.833] [DEBUG] cheese - null
[2023-10-19T10:09:59.833] [DEBUG] cheese - null
[2023-10-19T10:09:59.941] [DEBUG] cheese - login => username:admin,password:123456
[2023-10-19T10:09:59.942] [DEBUG] cheese - admin
[2023-10-19T10:09:59.943] [DEBUG] cheese - null
[2023-10-19T10:09:59.944] [DEBUG] cheese - null
[2023-10-19T10:10:00.050] [DEBUG] cheese - login => username:admin,password:123456
[2023-10-19T10:10:00.050] [DEBUG] cheese - admin
[2023-10-19T10:10:00.051] [DEBUG] cheese - null
[2023-10-19T10:10:00.051] [DEBUG] cheese - null
[2023-10-19T10:10:00.167] [DEBUG] cheese - login => username:admin,password:123456
[2023-10-19T10:10:00.167] [DEBUG] cheese - admin
[2023-10-19T10:10:00.168] [DEBUG] cheese - null
[2023-10-19T10:10:00.168] [DEBUG] cheese - null
[2023-10-19T10:10:00.279] [DEBUG] cheese - login => username:admin,password:123456
[2023-10-19T10:10:00.279] [DEBUG] cheese - admin
[2023-10-19T10:10:00.281] [DEBUG] cheese - null
[2023-10-19T10:10:00.281] [DEBUG] cheese - null
[2023-10-19T10:10:00.389] [DEBUG] cheese - login => username:admin,password:123456
[2023-10-19T10:10:00.390] [DEBUG] cheese - admin
[2023-10-19T10:10:00.391] [DEBUG] cheese - null
[2023-10-19T10:10:00.391] [DEBUG] cheese - null
[2023-10-19T10:10:00.500] [DEBUG] cheese - login => username:admin,password:123456
[2023-10-19T10:10:00.500] [DEBUG] cheese - admin
[2023-10-19T10:10:00.501] [DEBUG] cheese - null
[2023-10-19T10:10:00.501] [DEBUG] cheese - null
[2023-10-19T10:10:00.612] [DEBUG] cheese - login => username:admin,password:123456
[2023-10-19T10:10:00.612] [DEBUG] cheese - admin
[2023-10-19T10:10:00.613] [DEBUG] cheese - null
[2023-10-19T10:10:00.613] [DEBUG] cheese - null
[2023-10-19T10:10:00.720] [DEBUG] cheese - login => username:admin,password:123456
[2023-10-19T10:10:00.720] [DEBUG] cheese - admin
[2023-10-19T10:10:00.722] [DEBUG] cheese - null
[2023-10-19T10:10:00.722] [DEBUG] cheese - null
[2023-10-19T10:10:00.833] [DEBUG] cheese - login => username:admin,password:123456
[2023-10-19T10:10:00.833] [DEBUG] cheese - admin
[2023-10-19T10:10:00.834] [DEBUG] cheese - null
[2023-10-19T10:10:00.834] [DEBUG] cheese - null
[2023-10-19T10:10:00.947] [DEBUG] cheese - login => username:admin,password:123456
[2023-10-19T10:10:00.947] [DEBUG] cheese - admin
[2023-10-19T10:10:00.949] [DEBUG] cheese - null
[2023-10-19T10:10:00.949] [DEBUG] cheese - null
[2023-10-19T10:10:01.107] [DEBUG] cheese - login => username:admin,password:123456
[2023-10-19T10:10:01.107] [DEBUG] cheese - admin
[2023-10-19T10:10:01.108] [DEBUG] cheese - null
[2023-10-19T10:10:01.108] [DEBUG] cheese - null
[2023-10-19T10:10:01.233] [DEBUG] cheese - login => username:admin,password:123456
[2023-10-19T10:10:01.233] [DEBUG] cheese - admin
[2023-10-19T10:10:01.234] [DEBUG] cheese - null
[2023-10-19T10:10:01.234] [DEBUG] cheese - null
[2023-10-19T10:10:01.352] [DEBUG] cheese - login => username:admin,password:123456
[2023-10-19T10:10:01.352] [DEBUG] cheese - admin
[2023-10-19T10:10:01.352] [DEBUG] cheese - null
[2023-10-19T10:10:01.352] [DEBUG] cheese - null
[2023-10-19T10:10:01.471] [DEBUG] cheese - login => username:admin,password:123456
[2023-10-19T10:10:01.471] [DEBUG] cheese - admin
[2023-10-19T10:10:01.472] [DEBUG] cheese - null
[2023-10-19T10:10:01.472] [DEBUG] cheese - null
[2023-10-19T10:10:01.589] [DEBUG] cheese - login => username:admin,password:123456
[2023-10-19T10:10:01.589] [DEBUG] cheese - admin
[2023-10-19T10:10:01.590] [DEBUG] cheese - null
[2023-10-19T10:10:01.590] [DEBUG] cheese - null
[2023-10-19T10:10:01.709] [DEBUG] cheese - login => username:admin,password:123456
[2023-10-19T10:10:01.709] [DEBUG] cheese - admin
[2023-10-19T10:10:01.710] [DEBUG] cheese - null
[2023-10-19T10:10:01.710] [DEBUG] cheese - null
[2023-10-19T10:10:01.819] [DEBUG] cheese - login => username:admin,password:123456
[2023-10-19T10:10:01.819] [DEBUG] cheese - admin
[2023-10-19T10:10:01.820] [DEBUG] cheese - null
[2023-10-19T10:10:01.820] [DEBUG] cheese - null
[2023-10-19T10:10:01.930] [DEBUG] cheese - login => username:admin,password:123456
[2023-10-19T10:10:01.930] [DEBUG] cheese - admin
[2023-10-19T10:10:01.931] [DEBUG] cheese - null
[2023-10-19T10:10:01.931] [DEBUG] cheese - null
[2023-10-19T10:10:02.039] [DEBUG] cheese - login => username:admin,password:123456
[2023-10-19T10:10:02.039] [DEBUG] cheese - admin
[2023-10-19T10:10:02.040] [DEBUG] cheese - null
[2023-10-19T10:10:02.040] [DEBUG] cheese - null
[2023-10-19T10:10:02.151] [DEBUG] cheese - login => username:admin,password:123456
[2023-10-19T10:10:02.151] [DEBUG] cheese - admin
[2023-10-19T10:10:02.152] [DEBUG] cheese - null
[2023-10-19T10:10:02.152] [DEBUG] cheese - null
[2023-10-19T10:10:02.264] [DEBUG] cheese - login => username:admin,password:123456
[2023-10-19T10:10:02.264] [DEBUG] cheese - admin
[2023-10-19T10:10:02.266] [DEBUG] cheese - null
[2023-10-19T10:10:02.266] [DEBUG] cheese - null
[2023-10-19T10:10:02.423] [DEBUG] cheese - login => username:admin,password:123456
[2023-10-19T10:10:02.423] [DEBUG] cheese - admin
[2023-10-19T10:10:02.425] [DEBUG] cheese - null
[2023-10-19T10:10:02.425] [DEBUG] cheese - null
[2023-10-19T10:10:02.594] [DEBUG] cheese - login => username:admin,password:123456
[2023-10-19T10:10:02.594] [DEBUG] cheese - admin
[2023-10-19T10:10:02.595] [DEBUG] cheese - null
[2023-10-19T10:10:02.595] [DEBUG] cheese - null
[2023-10-19T10:10:02.732] [DEBUG] cheese - login => username:admin,password:123456
[2023-10-19T10:10:02.732] [DEBUG] cheese - admin
[2023-10-19T10:10:02.734] [DEBUG] cheese - null
[2023-10-19T10:10:02.734] [DEBUG] cheese - null
[2023-10-19T10:10:02.849] [DEBUG] cheese - login => username:admin,password:123456
[2023-10-19T10:10:02.849] [DEBUG] cheese - admin
[2023-10-19T10:10:02.850] [DEBUG] cheese - null
[2023-10-19T10:10:02.850] [DEBUG] cheese - null
[2023-10-19T10:10:02.961] [DEBUG] cheese - login => username:admin,password:123456
[2023-10-19T10:10:02.961] [DEBUG] cheese - admin
[2023-10-19T10:10:02.962] [DEBUG] cheese - null
[2023-10-19T10:10:02.962] [DEBUG] cheese - null
[2023-10-19T10:10:03.072] [DEBUG] cheese - login => username:admin,password:123456
[2023-10-19T10:10:03.072] [DEBUG] cheese - admin
[2023-10-19T10:10:03.073] [DEBUG] cheese - null
[2023-10-19T10:10:03.073] [DEBUG] cheese - null
[2023-10-19T10:10:03.185] [DEBUG] cheese - login => username:admin,password:123456
[2023-10-19T10:10:03.185] [DEBUG] cheese - admin
[2023-10-19T10:10:03.186] [DEBUG] cheese - null
[2023-10-19T10:10:03.186] [DEBUG] cheese - null
[2023-10-19T10:10:03.297] [DEBUG] cheese - login => username:admin,password:123456
[2023-10-19T10:10:03.297] [DEBUG] cheese - admin
[2023-10-19T10:10:03.298] [DEBUG] cheese - null
[2023-10-19T10:10:03.298] [DEBUG] cheese - null
[2023-10-19T10:10:03.407] [DEBUG] cheese - login => username:admin,password:123456
[2023-10-19T10:10:03.407] [DEBUG] cheese - admin
[2023-10-19T10:10:03.408] [DEBUG] cheese - null
[2023-10-19T10:10:03.408] [DEBUG] cheese - null
[2023-10-19T10:10:03.517] [DEBUG] cheese - login => username:admin,password:123456
[2023-10-19T10:10:03.517] [DEBUG] cheese - admin
[2023-10-19T10:10:03.518] [DEBUG] cheese - null
[2023-10-19T10:10:03.518] [DEBUG] cheese - null
[2023-10-19T10:10:03.656] [DEBUG] cheese - login => username:admin,password:123456
[2023-10-19T10:10:03.656] [DEBUG] cheese - admin
[2023-10-19T10:10:03.657] [DEBUG] cheese - null
[2023-10-19T10:10:03.657] [DEBUG] cheese - null
[2023-10-19T10:10:03.770] [DEBUG] cheese - login => username:admin,password:123456
[2023-10-19T10:10:03.770] [DEBUG] cheese - admin
[2023-10-19T10:10:03.772] [DEBUG] cheese - null
[2023-10-19T10:10:03.772] [DEBUG] cheese - null
[2023-10-19T10:10:03.886] [DEBUG] cheese - login => username:admin,password:123456
[2023-10-19T10:10:03.886] [DEBUG] cheese - admin
[2023-10-19T10:10:03.887] [DEBUG] cheese - null
[2023-10-19T10:10:03.887] [DEBUG] cheese - null
[2023-10-19T10:10:03.997] [DEBUG] cheese - login => username:admin,password:123456
[2023-10-19T10:10:03.997] [DEBUG] cheese - admin
[2023-10-19T10:10:03.998] [DEBUG] cheese - null
[2023-10-19T10:10:03.998] [DEBUG] cheese - null
[2023-10-19T10:10:04.108] [DEBUG] cheese - login => username:admin,password:123456
[2023-10-19T10:10:04.108] [DEBUG] cheese - admin
[2023-10-19T10:10:04.109] [DEBUG] cheese - null
[2023-10-19T10:10:04.109] [DEBUG] cheese - null
[2023-10-19T10:10:04.219] [DEBUG] cheese - login => username:admin,password:123456
[2023-10-19T10:10:04.219] [DEBUG] cheese - admin
[2023-10-19T10:10:04.220] [DEBUG] cheese - null
[2023-10-19T10:10:04.220] [DEBUG] cheese - null
[2023-10-19T10:10:04.337] [DEBUG] cheese - login => username:admin,password:123456
[2023-10-19T10:10:04.338] [DEBUG] cheese - admin
[2023-10-19T10:10:04.345] [DEBUG] cheese - null
[2023-10-19T10:10:04.345] [DEBUG] cheese - null
[2023-10-19T10:10:04.456] [DEBUG] cheese - login => username:admin,password:123456
[2023-10-19T10:10:04.456] [DEBUG] cheese - admin
[2023-10-19T10:10:04.457] [DEBUG] cheese - null
[2023-10-19T10:10:04.457] [DEBUG] cheese - null
[2023-10-19T10:10:04.567] [DEBUG] cheese - login => username:admin,password:123456
[2023-10-19T10:10:04.567] [DEBUG] cheese - admin
[2023-10-19T10:10:04.568] [DEBUG] cheese - null
[2023-10-19T10:10:04.568] [DEBUG] cheese - null
[2023-10-19T10:10:04.676] [DEBUG] cheese - login => username:admin,password:123456
[2023-10-19T10:10:04.676] [DEBUG] cheese - admin
[2023-10-19T10:10:04.677] [DEBUG] cheese - null
[2023-10-19T10:10:04.677] [DEBUG] cheese - null
[2023-10-19T10:10:04.794] [DEBUG] cheese - login => username:admin,password:123456
[2023-10-19T10:10:04.794] [DEBUG] cheese - admin
[2023-10-19T10:10:04.795] [DEBUG] cheese - null
[2023-10-19T10:10:04.795] [DEBUG] cheese - null
[2023-10-19T10:10:04.911] [DEBUG] cheese - login => username:admin,password:123456
[2023-10-19T10:10:04.911] [DEBUG] cheese - admin
[2023-10-19T10:10:04.912] [DEBUG] cheese - null
[2023-10-19T10:10:04.912] [DEBUG] cheese - null
[2023-10-19T10:10:05.020] [DEBUG] cheese - login => username:admin,password:123456
[2023-10-19T10:10:05.020] [DEBUG] cheese - admin
[2023-10-19T10:10:05.021] [DEBUG] cheese - null
[2023-10-19T10:10:05.021] [DEBUG] cheese - null
[2023-10-19T10:10:05.131] [DEBUG] cheese - login => username:admin,password:123456
[2023-10-19T10:10:05.131] [DEBUG] cheese - admin
[2023-10-19T10:10:05.131] [DEBUG] cheese - null
[2023-10-19T10:10:05.131] [DEBUG] cheese - null
[2023-10-19T10:10:05.243] [DEBUG] cheese - login => username:admin,password:123456
[2023-10-19T10:10:05.243] [DEBUG] cheese - admin
[2023-10-19T10:10:05.244] [DEBUG] cheese - null
[2023-10-19T10:10:05.244] [DEBUG] cheese - null
[2023-10-19T10:10:05.356] [DEBUG] cheese - login => username:admin,password:123456
[2023-10-19T10:10:05.356] [DEBUG] cheese - admin
[2023-10-19T10:10:05.357] [DEBUG] cheese - null
[2023-10-19T10:10:05.357] [DEBUG] cheese - null
[2023-10-19T10:10:05.469] [DEBUG] cheese - login => username:admin,password:123456
[2023-10-19T10:10:05.469] [DEBUG] cheese - admin
[2023-10-19T10:10:05.470] [DEBUG] cheese - null
[2023-10-19T10:10:05.470] [DEBUG] cheese - null
[2023-10-19T10:10:05.586] [DEBUG] cheese - login => username:admin,password:123456
[2023-10-19T10:10:05.586] [DEBUG] cheese - admin
[2023-10-19T10:10:05.588] [DEBUG] cheese - null
[2023-10-19T10:10:05.588] [DEBUG] cheese - null
[2023-10-19T10:10:05.698] [DEBUG] cheese - login => username:admin,password:123456
[2023-10-19T10:10:05.698] [DEBUG] cheese - admin
[2023-10-19T10:10:05.699] [DEBUG] cheese - null
[2023-10-19T10:10:05.699] [DEBUG] cheese - null
[2023-10-19T10:10:05.809] [DEBUG] cheese - login => username:admin,password:123456
[2023-10-19T10:10:05.810] [DEBUG] cheese - admin
[2023-10-19T10:10:05.811] [DEBUG] cheese - null
[2023-10-19T10:10:05.811] [DEBUG] cheese - null
[2023-10-19T10:10:05.929] [DEBUG] cheese - login => username:admin,password:123456
[2023-10-19T10:10:05.929] [DEBUG] cheese - admin
[2023-10-19T10:10:05.933] [DEBUG] cheese - null
[2023-10-19T10:10:05.933] [DEBUG] cheese - null
[2023-10-19T10:10:06.069] [DEBUG] cheese - login => username:admin,password:123456
[2023-10-19T10:10:06.069] [DEBUG] cheese - admin
[2023-10-19T10:10:06.070] [DEBUG] cheese - null
[2023-10-19T10:10:06.070] [DEBUG] cheese - null
[2023-10-19T10:10:06.182] [DEBUG] cheese - login => username:admin,password:123456
[2023-10-19T10:10:06.182] [DEBUG] cheese - admin
[2023-10-19T10:10:06.183] [DEBUG] cheese - null
[2023-10-19T10:10:06.183] [DEBUG] cheese - null
[2023-10-19T10:10:06.300] [DEBUG] cheese - login => username:admin,password:123456
[2023-10-19T10:10:06.300] [DEBUG] cheese - admin
[2023-10-19T10:10:06.300] [DEBUG] cheese - null
[2023-10-19T10:10:06.301] [DEBUG] cheese - null
[2023-10-19T10:10:06.416] [DEBUG] cheese - login => username:admin,password:123456
[2023-10-19T10:10:06.416] [DEBUG] cheese - admin
[2023-10-19T10:10:06.417] [DEBUG] cheese - null
[2023-10-19T10:10:06.417] [DEBUG] cheese - null
[2023-10-19T10:10:06.531] [DEBUG] cheese - login => username:admin,password:123456
[2023-10-19T10:10:06.531] [DEBUG] cheese - admin
[2023-10-19T10:10:06.532] [DEBUG] cheese - null
[2023-10-19T10:10:06.532] [DEBUG] cheese - null
[2023-10-19T10:10:06.649] [DEBUG] cheese - login => username:admin,password:123456
[2023-10-19T10:10:06.649] [DEBUG] cheese - admin
[2023-10-19T10:10:06.650] [DEBUG] cheese - null
[2023-10-19T10:10:06.650] [DEBUG] cheese - null
[2023-10-19T10:10:06.760] [DEBUG] cheese - login => username:admin,password:123456
[2023-10-19T10:10:06.760] [DEBUG] cheese - admin
[2023-10-19T10:10:06.761] [DEBUG] cheese - null
[2023-10-19T10:10:06.761] [DEBUG] cheese - null
[2023-10-19T10:10:06.868] [DEBUG] cheese - login => username:admin,password:123456
[2023-10-19T10:10:06.868] [DEBUG] cheese - admin
[2023-10-19T10:10:06.868] [DEBUG] cheese - null
[2023-10-19T10:10:06.869] [DEBUG] cheese - null
[2023-10-19T10:10:06.979] [DEBUG] cheese - login => username:admin,password:123456
[2023-10-19T10:10:06.980] [DEBUG] cheese - admin
[2023-10-19T10:10:06.984] [DEBUG] cheese - null
[2023-10-19T10:10:06.984] [DEBUG] cheese - null
[2023-10-19T10:10:07.093] [DEBUG] cheese - login => username:admin,password:123456
[2023-10-19T10:10:07.093] [DEBUG] cheese - admin
[2023-10-19T10:10:07.094] [DEBUG] cheese - null
[2023-10-19T10:10:07.094] [DEBUG] cheese - null
[2023-10-19T10:10:07.218] [DEBUG] cheese - login => username:admin,password:123456
[2023-10-19T10:10:07.218] [DEBUG] cheese - admin
[2023-10-19T10:10:07.219] [DEBUG] cheese - null
[2023-10-19T10:10:07.219] [DEBUG] cheese - null
[2023-10-19T10:10:07.332] [DEBUG] cheese - login => username:admin,password:123456
[2023-10-19T10:10:07.332] [DEBUG] cheese - admin
[2023-10-19T10:10:07.333] [DEBUG] cheese - null
[2023-10-19T10:10:07.333] [DEBUG] cheese - null
[2023-10-19T10:10:07.441] [DEBUG] cheese - login => username:admin,password:123456
[2023-10-19T10:10:07.442] [DEBUG] cheese - admin
[2023-10-19T10:10:07.443] [DEBUG] cheese - null
[2023-10-19T10:10:07.443] [DEBUG] cheese - null
[2023-10-19T10:10:07.556] [DEBUG] cheese - login => username:admin,password:123456
[2023-10-19T10:10:07.556] [DEBUG] cheese - admin
[2023-10-19T10:10:07.559] [DEBUG] cheese - null
[2023-10-19T10:10:07.559] [DEBUG] cheese - null
[2023-10-19T10:10:07.694] [DEBUG] cheese - login => username:admin,password:123456
[2023-10-19T10:10:07.694] [DEBUG] cheese - admin
[2023-10-19T10:10:07.695] [DEBUG] cheese - null
[2023-10-19T10:10:07.695] [DEBUG] cheese - null
[2023-10-19T10:10:07.832] [DEBUG] cheese - login => username:admin,password:123456
[2023-10-19T10:10:07.832] [DEBUG] cheese - admin
[2023-10-19T10:10:07.836] [DEBUG] cheese - null
[2023-10-19T10:10:07.836] [DEBUG] cheese - null
[2023-10-19T10:10:07.991] [DEBUG] cheese - login => username:admin,password:123456
[2023-10-19T10:10:07.991] [DEBUG] cheese - admin
[2023-10-19T10:10:07.993] [DEBUG] cheese - null
[2023-10-19T10:10:07.994] [DEBUG] cheese - null
[2023-10-19T10:10:08.114] [DEBUG] cheese - login => username:admin,password:123456
[2023-10-19T10:10:08.114] [DEBUG] cheese - admin
[2023-10-19T10:10:08.115] [DEBUG] cheese - null
[2023-10-19T10:10:08.115] [DEBUG] cheese - null
[2023-10-19T10:10:08.223] [DEBUG] cheese - login => username:admin,password:123456
[2023-10-19T10:10:08.223] [DEBUG] cheese - admin
[2023-10-19T10:10:08.224] [DEBUG] cheese - null
[2023-10-19T10:10:08.224] [DEBUG] cheese - null
[2023-10-19T10:10:08.336] [DEBUG] cheese - login => username:admin,password:123456
[2023-10-19T10:10:08.336] [DEBUG] cheese - admin
[2023-10-19T10:10:08.338] [DEBUG] cheese - null
[2023-10-19T10:10:08.338] [DEBUG] cheese - null
[2023-10-19T10:10:08.449] [DEBUG] cheese - login => username:admin,password:123456
[2023-10-19T10:10:08.449] [DEBUG] cheese - admin
[2023-10-19T10:10:08.450] [DEBUG] cheese - null
[2023-10-19T10:10:08.450] [DEBUG] cheese - null
[2023-10-19T10:10:08.563] [DEBUG] cheese - login => username:admin,password:123456
[2023-10-19T10:10:08.563] [DEBUG] cheese - admin
[2023-10-19T10:10:08.565] [DEBUG] cheese - null
[2023-10-19T10:10:08.565] [DEBUG] cheese - null
[2023-10-19T10:10:08.711] [DEBUG] cheese - login => username:admin,password:123456
[2023-10-19T10:10:08.711] [DEBUG] cheese - admin
[2023-10-19T10:10:08.712] [DEBUG] cheese - null
[2023-10-19T10:10:08.713] [DEBUG] cheese - null
[2023-10-19T10:10:08.822] [DEBUG] cheese - login => username:admin,password:123456
[2023-10-19T10:10:08.822] [DEBUG] cheese - admin
[2023-10-19T10:10:08.823] [DEBUG] cheese - null
[2023-10-19T10:10:08.823] [DEBUG] cheese - null
[2023-10-19T10:10:08.985] [DEBUG] cheese - login => username:admin,password:123456
[2023-10-19T10:10:08.987] [DEBUG] cheese - admin
[2023-10-19T10:10:08.995] [DEBUG] cheese - null
[2023-10-19T10:10:08.995] [DEBUG] cheese - null
[2023-10-19T10:10:09.148] [DEBUG] cheese - login => username:admin,password:123456
[2023-10-19T10:10:09.148] [DEBUG] cheese - admin
[2023-10-19T10:10:09.150] [DEBUG] cheese - null
[2023-10-19T10:10:09.150] [DEBUG] cheese - null
[2023-10-19T10:10:09.338] [DEBUG] cheese - login => username:admin,password:123456
[2023-10-19T10:10:09.338] [DEBUG] cheese - admin
[2023-10-19T10:10:09.342] [DEBUG] cheese - null
[2023-10-19T10:10:09.342] [DEBUG] cheese - null
[2023-10-19T10:10:09.465] [DEBUG] cheese - login => username:admin,password:123456
[2023-10-19T10:10:09.465] [DEBUG] cheese - admin
[2023-10-19T10:10:09.466] [DEBUG] cheese - null
[2023-10-19T10:10:09.466] [DEBUG] cheese - null
[2023-10-19T10:10:09.578] [DEBUG] cheese - login => username:admin,password:123456
[2023-10-19T10:10:09.578] [DEBUG] cheese - admin
[2023-10-19T10:10:09.579] [DEBUG] cheese - null
[2023-10-19T10:10:09.579] [DEBUG] cheese - null
[2023-10-19T10:10:09.687] [DEBUG] cheese - login => username:admin,password:123456
[2023-10-19T10:10:09.687] [DEBUG] cheese - admin
[2023-10-19T10:10:09.688] [DEBUG] cheese - null
[2023-10-19T10:10:09.688] [DEBUG] cheese - null
[2023-10-19T10:10:09.797] [DEBUG] cheese - login => username:admin,password:123456
[2023-10-19T10:10:09.797] [DEBUG] cheese - admin
[2023-10-19T10:10:09.798] [DEBUG] cheese - null
[2023-10-19T10:10:09.798] [DEBUG] cheese - null
[2023-10-19T10:10:09.909] [DEBUG] cheese - login => username:admin,password:123456
[2023-10-19T10:10:09.909] [DEBUG] cheese - admin
[2023-10-19T10:10:09.911] [DEBUG] cheese - null
[2023-10-19T10:10:09.911] [DEBUG] cheese - null
[2023-10-19T10:10:10.039] [DEBUG] cheese - login => username:admin,password:123456
[2023-10-19T10:10:10.039] [DEBUG] cheese - admin
[2023-10-19T10:10:10.040] [DEBUG] cheese - null
[2023-10-19T10:10:10.040] [DEBUG] cheese - null
[2023-10-19T10:10:10.154] [DEBUG] cheese - login => username:admin,password:123456
[2023-10-19T10:10:10.154] [DEBUG] cheese - admin
[2023-10-19T10:10:10.156] [DEBUG] cheese - null
[2023-10-19T10:10:10.156] [DEBUG] cheese - null
[2023-10-19T10:10:10.268] [DEBUG] cheese - login => username:admin,password:123456
[2023-10-19T10:10:10.268] [DEBUG] cheese - admin
[2023-10-19T10:10:10.269] [DEBUG] cheese - null
[2023-10-19T10:10:10.269] [DEBUG] cheese - null
[2023-10-19T10:10:10.399] [DEBUG] cheese - login => username:admin,password:123456
[2023-10-19T10:10:10.399] [DEBUG] cheese - admin
[2023-10-19T10:10:10.401] [DEBUG] cheese - null
[2023-10-19T10:10:10.401] [DEBUG] cheese - null
[2023-10-19T10:10:10.532] [DEBUG] cheese - login => username:admin,password:123456
[2023-10-19T10:10:10.532] [DEBUG] cheese - admin
[2023-10-19T10:10:10.533] [DEBUG] cheese - null
[2023-10-19T10:10:10.533] [DEBUG] cheese - null
[2023-10-19T10:10:10.650] [DEBUG] cheese - login => username:admin,password:123456
[2023-10-19T10:10:10.650] [DEBUG] cheese - admin
[2023-10-19T10:10:10.651] [DEBUG] cheese - null
[2023-10-19T10:10:10.651] [DEBUG] cheese - null
[2023-10-19T10:10:10.763] [DEBUG] cheese - login => username:admin,password:123456
[2023-10-19T10:10:10.763] [DEBUG] cheese - admin
[2023-10-19T10:10:10.764] [DEBUG] cheese - null
[2023-10-19T10:10:10.764] [DEBUG] cheese - null
[2023-10-19T10:10:10.874] [DEBUG] cheese - login => username:admin,password:123456
[2023-10-19T10:10:10.874] [DEBUG] cheese - admin
[2023-10-19T10:10:10.875] [DEBUG] cheese - null
[2023-10-19T10:10:10.875] [DEBUG] cheese - null
[2023-10-19T10:10:10.987] [DEBUG] cheese - login => username:admin,password:123456
[2023-10-19T10:10:10.987] [DEBUG] cheese - admin
[2023-10-19T10:10:10.988] [DEBUG] cheese - null
[2023-10-19T10:10:10.988] [DEBUG] cheese - null
[2023-10-19T10:10:11.097] [DEBUG] cheese - login => username:admin,password:123456
[2023-10-19T10:10:11.097] [DEBUG] cheese - admin
[2023-10-19T10:10:11.098] [DEBUG] cheese - null
[2023-10-19T10:10:11.098] [DEBUG] cheese - null
[2023-10-19T10:10:11.209] [DEBUG] cheese - login => username:admin,password:123456
[2023-10-19T10:10:11.209] [DEBUG] cheese - admin
[2023-10-19T10:10:11.210] [DEBUG] cheese - null
[2023-10-19T10:10:11.210] [DEBUG] cheese - null
[2023-10-19T10:10:11.329] [DEBUG] cheese - login => username:admin,password:123456
[2023-10-19T10:10:11.329] [DEBUG] cheese - admin
[2023-10-19T10:10:11.331] [DEBUG] cheese - null
[2023-10-19T10:10:11.331] [DEBUG] cheese - null
[2023-10-19T10:10:11.484] [DEBUG] cheese - login => username:admin,password:123456
[2023-10-19T10:10:11.484] [DEBUG] cheese - admin
[2023-10-19T10:10:11.485] [DEBUG] cheese - null
[2023-10-19T10:10:11.485] [DEBUG] cheese - null
[2023-10-19T10:10:11.601] [DEBUG] cheese - login => username:admin,password:123456
[2023-10-19T10:10:11.601] [DEBUG] cheese - admin
[2023-10-19T10:10:11.602] [DEBUG] cheese - null
[2023-10-19T10:10:11.602] [DEBUG] cheese - null
[2023-10-19T10:10:11.712] [DEBUG] cheese - login => username:admin,password:123456
[2023-10-19T10:10:11.712] [DEBUG] cheese - admin
[2023-10-19T10:10:11.713] [DEBUG] cheese - null
[2023-10-19T10:10:11.713] [DEBUG] cheese - null
[2023-10-19T10:10:11.822] [DEBUG] cheese - login => username:admin,password:123456
[2023-10-19T10:10:11.822] [DEBUG] cheese - admin
[2023-10-19T10:10:11.823] [DEBUG] cheese - null
[2023-10-19T10:10:11.823] [DEBUG] cheese - null
[2023-10-19T10:10:11.931] [DEBUG] cheese - login => username:admin,password:123456
[2023-10-19T10:10:11.931] [DEBUG] cheese - admin
[2023-10-19T10:10:11.939] [DEBUG] cheese - null
[2023-10-19T10:10:11.939] [DEBUG] cheese - null
[2023-10-19T10:10:12.050] [DEBUG] cheese - login => username:admin,password:123456
[2023-10-19T10:10:12.050] [DEBUG] cheese - admin
[2023-10-19T10:10:12.052] [DEBUG] cheese - null
[2023-10-19T10:10:12.052] [DEBUG] cheese - null
[2023-10-19T10:10:12.170] [DEBUG] cheese - login => username:admin,password:123456
[2023-10-19T10:10:12.170] [DEBUG] cheese - admin
[2023-10-19T10:10:12.174] [DEBUG] cheese - null
[2023-10-19T10:10:12.174] [DEBUG] cheese - null
[2023-10-19T10:10:12.285] [DEBUG] cheese - login => username:admin,password:123456
[2023-10-19T10:10:12.285] [DEBUG] cheese - admin
[2023-10-19T10:10:12.286] [DEBUG] cheese - null
[2023-10-19T10:10:12.286] [DEBUG] cheese - null
[2023-10-19T10:10:12.395] [DEBUG] cheese - login => username:admin,password:123456
[2023-10-19T10:10:12.395] [DEBUG] cheese - admin
[2023-10-19T10:10:12.396] [DEBUG] cheese - null
[2023-10-19T10:10:12.396] [DEBUG] cheese - null
[2023-10-19T10:10:12.519] [DEBUG] cheese - login => username:admin,password:123456
[2023-10-19T10:10:12.519] [DEBUG] cheese - admin
[2023-10-19T10:10:12.520] [DEBUG] cheese - null
[2023-10-19T10:10:12.520] [DEBUG] cheese - null
[2023-10-19T10:10:12.634] [DEBUG] cheese - login => username:admin,password:123456
[2023-10-19T10:10:12.634] [DEBUG] cheese - admin
[2023-10-19T10:10:12.635] [DEBUG] cheese - null
[2023-10-19T10:10:12.635] [DEBUG] cheese - null
[2023-10-19T10:10:12.761] [DEBUG] cheese - login => username:admin,password:123456
[2023-10-19T10:10:12.761] [DEBUG] cheese - admin
[2023-10-19T10:10:12.762] [DEBUG] cheese - null
[2023-10-19T10:10:12.762] [DEBUG] cheese - null
[2023-10-19T10:10:12.875] [DEBUG] cheese - login => username:admin,password:123456
[2023-10-19T10:10:12.875] [DEBUG] cheese - admin
[2023-10-19T10:10:12.876] [DEBUG] cheese - null
[2023-10-19T10:10:12.876] [DEBUG] cheese - null
[2023-10-19T10:10:12.991] [DEBUG] cheese - login => username:admin,password:123456
[2023-10-19T10:10:12.991] [DEBUG] cheese - admin
[2023-10-19T10:10:12.993] [DEBUG] cheese - null
[2023-10-19T10:10:12.993] [DEBUG] cheese - null
[2023-10-19T10:10:13.102] [DEBUG] cheese - login => username:admin,password:123456
[2023-10-19T10:10:13.102] [DEBUG] cheese - admin
[2023-10-19T10:10:13.103] [DEBUG] cheese - null
[2023-10-19T10:10:13.103] [DEBUG] cheese - null
[2023-10-19T10:10:13.221] [DEBUG] cheese - login => username:admin,password:123456
[2023-10-19T10:10:13.221] [DEBUG] cheese - admin
[2023-10-19T10:10:13.222] [DEBUG] cheese - null
[2023-10-19T10:10:13.222] [DEBUG] cheese - null
[2023-10-19T10:10:13.333] [DEBUG] cheese - login => username:admin,password:123456
[2023-10-19T10:10:13.333] [DEBUG] cheese - admin
[2023-10-19T10:10:13.334] [DEBUG] cheese - null
[2023-10-19T10:10:13.334] [DEBUG] cheese - null
[2023-10-19T10:10:13.466] [DEBUG] cheese - login => username:admin,password:123456
[2023-10-19T10:10:13.466] [DEBUG] cheese - admin
[2023-10-19T10:10:13.467] [DEBUG] cheese - null
[2023-10-19T10:10:13.467] [DEBUG] cheese - null
[2023-10-19T10:10:13.583] [DEBUG] cheese - login => username:admin,password:123456
[2023-10-19T10:10:13.583] [DEBUG] cheese - admin
[2023-10-19T10:10:13.584] [DEBUG] cheese - null
[2023-10-19T10:10:13.584] [DEBUG] cheese - null
[2023-10-19T10:10:13.714] [DEBUG] cheese - login => username:admin,password:123456
[2023-10-19T10:10:13.714] [DEBUG] cheese - admin
[2023-10-19T10:10:13.716] [DEBUG] cheese - null
[2023-10-19T10:10:13.716] [DEBUG] cheese - null
[2023-10-19T10:10:13.833] [DEBUG] cheese - login => username:admin,password:123456
[2023-10-19T10:10:13.833] [DEBUG] cheese - admin
[2023-10-19T10:10:13.836] [DEBUG] cheese - null
[2023-10-19T10:10:13.836] [DEBUG] cheese - null
[2023-10-19T10:10:14.125] [DEBUG] cheese - login => username:admin,password:123456
[2023-10-19T10:10:14.125] [DEBUG] cheese - admin
[2023-10-19T10:10:14.127] [DEBUG] cheese - null
[2023-10-19T10:10:14.128] [DEBUG] cheese - null
[2023-10-19T10:10:14.325] [DEBUG] cheese - login => username:admin,password:123456
[2023-10-19T10:10:14.325] [DEBUG] cheese - admin
[2023-10-19T10:10:14.326] [DEBUG] cheese - null
[2023-10-19T10:10:14.326] [DEBUG] cheese - null
[2023-10-19T10:10:14.486] [DEBUG] cheese - login => username:admin,password:123456
[2023-10-19T10:10:14.486] [DEBUG] cheese - admin
[2023-10-19T10:10:14.487] [DEBUG] cheese - null
[2023-10-19T10:10:14.488] [DEBUG] cheese - null
[2023-10-19T10:10:14.666] [DEBUG] cheese - login => username:admin,password:123456
[2023-10-19T10:10:14.666] [DEBUG] cheese - admin
[2023-10-19T10:10:14.667] [DEBUG] cheese - null
[2023-10-19T10:10:14.667] [DEBUG] cheese - null
[2023-10-19T10:10:14.830] [DEBUG] cheese - login => username:admin,password:123456
[2023-10-19T10:10:14.830] [DEBUG] cheese - admin
[2023-10-19T10:10:14.831] [DEBUG] cheese - null
[2023-10-19T10:10:14.831] [DEBUG] cheese - null
[2023-10-19T10:10:15.023] [DEBUG] cheese - login => username:admin,password:123456
[2023-10-19T10:10:15.023] [DEBUG] cheese - admin
[2023-10-19T10:10:15.025] [DEBUG] cheese - null
[2023-10-19T10:10:15.025] [DEBUG] cheese - null
[2023-10-19T10:10:15.170] [DEBUG] cheese - login => username:admin,password:123456
[2023-10-19T10:10:15.170] [DEBUG] cheese - admin
[2023-10-19T10:10:15.173] [DEBUG] cheese - null
[2023-10-19T10:10:15.173] [DEBUG] cheese - null
[2023-10-19T10:10:15.420] [DEBUG] cheese - login => username:admin,password:123456
[2023-10-19T10:10:15.420] [DEBUG] cheese - admin
[2023-10-19T10:10:15.422] [DEBUG] cheese - null
[2023-10-19T10:10:15.422] [DEBUG] cheese - null
[2023-10-19T10:10:15.586] [DEBUG] cheese - login => username:admin,password:123456
[2023-10-19T10:10:15.586] [DEBUG] cheese - admin
[2023-10-19T10:10:15.587] [DEBUG] cheese - null
[2023-10-19T10:10:15.587] [DEBUG] cheese - null
[2023-10-19T10:10:15.765] [DEBUG] cheese - login => username:admin,password:123456
[2023-10-19T10:10:15.765] [DEBUG] cheese - admin
[2023-10-19T10:10:15.768] [DEBUG] cheese - null
[2023-10-19T10:10:15.768] [DEBUG] cheese - null
[2023-10-19T10:10:15.905] [DEBUG] cheese - login => username:admin,password:123456
[2023-10-19T10:10:15.905] [DEBUG] cheese - admin
[2023-10-19T10:10:15.907] [DEBUG] cheese - null
[2023-10-19T10:10:15.907] [DEBUG] cheese - null
[2023-10-19T10:10:16.051] [DEBUG] cheese - login => username:admin,password:123456
[2023-10-19T10:10:16.051] [DEBUG] cheese - admin
[2023-10-19T10:10:16.053] [DEBUG] cheese - null
[2023-10-19T10:10:16.053] [DEBUG] cheese - null
[2023-10-19T10:10:16.186] [DEBUG] cheese - login => username:admin,password:123456
[2023-10-19T10:10:16.186] [DEBUG] cheese - admin
[2023-10-19T10:10:16.188] [DEBUG] cheese - null
[2023-10-19T10:10:16.188] [DEBUG] cheese - null
[2023-10-19T10:10:16.308] [DEBUG] cheese - login => username:admin,password:123456
[2023-10-19T10:10:16.308] [DEBUG] cheese - admin
[2023-10-19T10:10:16.310] [DEBUG] cheese - null
[2023-10-19T10:10:16.310] [DEBUG] cheese - null
[2023-10-19T10:10:16.445] [DEBUG] cheese - login => username:admin,password:123456
[2023-10-19T10:10:16.445] [DEBUG] cheese - admin
[2023-10-19T10:10:16.448] [DEBUG] cheese - null
[2023-10-19T10:10:16.448] [DEBUG] cheese - null
[2023-10-19T10:10:16.618] [DEBUG] cheese - login => username:admin,password:123456
[2023-10-19T10:10:16.618] [DEBUG] cheese - admin
[2023-10-19T10:10:16.624] [DEBUG] cheese - null
[2023-10-19T10:10:16.624] [DEBUG] cheese - null
[2023-10-19T10:10:16.742] [DEBUG] cheese - login => username:admin,password:123456
[2023-10-19T10:10:16.742] [DEBUG] cheese - admin
[2023-10-19T10:10:16.744] [DEBUG] cheese - null
[2023-10-19T10:10:16.744] [DEBUG] cheese - null
[2023-10-19T10:10:16.944] [DEBUG] cheese - login => username:admin,password:123456
[2023-10-19T10:10:16.944] [DEBUG] cheese - admin
[2023-10-19T10:10:16.950] [DEBUG] cheese - null
[2023-10-19T10:10:16.951] [DEBUG] cheese - null
[2023-10-19T10:10:17.092] [DEBUG] cheese - login => username:admin,password:123456
[2023-10-19T10:10:17.092] [DEBUG] cheese - admin
[2023-10-19T10:10:17.094] [DEBUG] cheese - null
[2023-10-19T10:10:17.094] [DEBUG] cheese - null
[2023-10-19T10:10:17.230] [DEBUG] cheese - login => username:admin,password:123456
[2023-10-19T10:10:17.230] [DEBUG] cheese - admin
[2023-10-19T10:10:17.234] [DEBUG] cheese - null
[2023-10-19T10:10:17.235] [DEBUG] cheese - null
[2023-10-19T10:10:17.350] [DEBUG] cheese - login => username:admin,password:123456
[2023-10-19T10:10:17.350] [DEBUG] cheese - admin
[2023-10-19T10:10:17.351] [DEBUG] cheese - null
[2023-10-19T10:10:17.351] [DEBUG] cheese - null
[2023-10-19T10:10:17.430] [DEBUG] cheese - login => username:admin,password:123456
[2023-10-19T10:10:17.430] [DEBUG] cheese - admin
[2023-10-19T10:10:17.431] [DEBUG] cheese - null
[2023-10-19T10:10:17.431] [DEBUG] cheese - null
[2023-10-19T10:10:17.507] [DEBUG] cheese - login => username:admin,password:123456
[2023-10-19T10:10:17.507] [DEBUG] cheese - admin
[2023-10-19T10:10:17.509] [DEBUG] cheese - null
[2023-10-19T10:10:17.509] [DEBUG] cheese - null
[2023-10-19T10:10:17.586] [DEBUG] cheese - login => username:admin,password:123456
[2023-10-19T10:10:17.586] [DEBUG] cheese - admin
[2023-10-19T10:10:17.586] [DEBUG] cheese - null
[2023-10-19T10:10:17.586] [DEBUG] cheese - null
[2023-10-19T10:10:17.667] [DEBUG] cheese - login => username:admin,password:123456
[2023-10-19T10:10:17.667] [DEBUG] cheese - admin
[2023-10-19T10:10:17.668] [DEBUG] cheese - null
[2023-10-19T10:10:17.668] [DEBUG] cheese - null
[2023-10-19T10:10:17.749] [DEBUG] cheese - login => username:admin,password:123456
[2023-10-19T10:10:17.749] [DEBUG] cheese - admin
[2023-10-19T10:10:17.750] [DEBUG] cheese - null
[2023-10-19T10:10:17.750] [DEBUG] cheese - null
[2023-10-19T10:10:17.827] [DEBUG] cheese - login => username:admin,password:123456
[2023-10-19T10:10:17.827] [DEBUG] cheese - admin
[2023-10-19T10:10:17.828] [DEBUG] cheese - null
[2023-10-19T10:10:17.828] [DEBUG] cheese - null
[2023-10-19T10:10:17.909] [DEBUG] cheese - login => username:admin,password:123456
[2023-10-19T10:10:17.909] [DEBUG] cheese - admin
[2023-10-19T10:10:17.910] [DEBUG] cheese - null
[2023-10-19T10:10:17.910] [DEBUG] cheese - null
[2023-10-19T10:10:18.023] [DEBUG] cheese - login => username:admin,password:123456
[2023-10-19T10:10:18.023] [DEBUG] cheese - admin
[2023-10-19T10:10:18.024] [DEBUG] cheese - null
[2023-10-19T10:10:18.024] [DEBUG] cheese - null
[2023-10-19T10:10:18.102] [DEBUG] cheese - login => username:admin,password:123456
[2023-10-19T10:10:18.102] [DEBUG] cheese - admin
[2023-10-19T10:10:18.103] [DEBUG] cheese - null
[2023-10-19T10:10:18.103] [DEBUG] cheese - null
[2023-10-19T10:10:18.179] [DEBUG] cheese - login => username:admin,password:123456
[2023-10-19T10:10:18.179] [DEBUG] cheese - admin
[2023-10-19T10:10:18.180] [DEBUG] cheese - null
[2023-10-19T10:10:18.180] [DEBUG] cheese - null
[2023-10-19T10:10:18.256] [DEBUG] cheese - login => username:admin,password:123456
[2023-10-19T10:10:18.256] [DEBUG] cheese - admin
[2023-10-19T10:10:18.258] [DEBUG] cheese - null
[2023-10-19T10:10:18.259] [DEBUG] cheese - null
[2023-10-19T10:10:18.336] [DEBUG] cheese - login => username:admin,password:123456
[2023-10-19T10:10:18.336] [DEBUG] cheese - admin
[2023-10-19T10:10:18.337] [DEBUG] cheese - null
[2023-10-19T10:10:18.337] [DEBUG] cheese - null
[2023-10-19T10:10:18.419] [DEBUG] cheese - login => username:admin,password:123456
[2023-10-19T10:10:18.419] [DEBUG] cheese - admin
[2023-10-19T10:10:18.420] [DEBUG] cheese - null
[2023-10-19T10:10:18.420] [DEBUG] cheese - null
[2023-10-19T10:10:18.495] [DEBUG] cheese - login => username:admin,password:123456
[2023-10-19T10:10:18.495] [DEBUG] cheese - admin
[2023-10-19T10:10:18.496] [DEBUG] cheese - null
[2023-10-19T10:10:18.496] [DEBUG] cheese - null
[2023-10-19T10:10:18.660] [DEBUG] cheese - login => username:admin,password:123456
[2023-10-19T10:10:18.660] [DEBUG] cheese - admin
[2023-10-19T10:10:18.662] [DEBUG] cheese - null
[2023-10-19T10:10:18.662] [DEBUG] cheese - null
[2023-10-19T10:10:18.739] [DEBUG] cheese - login => username:admin,password:123456
[2023-10-19T10:10:18.739] [DEBUG] cheese - admin
[2023-10-19T10:10:18.740] [DEBUG] cheese - null
[2023-10-19T10:10:18.740] [DEBUG] cheese - null
[2023-10-19T10:10:18.820] [DEBUG] cheese - login => username:admin,password:123456
[2023-10-19T10:10:18.820] [DEBUG] cheese - admin
[2023-10-19T10:10:18.821] [DEBUG] cheese - null
[2023-10-19T10:10:18.821] [DEBUG] cheese - null
[2023-10-19T10:10:18.902] [DEBUG] cheese - login => username:admin,password:123456
[2023-10-19T10:10:18.902] [DEBUG] cheese - admin
[2023-10-19T10:10:18.905] [DEBUG] cheese - null
[2023-10-19T10:10:18.905] [DEBUG] cheese - null
[2023-10-19T10:10:18.983] [DEBUG] cheese - login => username:admin,password:123456
[2023-10-19T10:10:18.983] [DEBUG] cheese - admin
[2023-10-19T10:10:18.990] [DEBUG] cheese - null
[2023-10-19T10:10:18.990] [DEBUG] cheese - null
[2023-10-19T10:10:19.063] [DEBUG] cheese - login => username:admin,password:123456
[2023-10-19T10:10:19.063] [DEBUG] cheese - admin
[2023-10-19T10:10:19.064] [DEBUG] cheese - null
[2023-10-19T10:10:19.064] [DEBUG] cheese - null
[2023-10-19T10:10:19.150] [DEBUG] cheese - login => username:admin,password:123456
[2023-10-19T10:10:19.150] [DEBUG] cheese - admin
[2023-10-19T10:10:19.151] [DEBUG] cheese - null
[2023-10-19T10:10:19.151] [DEBUG] cheese - null
[2023-10-19T10:10:19.239] [DEBUG] cheese - login => username:admin,password:123456
[2023-10-19T10:10:19.239] [DEBUG] cheese - admin
[2023-10-19T10:10:19.240] [DEBUG] cheese - null
[2023-10-19T10:10:19.240] [DEBUG] cheese - null
[2023-10-19T10:10:19.317] [DEBUG] cheese - login => username:admin,password:123456
[2023-10-19T10:10:19.317] [DEBUG] cheese - admin
[2023-10-19T10:10:19.319] [DEBUG] cheese - null
[2023-10-19T10:10:19.319] [DEBUG] cheese - null
[2023-10-19T10:10:19.396] [DEBUG] cheese - login => username:admin,password:123456
[2023-10-19T10:10:19.396] [DEBUG] cheese - admin
[2023-10-19T10:10:19.398] [DEBUG] cheese - null
[2023-10-19T10:10:19.398] [DEBUG] cheese - null
[2023-10-19T10:10:19.475] [DEBUG] cheese - login => username:admin,password:123456
[2023-10-19T10:10:19.475] [DEBUG] cheese - admin
[2023-10-19T10:10:19.476] [DEBUG] cheese - null
[2023-10-19T10:10:19.476] [DEBUG] cheese - null
[2023-10-19T10:10:19.552] [DEBUG] cheese - login => username:admin,password:123456
[2023-10-19T10:10:19.552] [DEBUG] cheese - admin
[2023-10-19T10:10:19.553] [DEBUG] cheese - null
[2023-10-19T10:10:19.553] [DEBUG] cheese - null
[2023-10-19T10:10:19.633] [DEBUG] cheese - login => username:admin,password:123456
[2023-10-19T10:10:19.633] [DEBUG] cheese - admin
[2023-10-19T10:10:19.635] [DEBUG] cheese - null
[2023-10-19T10:10:19.635] [DEBUG] cheese - null
[2023-10-19T10:10:19.712] [DEBUG] cheese - login => username:admin,password:123456
[2023-10-19T10:10:19.712] [DEBUG] cheese - admin
[2023-10-19T10:10:19.713] [DEBUG] cheese - null
[2023-10-19T10:10:19.713] [DEBUG] cheese - null
[2023-10-19T10:10:19.790] [DEBUG] cheese - login => username:admin,password:123456
[2023-10-19T10:10:19.790] [DEBUG] cheese - admin
[2023-10-19T10:10:19.791] [DEBUG] cheese - null
[2023-10-19T10:10:19.791] [DEBUG] cheese - null
[2023-10-19T10:10:19.897] [DEBUG] cheese - login => username:admin,password:123456
[2023-10-19T10:10:19.898] [DEBUG] cheese - admin
[2023-10-19T10:10:19.899] [DEBUG] cheese - null
[2023-10-19T10:10:19.899] [DEBUG] cheese - null
[2023-10-19T10:10:19.978] [DEBUG] cheese - login => username:admin,password:123456
[2023-10-19T10:10:19.978] [DEBUG] cheese - admin
[2023-10-19T10:10:19.979] [DEBUG] cheese - null
[2023-10-19T10:10:19.979] [DEBUG] cheese - null
[2023-10-19T10:10:20.056] [DEBUG] cheese - login => username:admin,password:123456
[2023-10-19T10:10:20.056] [DEBUG] cheese - admin
[2023-10-19T10:10:20.064] [DEBUG] cheese - null
[2023-10-19T10:10:20.064] [DEBUG] cheese - null
[2023-10-19T10:10:20.140] [DEBUG] cheese - login => username:admin,password:123456
[2023-10-19T10:10:20.140] [DEBUG] cheese - admin
[2023-10-19T10:10:20.141] [DEBUG] cheese - null
[2023-10-19T10:10:20.141] [DEBUG] cheese - null
[2023-10-19T10:10:20.219] [DEBUG] cheese - login => username:admin,password:123456
[2023-10-19T10:10:20.219] [DEBUG] cheese - admin
[2023-10-19T10:10:20.220] [DEBUG] cheese - null
[2023-10-19T10:10:20.220] [DEBUG] cheese - null
[2023-10-19T10:10:20.299] [DEBUG] cheese - login => username:admin,password:123456
[2023-10-19T10:10:20.299] [DEBUG] cheese - admin
[2023-10-19T10:10:20.300] [DEBUG] cheese - null
[2023-10-19T10:10:20.300] [DEBUG] cheese - null
[2023-10-19T10:10:20.375] [DEBUG] cheese - login => username:admin,password:123456
[2023-10-19T10:10:20.375] [DEBUG] cheese - admin
[2023-10-19T10:10:20.377] [DEBUG] cheese - null
[2023-10-19T10:10:20.377] [DEBUG] cheese - null
[2023-10-19T10:10:20.452] [DEBUG] cheese - login => username:admin,password:123456
[2023-10-19T10:10:20.453] [DEBUG] cheese - admin
[2023-10-19T10:10:20.453] [DEBUG] cheese - null
[2023-10-19T10:10:20.453] [DEBUG] cheese - null
[2023-10-19T10:10:20.532] [DEBUG] cheese - login => username:admin,password:123456
[2023-10-19T10:10:20.532] [DEBUG] cheese - admin
[2023-10-19T10:10:20.533] [DEBUG] cheese - null
[2023-10-19T10:10:20.533] [DEBUG] cheese - null
[2023-10-19T10:10:20.609] [DEBUG] cheese - login => username:admin,password:123456
[2023-10-19T10:10:20.609] [DEBUG] cheese - admin
[2023-10-19T10:10:20.610] [DEBUG] cheese - null
[2023-10-19T10:10:20.610] [DEBUG] cheese - null
[2023-10-19T10:10:20.700] [DEBUG] cheese - login => username:admin,password:123456
[2023-10-19T10:10:20.700] [DEBUG] cheese - admin
[2023-10-19T10:10:20.701] [DEBUG] cheese - null
[2023-10-19T10:10:20.701] [DEBUG] cheese - null
[2023-10-19T10:10:20.779] [DEBUG] cheese - login => username:admin,password:123456
[2023-10-19T10:10:20.779] [DEBUG] cheese - admin
[2023-10-19T10:10:20.781] [DEBUG] cheese - null
[2023-10-19T10:10:20.781] [DEBUG] cheese - null
[2023-10-19T10:10:20.862] [DEBUG] cheese - login => username:admin,password:123456
[2023-10-19T10:10:20.862] [DEBUG] cheese - admin
[2023-10-19T10:10:20.863] [DEBUG] cheese - null
[2023-10-19T10:10:20.863] [DEBUG] cheese - null
[2023-10-19T10:10:20.943] [DEBUG] cheese - login => username:admin,password:123456
[2023-10-19T10:10:20.943] [DEBUG] cheese - admin
[2023-10-19T10:10:20.945] [DEBUG] cheese - null
[2023-10-19T10:10:20.945] [DEBUG] cheese - null
[2023-10-19T10:10:21.062] [DEBUG] cheese - login => username:admin,password:123456
[2023-10-19T10:10:21.062] [DEBUG] cheese - admin
[2023-10-19T10:10:21.064] [DEBUG] cheese - null
[2023-10-19T10:10:21.064] [DEBUG] cheese - null
[2023-10-19T10:10:21.144] [DEBUG] cheese - login => username:admin,password:123456
[2023-10-19T10:10:21.144] [DEBUG] cheese - admin
[2023-10-19T10:10:21.145] [DEBUG] cheese - null
[2023-10-19T10:10:21.145] [DEBUG] cheese - null
[2023-10-19T10:10:21.220] [DEBUG] cheese - login => username:admin,password:123456
[2023-10-19T10:10:21.220] [DEBUG] cheese - admin
[2023-10-19T10:10:21.222] [DEBUG] cheese - null
[2023-10-19T10:10:21.222] [DEBUG] cheese - null
[2023-10-19T10:10:21.296] [DEBUG] cheese - login => username:admin,password:123456
[2023-10-19T10:10:21.296] [DEBUG] cheese - admin
[2023-10-19T10:10:21.297] [DEBUG] cheese - null
[2023-10-19T10:10:21.297] [DEBUG] cheese - null
[2023-10-19T10:10:21.375] [DEBUG] cheese - login => username:admin,password:123456
[2023-10-19T10:10:21.375] [DEBUG] cheese - admin
[2023-10-19T10:10:21.376] [DEBUG] cheese - null
[2023-10-19T10:10:21.376] [DEBUG] cheese - null
[2023-10-19T10:10:21.453] [DEBUG] cheese - login => username:admin,password:123456
[2023-10-19T10:10:21.453] [DEBUG] cheese - admin
[2023-10-19T10:10:21.454] [DEBUG] cheese - null
[2023-10-19T10:10:21.454] [DEBUG] cheese - null
[2023-10-19T10:10:21.531] [DEBUG] cheese - login => username:admin,password:123456
[2023-10-19T10:10:21.531] [DEBUG] cheese - admin
[2023-10-19T10:10:21.532] [DEBUG] cheese - null
[2023-10-19T10:10:21.532] [DEBUG] cheese - null
[2023-10-19T10:10:21.608] [DEBUG] cheese - login => username:admin,password:123456
[2023-10-19T10:10:21.608] [DEBUG] cheese - admin
[2023-10-19T10:10:21.609] [DEBUG] cheese - null
[2023-10-19T10:10:21.609] [DEBUG] cheese - null
[2023-10-19T10:10:21.684] [DEBUG] cheese - login => username:admin,password:123456
[2023-10-19T10:10:21.684] [DEBUG] cheese - admin
[2023-10-19T10:10:21.685] [DEBUG] cheese - null
[2023-10-19T10:10:21.685] [DEBUG] cheese - null
[2023-10-19T10:10:21.762] [DEBUG] cheese - login => username:admin,password:123456
[2023-10-19T10:10:21.762] [DEBUG] cheese - admin
[2023-10-19T10:10:21.763] [DEBUG] cheese - null
[2023-10-19T10:10:21.763] [DEBUG] cheese - null
[2023-10-19T10:10:21.904] [DEBUG] cheese - login => username:admin,password:123456
[2023-10-19T10:10:21.904] [DEBUG] cheese - admin
[2023-10-19T10:10:21.906] [DEBUG] cheese - null
[2023-10-19T10:10:21.907] [DEBUG] cheese - null
[2023-10-19T10:10:22.016] [DEBUG] cheese - login => username:admin,password:123456
[2023-10-19T10:10:22.016] [DEBUG] cheese - admin
[2023-10-19T10:10:22.018] [DEBUG] cheese - null
[2023-10-19T10:10:22.018] [DEBUG] cheese - null
[2023-10-19T10:10:22.095] [DEBUG] cheese - login => username:admin,password:123456
[2023-10-19T10:10:22.095] [DEBUG] cheese - admin
[2023-10-19T10:10:22.096] [DEBUG] cheese - null
[2023-10-19T10:10:22.096] [DEBUG] cheese - null
[2023-10-19T10:10:22.172] [DEBUG] cheese - login => username:admin,password:123456
[2023-10-19T10:10:22.172] [DEBUG] cheese - admin
[2023-10-19T10:10:22.174] [DEBUG] cheese - null
[2023-10-19T10:10:22.174] [DEBUG] cheese - null
[2023-10-19T10:10:22.253] [DEBUG] cheese - login => username:admin,password:123456
[2023-10-19T10:10:22.253] [DEBUG] cheese - admin
[2023-10-19T10:10:22.255] [DEBUG] cheese - null
[2023-10-19T10:10:22.255] [DEBUG] cheese - null
[2023-10-19T10:10:22.329] [DEBUG] cheese - login => username:admin,password:123456
[2023-10-19T10:10:22.329] [DEBUG] cheese - admin
[2023-10-19T10:10:22.330] [DEBUG] cheese - null
[2023-10-19T10:10:22.330] [DEBUG] cheese - null
[2023-10-19T10:10:22.462] [DEBUG] cheese - login => username:admin,password:123456
[2023-10-19T10:10:22.462] [DEBUG] cheese - admin
[2023-10-19T10:10:22.464] [DEBUG] cheese - null
[2023-10-19T10:10:22.464] [DEBUG] cheese - null
[2023-10-19T10:10:22.675] [DEBUG] cheese - login => username:admin,password:123456
[2023-10-19T10:10:22.675] [DEBUG] cheese - admin
[2023-10-19T10:10:22.676] [DEBUG] cheese - null
[2023-10-19T10:10:22.677] [DEBUG] cheese - null
[2023-10-19T10:10:22.813] [DEBUG] cheese - login => username:admin,password:123456
[2023-10-19T10:10:22.813] [DEBUG] cheese - admin
[2023-10-19T10:10:22.814] [DEBUG] cheese - null
[2023-10-19T10:10:22.814] [DEBUG] cheese - null
[2023-10-19T10:10:22.923] [DEBUG] cheese - login => username:admin,password:123456
[2023-10-19T10:10:22.923] [DEBUG] cheese - admin
[2023-10-19T10:10:22.928] [DEBUG] cheese - null
[2023-10-19T10:10:22.928] [DEBUG] cheese - null
[2023-10-19T10:10:23.014] [DEBUG] cheese - login => username:admin,password:123456
[2023-10-19T10:10:23.015] [DEBUG] cheese - admin
[2023-10-19T10:10:23.020] [DEBUG] cheese - null
[2023-10-19T10:10:23.020] [DEBUG] cheese - null
[2023-10-19T10:10:23.115] [DEBUG] cheese - login => username:admin,password:123456
[2023-10-19T10:10:23.116] [DEBUG] cheese - admin
[2023-10-19T10:10:23.117] [DEBUG] cheese - null
[2023-10-19T10:10:23.117] [DEBUG] cheese - null
[2023-10-19T10:10:23.223] [DEBUG] cheese - login => username:admin,password:123456
[2023-10-19T10:10:23.223] [DEBUG] cheese - admin
[2023-10-19T10:10:23.228] [DEBUG] cheese - null
[2023-10-19T10:10:23.228] [DEBUG] cheese - null
[2023-10-19T10:10:23.313] [DEBUG] cheese - login => username:admin,password:123456
[2023-10-19T10:10:23.314] [DEBUG] cheese - admin
[2023-10-19T10:10:23.328] [DEBUG] cheese - null
[2023-10-19T10:10:23.328] [DEBUG] cheese - null
[2023-10-19T10:10:23.426] [DEBUG] cheese - login => username:admin,password:123456
[2023-10-19T10:10:23.426] [DEBUG] cheese - admin
[2023-10-19T10:10:23.427] [DEBUG] cheese - null
[2023-10-19T10:10:23.427] [DEBUG] cheese - null
[2023-10-19T10:10:23.536] [DEBUG] cheese - login => username:admin,password:123456
[2023-10-19T10:10:23.536] [DEBUG] cheese - admin
[2023-10-19T10:10:23.538] [DEBUG] cheese - null
[2023-10-19T10:10:23.538] [DEBUG] cheese - null
[2023-10-19T10:10:23.645] [DEBUG] cheese - login => username:admin,password:123456
[2023-10-19T10:10:23.645] [DEBUG] cheese - admin
[2023-10-19T10:10:23.646] [DEBUG] cheese - null
[2023-10-19T10:10:23.646] [DEBUG] cheese - null
[2023-10-19T10:10:23.729] [DEBUG] cheese - login => username:admin,password:123456
[2023-10-19T10:10:23.729] [DEBUG] cheese - admin
[2023-10-19T10:10:23.730] [DEBUG] cheese - null
[2023-10-19T10:10:23.730] [DEBUG] cheese - null
[2023-10-19T10:10:23.810] [DEBUG] cheese - login => username:admin,password:123456
[2023-10-19T10:10:23.810] [DEBUG] cheese - admin
[2023-10-19T10:10:23.812] [DEBUG] cheese - null
[2023-10-19T10:10:23.812] [DEBUG] cheese - null
[2023-10-19T10:10:23.928] [DEBUG] cheese - login => username:admin,password:123456
[2023-10-19T10:10:23.928] [DEBUG] cheese - admin
[2023-10-19T10:10:23.929] [DEBUG] cheese - null
[2023-10-19T10:10:23.929] [DEBUG] cheese - null
[2023-10-19T10:10:24.029] [DEBUG] cheese - login => username:admin,password:123456
[2023-10-19T10:10:24.029] [DEBUG] cheese - admin
[2023-10-19T10:10:24.030] [DEBUG] cheese - null
[2023-10-19T10:10:24.031] [DEBUG] cheese - null
[2023-10-19T10:10:24.110] [DEBUG] cheese - login => username:admin,password:123456
[2023-10-19T10:10:24.110] [DEBUG] cheese - admin
[2023-10-19T10:10:24.112] [DEBUG] cheese - null
[2023-10-19T10:10:24.112] [DEBUG] cheese - null
[2023-10-19T10:10:24.210] [DEBUG] cheese - login => username:admin,password:123456
[2023-10-19T10:10:24.210] [DEBUG] cheese - admin
[2023-10-19T10:10:24.212] [DEBUG] cheese - null
[2023-10-19T10:10:24.212] [DEBUG] cheese - null
[2023-10-19T10:10:24.290] [DEBUG] cheese - login => username:admin,password:123456
[2023-10-19T10:10:24.290] [DEBUG] cheese - admin
[2023-10-19T10:10:24.292] [DEBUG] cheese - null
[2023-10-19T10:10:24.292] [DEBUG] cheese - null
[2023-10-19T10:10:24.374] [DEBUG] cheese - login => username:admin,password:123456
[2023-10-19T10:10:24.374] [DEBUG] cheese - admin
[2023-10-19T10:10:24.375] [DEBUG] cheese - null
[2023-10-19T10:10:24.375] [DEBUG] cheese - null
[2023-10-19T10:10:24.459] [DEBUG] cheese - login => username:admin,password:123456
[2023-10-19T10:10:24.460] [DEBUG] cheese - admin
[2023-10-19T10:10:24.461] [DEBUG] cheese - null
[2023-10-19T10:10:24.461] [DEBUG] cheese - null
[2023-10-19T10:10:24.547] [DEBUG] cheese - login => username:admin,password:123456
[2023-10-19T10:10:24.547] [DEBUG] cheese - admin
[2023-10-19T10:10:24.548] [DEBUG] cheese - null
[2023-10-19T10:10:24.548] [DEBUG] cheese - null
[2023-10-19T10:10:24.639] [DEBUG] cheese - login => username:admin,password:123456
[2023-10-19T10:10:24.639] [DEBUG] cheese - admin
[2023-10-19T10:10:24.640] [DEBUG] cheese - null
[2023-10-19T10:10:24.640] [DEBUG] cheese - null
[2023-10-19T10:10:24.716] [DEBUG] cheese - login => username:admin,password:123456
[2023-10-19T10:10:24.716] [DEBUG] cheese - admin
[2023-10-19T10:10:24.717] [DEBUG] cheese - null
[2023-10-19T10:10:24.717] [DEBUG] cheese - null
[2023-10-19T10:10:24.795] [DEBUG] cheese - login => username:admin,password:123456
[2023-10-19T10:10:24.795] [DEBUG] cheese - admin
[2023-10-19T10:10:24.796] [DEBUG] cheese - null
[2023-10-19T10:10:24.796] [DEBUG] cheese - null
[2023-10-19T10:10:24.877] [DEBUG] cheese - login => username:admin,password:123456
[2023-10-19T10:10:24.877] [DEBUG] cheese - admin
[2023-10-19T10:10:24.878] [DEBUG] cheese - null
[2023-10-19T10:10:24.878] [DEBUG] cheese - null
[2023-10-19T10:10:24.961] [DEBUG] cheese - login => username:admin,password:123456
[2023-10-19T10:10:24.961] [DEBUG] cheese - admin
[2023-10-19T10:10:24.962] [DEBUG] cheese - null
[2023-10-19T10:10:24.962] [DEBUG] cheese - null
[2023-10-19T10:10:25.056] [DEBUG] cheese - login => username:admin,password:123456
[2023-10-19T10:10:25.057] [DEBUG] cheese - admin
[2023-10-19T10:10:25.059] [DEBUG] cheese - null
[2023-10-19T10:10:25.059] [DEBUG] cheese - null
[2023-10-19T10:10:25.137] [DEBUG] cheese - login => username:admin,password:123456
[2023-10-19T10:10:25.137] [DEBUG] cheese - admin
[2023-10-19T10:10:25.139] [DEBUG] cheese - null
[2023-10-19T10:10:25.139] [DEBUG] cheese - null
[2023-10-19T10:10:25.233] [DEBUG] cheese - login => username:admin,password:123456
[2023-10-19T10:10:25.233] [DEBUG] cheese - admin
[2023-10-19T10:10:25.234] [DEBUG] cheese - null
[2023-10-19T10:10:25.234] [DEBUG] cheese - null
[2023-10-19T10:10:25.308] [DEBUG] cheese - login => username:admin,password:123456
[2023-10-19T10:10:25.308] [DEBUG] cheese - admin
[2023-10-19T10:10:25.310] [DEBUG] cheese - null
[2023-10-19T10:10:25.310] [DEBUG] cheese - null
[2023-10-19T10:10:25.412] [DEBUG] cheese - login => username:admin,password:123456
[2023-10-19T10:10:25.412] [DEBUG] cheese - admin
[2023-10-19T10:10:25.414] [DEBUG] cheese - null
[2023-10-19T10:10:25.414] [DEBUG] cheese - null
[2023-10-19T10:10:25.531] [DEBUG] cheese - login => username:admin,password:123456
[2023-10-19T10:10:25.531] [DEBUG] cheese - admin
[2023-10-19T10:10:25.535] [DEBUG] cheese - null
[2023-10-19T10:10:25.535] [DEBUG] cheese - null
[2023-10-19T10:10:25.657] [DEBUG] cheese - login => username:admin,password:123456
[2023-10-19T10:10:25.657] [DEBUG] cheese - admin
[2023-10-19T10:10:25.658] [DEBUG] cheese - null
[2023-10-19T10:10:25.658] [DEBUG] cheese - null
[2023-10-19T10:10:25.763] [DEBUG] cheese - login => username:admin,password:123456
[2023-10-19T10:10:25.763] [DEBUG] cheese - admin
[2023-10-19T10:10:25.765] [DEBUG] cheese - null
[2023-10-19T10:10:25.765] [DEBUG] cheese - null
[2023-10-19T10:10:25.853] [DEBUG] cheese - login => username:admin,password:123456
[2023-10-19T10:10:25.853] [DEBUG] cheese - admin
[2023-10-19T10:10:25.855] [DEBUG] cheese - null
[2023-10-19T10:10:25.855] [DEBUG] cheese - null
[2023-10-19T10:10:25.942] [DEBUG] cheese - login => username:admin,password:123456
[2023-10-19T10:10:25.942] [DEBUG] cheese - admin
[2023-10-19T10:10:25.943] [DEBUG] cheese - null
[2023-10-19T10:10:25.943] [DEBUG] cheese - null
[2023-10-19T10:10:26.037] [DEBUG] cheese - login => username:admin,password:123456
[2023-10-19T10:10:26.037] [DEBUG] cheese - admin
[2023-10-19T10:10:26.039] [DEBUG] cheese - null
[2023-10-19T10:10:26.039] [DEBUG] cheese - null
[2023-10-19T10:10:26.130] [DEBUG] cheese - login => username:admin,password:123456
[2023-10-19T10:10:26.130] [DEBUG] cheese - admin
[2023-10-19T10:10:26.135] [DEBUG] cheese - null
[2023-10-19T10:10:26.135] [DEBUG] cheese - null
[2023-10-19T10:10:26.217] [DEBUG] cheese - login => username:admin,password:123456
[2023-10-19T10:10:26.217] [DEBUG] cheese - admin
[2023-10-19T10:10:26.218] [DEBUG] cheese - null
[2023-10-19T10:10:26.218] [DEBUG] cheese - null
[2023-10-19T10:10:26.313] [DEBUG] cheese - login => username:admin,password:123456
[2023-10-19T10:10:26.313] [DEBUG] cheese - admin
[2023-10-19T10:10:26.315] [DEBUG] cheese - null
[2023-10-19T10:10:26.315] [DEBUG] cheese - null
[2023-10-19T10:10:26.402] [DEBUG] cheese - login => username:admin,password:123456
[2023-10-19T10:10:26.402] [DEBUG] cheese - admin
[2023-10-19T10:10:26.403] [DEBUG] cheese - null
[2023-10-19T10:10:26.403] [DEBUG] cheese - null
[2023-10-19T10:10:26.538] [DEBUG] cheese - login => username:admin,password:123456
[2023-10-19T10:10:26.538] [DEBUG] cheese - admin
[2023-10-19T10:10:26.539] [DEBUG] cheese - null
[2023-10-19T10:10:26.539] [DEBUG] cheese - null
[2023-10-19T10:10:26.768] [DEBUG] cheese - login => username:admin,password:123456
[2023-10-19T10:10:26.768] [DEBUG] cheese - admin
[2023-10-19T10:10:26.769] [DEBUG] cheese - null
[2023-10-19T10:10:26.769] [DEBUG] cheese - null
[2023-10-19T10:10:26.872] [DEBUG] cheese - login => username:admin,password:123456
[2023-10-19T10:10:26.872] [DEBUG] cheese - admin
[2023-10-19T10:10:26.873] [DEBUG] cheese - null
[2023-10-19T10:10:26.873] [DEBUG] cheese - null
[2023-10-19T10:10:26.948] [DEBUG] cheese - login => username:admin,password:123456
[2023-10-19T10:10:26.948] [DEBUG] cheese - admin
[2023-10-19T10:10:26.949] [DEBUG] cheese - null
[2023-10-19T10:10:26.949] [DEBUG] cheese - null
[2023-10-19T10:10:27.031] [DEBUG] cheese - login => username:admin,password:123456
[2023-10-19T10:10:27.031] [DEBUG] cheese - admin
[2023-10-19T10:10:27.032] [DEBUG] cheese - null
[2023-10-19T10:10:27.032] [DEBUG] cheese - null
[2023-10-19T10:10:27.111] [DEBUG] cheese - login => username:admin,password:123456
[2023-10-19T10:10:27.111] [DEBUG] cheese - admin
[2023-10-19T10:10:27.113] [DEBUG] cheese - null
[2023-10-19T10:10:27.113] [DEBUG] cheese - null
[2023-10-19T10:10:27.232] [DEBUG] cheese - login => username:admin,password:123456
[2023-10-19T10:10:27.233] [DEBUG] cheese - admin
[2023-10-19T10:10:27.233] [DEBUG] cheese - null
[2023-10-19T10:10:27.233] [DEBUG] cheese - null
[2023-10-19T10:10:27.310] [DEBUG] cheese - login => username:admin,password:123456
[2023-10-19T10:10:27.310] [DEBUG] cheese - admin
[2023-10-19T10:10:27.312] [DEBUG] cheese - null
[2023-10-19T10:10:27.312] [DEBUG] cheese - null
[2023-10-19T10:10:27.390] [DEBUG] cheese - login => username:admin,password:123456
[2023-10-19T10:10:27.391] [DEBUG] cheese - admin
[2023-10-19T10:10:27.392] [DEBUG] cheese - null
[2023-10-19T10:10:27.392] [DEBUG] cheese - null
[2023-10-19T10:10:27.467] [DEBUG] cheese - login => username:admin,password:123456
[2023-10-19T10:10:27.467] [DEBUG] cheese - admin
[2023-10-19T10:10:27.468] [DEBUG] cheese - null
[2023-10-19T10:10:27.468] [DEBUG] cheese - null
[2023-10-19T10:10:27.548] [DEBUG] cheese - login => username:admin,password:123456
[2023-10-19T10:10:27.548] [DEBUG] cheese - admin
[2023-10-19T10:10:27.549] [DEBUG] cheese - null
[2023-10-19T10:10:27.549] [DEBUG] cheese - null
[2023-10-19T10:10:27.635] [DEBUG] cheese - login => username:admin,password:123456
[2023-10-19T10:10:27.635] [DEBUG] cheese - admin
[2023-10-19T10:10:27.636] [DEBUG] cheese - null
[2023-10-19T10:10:27.636] [DEBUG] cheese - null
[2023-10-19T10:10:27.711] [DEBUG] cheese - login => username:admin,password:123456
[2023-10-19T10:10:27.711] [DEBUG] cheese - admin
[2023-10-19T10:10:27.712] [DEBUG] cheese - null
[2023-10-19T10:10:27.712] [DEBUG] cheese - null
[2023-10-19T10:10:27.788] [DEBUG] cheese - login => username:admin,password:123456
[2023-10-19T10:10:27.788] [DEBUG] cheese - admin
[2023-10-19T10:10:27.789] [DEBUG] cheese - null
[2023-10-19T10:10:27.789] [DEBUG] cheese - null
[2023-10-19T10:10:27.865] [DEBUG] cheese - login => username:admin,password:123456
[2023-10-19T10:10:27.865] [DEBUG] cheese - admin
[2023-10-19T10:10:27.866] [DEBUG] cheese - null
[2023-10-19T10:10:27.866] [DEBUG] cheese - null
[2023-10-19T10:10:27.949] [DEBUG] cheese - login => username:admin,password:123456
[2023-10-19T10:10:27.949] [DEBUG] cheese - admin
[2023-10-19T10:10:27.950] [DEBUG] cheese - null
[2023-10-19T10:10:27.950] [DEBUG] cheese - null
[2023-10-19T10:10:28.026] [DEBUG] cheese - login => username:admin,password:123456
[2023-10-19T10:10:28.026] [DEBUG] cheese - admin
[2023-10-19T10:10:28.027] [DEBUG] cheese - null
[2023-10-19T10:10:28.027] [DEBUG] cheese - null
[2023-10-19T10:10:28.113] [DEBUG] cheese - login => username:admin,password:123456
[2023-10-19T10:10:28.113] [DEBUG] cheese - admin
[2023-10-19T10:10:28.114] [DEBUG] cheese - null
[2023-10-19T10:10:28.114] [DEBUG] cheese - null
[2023-10-19T10:10:28.190] [DEBUG] cheese - login => username:admin,password:123456
[2023-10-19T10:10:28.191] [DEBUG] cheese - admin
[2023-10-19T10:10:28.193] [DEBUG] cheese - null
[2023-10-19T10:10:28.193] [DEBUG] cheese - null
[2023-10-19T10:10:28.358] [DEBUG] cheese - login => username:admin,password:123456
[2023-10-19T10:10:28.359] [DEBUG] cheese - admin
[2023-10-19T10:10:28.360] [DEBUG] cheese - null
[2023-10-19T10:10:28.360] [DEBUG] cheese - null
[2023-10-19T10:10:28.525] [DEBUG] cheese - login => username:admin,password:123456
[2023-10-19T10:10:28.525] [DEBUG] cheese - admin
[2023-10-19T10:10:28.526] [DEBUG] cheese - null
[2023-10-19T10:10:28.526] [DEBUG] cheese - null
[2023-10-19T10:10:28.670] [DEBUG] cheese - login => username:admin,password:123456
[2023-10-19T10:10:28.670] [DEBUG] cheese - admin
[2023-10-19T10:10:28.696] [DEBUG] cheese - null
[2023-10-19T10:10:28.696] [DEBUG] cheese - null
[2023-10-19T10:10:28.801] [DEBUG] cheese - login => username:admin,password:123456
[2023-10-19T10:10:28.801] [DEBUG] cheese - admin
[2023-10-19T10:10:28.808] [DEBUG] cheese - null
[2023-10-19T10:10:28.808] [DEBUG] cheese - null
[2023-10-19T10:10:28.903] [DEBUG] cheese - login => username:admin,password:123456
[2023-10-19T10:10:28.903] [DEBUG] cheese - admin
[2023-10-19T10:10:28.905] [DEBUG] cheese - null
[2023-10-19T10:10:28.905] [DEBUG] cheese - null
[2023-10-19T10:10:29.023] [DEBUG] cheese - login => username:admin,password:123456
[2023-10-19T10:10:29.023] [DEBUG] cheese - admin
[2023-10-19T10:10:29.025] [DEBUG] cheese - null
[2023-10-19T10:10:29.025] [DEBUG] cheese - null
[2023-10-19T10:10:29.103] [DEBUG] cheese - login => username:admin,password:123456
[2023-10-19T10:10:29.103] [DEBUG] cheese - admin
[2023-10-19T10:10:29.105] [DEBUG] cheese - null
[2023-10-19T10:10:29.105] [DEBUG] cheese - null
[2023-10-19T10:10:29.183] [DEBUG] cheese - login => username:admin,password:123456
[2023-10-19T10:10:29.183] [DEBUG] cheese - admin
[2023-10-19T10:10:29.184] [DEBUG] cheese - null
[2023-10-19T10:10:29.184] [DEBUG] cheese - null
[2023-10-19T10:10:29.259] [DEBUG] cheese - login => username:admin,password:123456
[2023-10-19T10:10:29.259] [DEBUG] cheese - admin
[2023-10-19T10:10:29.260] [DEBUG] cheese - null
[2023-10-19T10:10:29.260] [DEBUG] cheese - null
[2023-10-19T10:10:29.339] [DEBUG] cheese - login => username:admin,password:123456
[2023-10-19T10:10:29.339] [DEBUG] cheese - admin
[2023-10-19T10:10:29.340] [DEBUG] cheese - null
[2023-10-19T10:10:29.340] [DEBUG] cheese - null
[2023-10-19T10:10:29.421] [DEBUG] cheese - login => username:admin,password:123456
[2023-10-19T10:10:29.421] [DEBUG] cheese - admin
[2023-10-19T10:10:29.422] [DEBUG] cheese - null
[2023-10-19T10:10:29.422] [DEBUG] cheese - null
[2023-10-19T10:10:29.498] [DEBUG] cheese - login => username:admin,password:123456
[2023-10-19T10:10:29.498] [DEBUG] cheese - admin
[2023-10-19T10:10:29.499] [DEBUG] cheese - null
[2023-10-19T10:10:29.499] [DEBUG] cheese - null
[2023-10-19T10:10:29.575] [DEBUG] cheese - login => username:admin,password:123456
[2023-10-19T10:10:29.575] [DEBUG] cheese - admin
[2023-10-19T10:10:29.576] [DEBUG] cheese - null
[2023-10-19T10:10:29.576] [DEBUG] cheese - null
[2023-10-19T10:10:29.656] [DEBUG] cheese - login => username:admin,password:123456
[2023-10-19T10:10:29.656] [DEBUG] cheese - admin
[2023-10-19T10:10:29.658] [DEBUG] cheese - null
[2023-10-19T10:10:29.658] [DEBUG] cheese - null
[2023-10-19T10:10:29.734] [DEBUG] cheese - login => username:admin,password:123456
[2023-10-19T10:10:29.734] [DEBUG] cheese - admin
[2023-10-19T10:10:29.735] [DEBUG] cheese - null
[2023-10-19T10:10:29.735] [DEBUG] cheese - null
[2023-10-19T10:10:29.812] [DEBUG] cheese - login => username:admin,password:123456
[2023-10-19T10:10:29.812] [DEBUG] cheese - admin
[2023-10-19T10:10:29.813] [DEBUG] cheese - null
[2023-10-19T10:10:29.813] [DEBUG] cheese - null
[2023-10-19T10:10:29.890] [DEBUG] cheese - login => username:admin,password:123456
[2023-10-19T10:10:29.890] [DEBUG] cheese - admin
[2023-10-19T10:10:29.891] [DEBUG] cheese - null
[2023-10-19T10:10:29.891] [DEBUG] cheese - null
[2023-10-19T10:10:29.965] [DEBUG] cheese - login => username:admin,password:123456
[2023-10-19T10:10:29.965] [DEBUG] cheese - admin
[2023-10-19T10:10:29.966] [DEBUG] cheese - null
[2023-10-19T10:10:29.966] [DEBUG] cheese - null
[2023-10-19T10:10:30.041] [DEBUG] cheese - login => username:admin,password:123456
[2023-10-19T10:10:30.041] [DEBUG] cheese - admin
[2023-10-19T10:10:30.042] [DEBUG] cheese - null
[2023-10-19T10:10:30.042] [DEBUG] cheese - null
[2023-10-19T10:10:30.118] [DEBUG] cheese - login => username:admin,password:123456
[2023-10-19T10:10:30.118] [DEBUG] cheese - admin
[2023-10-19T10:10:30.119] [DEBUG] cheese - null
[2023-10-19T10:10:30.119] [DEBUG] cheese - null
[2023-10-19T10:10:30.195] [DEBUG] cheese - login => username:admin,password:123456
[2023-10-19T10:10:30.195] [DEBUG] cheese - admin
[2023-10-19T10:10:30.196] [DEBUG] cheese - null
[2023-10-19T10:10:30.196] [DEBUG] cheese - null
[2023-10-19T10:10:30.275] [DEBUG] cheese - login => username:admin,password:123456
[2023-10-19T10:10:30.275] [DEBUG] cheese - admin
[2023-10-19T10:10:30.276] [DEBUG] cheese - null
[2023-10-19T10:10:30.276] [DEBUG] cheese - null
[2023-10-19T10:10:30.351] [DEBUG] cheese - login => username:admin,password:123456
[2023-10-19T10:10:30.351] [DEBUG] cheese - admin
[2023-10-19T10:10:30.352] [DEBUG] cheese - null
[2023-10-19T10:10:30.352] [DEBUG] cheese - null
[2023-10-19T10:10:30.431] [DEBUG] cheese - login => username:admin,password:123456
[2023-10-19T10:10:30.431] [DEBUG] cheese - admin
[2023-10-19T10:10:30.432] [DEBUG] cheese - null
[2023-10-19T10:10:30.432] [DEBUG] cheese - null
[2023-10-19T10:10:30.521] [DEBUG] cheese - login => username:admin,password:123456
[2023-10-19T10:10:30.521] [DEBUG] cheese - admin
[2023-10-19T10:10:30.522] [DEBUG] cheese - null
[2023-10-19T10:10:30.522] [DEBUG] cheese - null
[2023-10-19T10:10:30.619] [DEBUG] cheese - login => username:admin,password:123456
[2023-10-19T10:10:30.619] [DEBUG] cheese - admin
[2023-10-19T10:10:30.620] [DEBUG] cheese - null
[2023-10-19T10:10:30.620] [DEBUG] cheese - null
[2023-10-19T10:10:30.702] [DEBUG] cheese - login => username:admin,password:123456
[2023-10-19T10:10:30.702] [DEBUG] cheese - admin
[2023-10-19T10:10:30.702] [DEBUG] cheese - null
[2023-10-19T10:10:30.702] [DEBUG] cheese - null
[2023-10-19T10:10:30.778] [DEBUG] cheese - login => username:admin,password:123456
[2023-10-19T10:10:30.778] [DEBUG] cheese - admin
[2023-10-19T10:10:30.779] [DEBUG] cheese - null
[2023-10-19T10:10:30.779] [DEBUG] cheese - null
[2023-10-19T10:10:30.863] [DEBUG] cheese - login => username:admin,password:123456
[2023-10-19T10:10:30.863] [DEBUG] cheese - admin
[2023-10-19T10:10:30.864] [DEBUG] cheese - null
[2023-10-19T10:10:30.864] [DEBUG] cheese - null
[2023-10-19T10:10:30.949] [DEBUG] cheese - login => username:admin,password:123456
[2023-10-19T10:10:30.949] [DEBUG] cheese - admin
[2023-10-19T10:10:30.950] [DEBUG] cheese - null
[2023-10-19T10:10:30.950] [DEBUG] cheese - null
[2023-10-19T10:10:31.057] [DEBUG] cheese - login => username:admin,password:123456
[2023-10-19T10:10:31.057] [DEBUG] cheese - admin
[2023-10-19T10:10:31.062] [DEBUG] cheese - null
[2023-10-19T10:10:31.062] [DEBUG] cheese - null
[2023-10-19T10:10:31.154] [DEBUG] cheese - login => username:admin,password:123456
[2023-10-19T10:10:31.154] [DEBUG] cheese - admin
[2023-10-19T10:10:31.155] [DEBUG] cheese - null
[2023-10-19T10:10:31.155] [DEBUG] cheese - null
[2023-10-19T10:10:31.230] [DEBUG] cheese - login => username:admin,password:123456
[2023-10-19T10:10:31.231] [DEBUG] cheese - admin
[2023-10-19T10:10:31.232] [DEBUG] cheese - null
[2023-10-19T10:10:31.232] [DEBUG] cheese - null
[2023-10-19T10:10:31.312] [DEBUG] cheese - login => username:admin,password:123456
[2023-10-19T10:10:31.312] [DEBUG] cheese - admin
[2023-10-19T10:10:31.313] [DEBUG] cheese - null
[2023-10-19T10:10:31.313] [DEBUG] cheese - null
[2023-10-19T10:10:31.398] [DEBUG] cheese - login => username:admin,password:123456
[2023-10-19T10:10:31.398] [DEBUG] cheese - admin
[2023-10-19T10:10:31.399] [DEBUG] cheese - null
[2023-10-19T10:10:31.399] [DEBUG] cheese - null
[2023-10-19T10:10:31.495] [DEBUG] cheese - login => username:admin,password:123456
[2023-10-19T10:10:31.495] [DEBUG] cheese - admin
[2023-10-19T10:10:31.496] [DEBUG] cheese - null
[2023-10-19T10:10:31.496] [DEBUG] cheese - null
[2023-10-19T10:10:31.582] [DEBUG] cheese - login => username:admin,password:123456
[2023-10-19T10:10:31.582] [DEBUG] cheese - admin
[2023-10-19T10:10:31.583] [DEBUG] cheese - null
[2023-10-19T10:10:31.583] [DEBUG] cheese - null
[2023-10-19T10:10:31.663] [DEBUG] cheese - login => username:admin,password:123456
[2023-10-19T10:10:31.663] [DEBUG] cheese - admin
[2023-10-19T10:10:31.665] [DEBUG] cheese - null
[2023-10-19T10:10:31.665] [DEBUG] cheese - null
[2023-10-19T10:10:31.752] [DEBUG] cheese - login => username:admin,password:123456
[2023-10-19T10:10:31.752] [DEBUG] cheese - admin
[2023-10-19T10:10:31.756] [DEBUG] cheese - null
[2023-10-19T10:10:31.756] [DEBUG] cheese - null
[2023-10-19T10:10:31.851] [DEBUG] cheese - login => username:admin,password:123456
[2023-10-19T10:10:31.851] [DEBUG] cheese - admin
[2023-10-19T10:10:31.852] [DEBUG] cheese - null
[2023-10-19T10:10:31.852] [DEBUG] cheese - null
[2023-10-19T10:10:31.938] [DEBUG] cheese - login => username:admin,password:123456
[2023-10-19T10:10:31.938] [DEBUG] cheese - admin
[2023-10-19T10:10:31.939] [DEBUG] cheese - null
[2023-10-19T10:10:31.939] [DEBUG] cheese - null
[2023-10-19T10:10:32.024] [DEBUG] cheese - login => username:admin,password:123456
[2023-10-19T10:10:32.024] [DEBUG] cheese - admin
[2023-10-19T10:10:32.025] [DEBUG] cheese - null
[2023-10-19T10:10:32.025] [DEBUG] cheese - null
[2023-10-19T10:10:32.136] [DEBUG] cheese - login => username:admin,password:123456
[2023-10-19T10:10:32.136] [DEBUG] cheese - admin
[2023-10-19T10:10:32.192] [DEBUG] cheese - null
[2023-10-19T10:10:32.192] [DEBUG] cheese - null
[2023-10-19T10:10:32.634] [DEBUG] cheese - login => username:admin,password:123456
[2023-10-19T10:10:32.634] [DEBUG] cheese - admin
[2023-10-19T10:10:32.685] [DEBUG] cheese - null
[2023-10-19T10:10:32.685] [DEBUG] cheese - null
[2023-10-19T10:10:32.817] [DEBUG] cheese - login => username:admin,password:123456
[2023-10-19T10:10:32.817] [DEBUG] cheese - admin
[2023-10-19T10:10:32.818] [DEBUG] cheese - null
[2023-10-19T10:10:32.818] [DEBUG] cheese - null
[2023-10-19T10:10:32.969] [DEBUG] cheese - login => username:admin,password:123456
[2023-10-19T10:10:32.969] [DEBUG] cheese - admin
[2023-10-19T10:10:32.971] [DEBUG] cheese - null
[2023-10-19T10:10:32.971] [DEBUG] cheese - null
[2023-10-19T10:10:33.299] [DEBUG] cheese - login => username:admin,password:123456
[2023-10-19T10:10:33.299] [DEBUG] cheese - admin
[2023-10-19T10:10:33.302] [DEBUG] cheese - null
[2023-10-19T10:10:33.302] [DEBUG] cheese - null
[2023-10-19T10:10:34.101] [DEBUG] cheese - login => username:admin,password:123456
[2023-10-19T10:10:34.101] [DEBUG] cheese - admin
[2023-10-19T10:10:34.103] [DEBUG] cheese - null
[2023-10-19T10:10:34.103] [DEBUG] cheese - null
[2023-10-19T10:10:34.228] [DEBUG] cheese - login => username:admin,password:123456
[2023-10-19T10:10:34.228] [DEBUG] cheese - admin
[2023-10-19T10:10:34.230] [DEBUG] cheese - null
[2023-10-19T10:10:34.230] [DEBUG] cheese - null
[2023-10-19T10:10:34.331] [DEBUG] cheese - login => username:admin,password:123456
[2023-10-19T10:10:34.331] [DEBUG] cheese - admin
[2023-10-19T10:10:34.332] [DEBUG] cheese - null
[2023-10-19T10:10:34.332] [DEBUG] cheese - null
[2023-10-19T10:10:34.439] [DEBUG] cheese - login => username:admin,password:123456
[2023-10-19T10:10:34.439] [DEBUG] cheese - admin
[2023-10-19T10:10:34.441] [DEBUG] cheese - null
[2023-10-19T10:10:34.441] [DEBUG] cheese - null
[2023-10-19T10:10:34.557] [DEBUG] cheese - login => username:admin,password:123456
[2023-10-19T10:10:34.557] [DEBUG] cheese - admin
[2023-10-19T10:10:34.559] [DEBUG] cheese - null
[2023-10-19T10:10:34.559] [DEBUG] cheese - null
[2023-10-19T10:10:34.669] [DEBUG] cheese - login => username:admin,password:123456
[2023-10-19T10:10:34.669] [DEBUG] cheese - admin
[2023-10-19T10:10:34.670] [DEBUG] cheese - null
[2023-10-19T10:10:34.670] [DEBUG] cheese - null
[2023-10-19T10:10:34.784] [DEBUG] cheese - login => username:admin,password:123456
[2023-10-19T10:10:34.784] [DEBUG] cheese - admin
[2023-10-19T10:10:34.785] [DEBUG] cheese - null
[2023-10-19T10:10:34.785] [DEBUG] cheese - null
[2023-10-19T10:10:34.897] [DEBUG] cheese - login => username:admin,password:123456
[2023-10-19T10:10:34.897] [DEBUG] cheese - admin
[2023-10-19T10:10:34.898] [DEBUG] cheese - null
[2023-10-19T10:10:34.898] [DEBUG] cheese - null
[2023-10-19T10:10:35.010] [DEBUG] cheese - login => username:admin,password:123456
[2023-10-19T10:10:35.010] [DEBUG] cheese - admin
[2023-10-19T10:10:35.012] [DEBUG] cheese - null
[2023-10-19T10:10:35.013] [DEBUG] cheese - null
[2023-10-19T10:10:35.128] [DEBUG] cheese - login => username:admin,password:123456
[2023-10-19T10:10:35.128] [DEBUG] cheese - admin
[2023-10-19T10:10:35.129] [DEBUG] cheese - null
[2023-10-19T10:10:35.129] [DEBUG] cheese - null
[2023-10-19T10:10:35.243] [DEBUG] cheese - login => username:admin,password:123456
[2023-10-19T10:10:35.243] [DEBUG] cheese - admin
[2023-10-19T10:10:35.245] [DEBUG] cheese - null
[2023-10-19T10:10:35.245] [DEBUG] cheese - null
[2023-10-19T10:10:35.361] [DEBUG] cheese - login => username:admin,password:123456
[2023-10-19T10:10:35.361] [DEBUG] cheese - admin
[2023-10-19T10:10:35.362] [DEBUG] cheese - null
[2023-10-19T10:10:35.362] [DEBUG] cheese - null
[2023-10-19T10:10:35.475] [DEBUG] cheese - login => username:admin,password:123456
[2023-10-19T10:10:35.475] [DEBUG] cheese - admin
[2023-10-19T10:10:35.476] [DEBUG] cheese - null
[2023-10-19T10:10:35.476] [DEBUG] cheese - null
[2023-10-19T10:10:35.599] [DEBUG] cheese - login => username:admin,password:123456
[2023-10-19T10:10:35.599] [DEBUG] cheese - admin
[2023-10-19T10:10:35.600] [DEBUG] cheese - null
[2023-10-19T10:10:35.600] [DEBUG] cheese - null
[2023-10-19T10:10:35.712] [DEBUG] cheese - login => username:admin,password:123456
[2023-10-19T10:10:35.712] [DEBUG] cheese - admin
[2023-10-19T10:10:35.714] [DEBUG] cheese - null
[2023-10-19T10:10:35.714] [DEBUG] cheese - null
[2023-10-19T10:10:35.826] [DEBUG] cheese - login => username:admin,password:123456
[2023-10-19T10:10:35.826] [DEBUG] cheese - admin
[2023-10-19T10:10:35.827] [DEBUG] cheese - null
[2023-10-19T10:10:35.827] [DEBUG] cheese - null
[2023-10-19T10:10:35.939] [DEBUG] cheese - login => username:admin,password:123456
[2023-10-19T10:10:35.939] [DEBUG] cheese - admin
[2023-10-19T10:10:35.940] [DEBUG] cheese - null
[2023-10-19T10:10:35.940] [DEBUG] cheese - null
[2023-10-19T10:10:36.064] [DEBUG] cheese - login => username:admin,password:123456
[2023-10-19T10:10:36.064] [DEBUG] cheese - admin
[2023-10-19T10:10:36.065] [DEBUG] cheese - null
[2023-10-19T10:10:36.065] [DEBUG] cheese - null
[2023-10-19T10:10:36.179] [DEBUG] cheese - login => username:admin,password:123456
[2023-10-19T10:10:36.179] [DEBUG] cheese - admin
[2023-10-19T10:10:36.180] [DEBUG] cheese - null
[2023-10-19T10:10:36.180] [DEBUG] cheese - null
[2023-10-19T10:10:36.297] [DEBUG] cheese - login => username:admin,password:123456
[2023-10-19T10:10:36.297] [DEBUG] cheese - admin
[2023-10-19T10:10:36.299] [DEBUG] cheese - null
[2023-10-19T10:10:36.299] [DEBUG] cheese - null
[2023-10-19T10:10:36.414] [DEBUG] cheese - login => username:admin,password:123456
[2023-10-19T10:10:36.414] [DEBUG] cheese - admin
[2023-10-19T10:10:36.415] [DEBUG] cheese - null
[2023-10-19T10:10:36.415] [DEBUG] cheese - null
[2023-10-19T10:10:36.528] [DEBUG] cheese - login => username:admin,password:123456
[2023-10-19T10:10:36.528] [DEBUG] cheese - admin
[2023-10-19T10:10:36.530] [DEBUG] cheese - null
[2023-10-19T10:10:36.530] [DEBUG] cheese - null
[2023-10-19T10:10:36.678] [DEBUG] cheese - login => username:admin,password:123456
[2023-10-19T10:10:36.678] [DEBUG] cheese - admin
[2023-10-19T10:10:36.679] [DEBUG] cheese - null
[2023-10-19T10:10:36.679] [DEBUG] cheese - null
[2023-10-19T10:10:36.808] [DEBUG] cheese - login => username:admin,password:123456
[2023-10-19T10:10:36.809] [DEBUG] cheese - admin
[2023-10-19T10:10:36.810] [DEBUG] cheese - null
[2023-10-19T10:10:36.810] [DEBUG] cheese - null
[2023-10-19T10:10:36.928] [DEBUG] cheese - login => username:admin,password:123456
[2023-10-19T10:10:36.928] [DEBUG] cheese - admin
[2023-10-19T10:10:36.929] [DEBUG] cheese - null
[2023-10-19T10:10:36.929] [DEBUG] cheese - null
[2023-10-19T10:10:37.050] [DEBUG] cheese - login => username:admin,password:123456
[2023-10-19T10:10:37.050] [DEBUG] cheese - admin
[2023-10-19T10:10:37.051] [DEBUG] cheese - null
[2023-10-19T10:10:37.051] [DEBUG] cheese - null
[2023-10-19T10:10:37.167] [DEBUG] cheese - login => username:admin,password:123456
[2023-10-19T10:10:37.167] [DEBUG] cheese - admin
[2023-10-19T10:10:37.168] [DEBUG] cheese - null
[2023-10-19T10:10:37.168] [DEBUG] cheese - null
[2023-10-19T10:10:37.288] [DEBUG] cheese - login => username:admin,password:123456
[2023-10-19T10:10:37.288] [DEBUG] cheese - admin
[2023-10-19T10:10:37.289] [DEBUG] cheese - null
[2023-10-19T10:10:37.289] [DEBUG] cheese - null
[2023-10-19T10:10:37.415] [DEBUG] cheese - login => username:admin,password:123456
[2023-10-19T10:10:37.415] [DEBUG] cheese - admin
[2023-10-19T10:10:37.416] [DEBUG] cheese - null
[2023-10-19T10:10:37.416] [DEBUG] cheese - null
[2023-10-19T10:10:37.555] [DEBUG] cheese - login => username:admin,password:123456
[2023-10-19T10:10:37.555] [DEBUG] cheese - admin
[2023-10-19T10:10:37.556] [DEBUG] cheese - null
[2023-10-19T10:10:37.556] [DEBUG] cheese - null
[2023-10-19T10:10:37.689] [DEBUG] cheese - login => username:admin,password:123456
[2023-10-19T10:10:37.689] [DEBUG] cheese - admin
[2023-10-19T10:10:37.691] [DEBUG] cheese - null
[2023-10-19T10:10:37.691] [DEBUG] cheese - null
[2023-10-19T10:10:37.806] [DEBUG] cheese - login => username:admin,password:123456
[2023-10-19T10:10:37.806] [DEBUG] cheese - admin
[2023-10-19T10:10:37.807] [DEBUG] cheese - null
[2023-10-19T10:10:37.807] [DEBUG] cheese - null
[2023-10-19T10:10:37.931] [DEBUG] cheese - login => username:admin,password:123456
[2023-10-19T10:10:37.932] [DEBUG] cheese - admin
[2023-10-19T10:10:37.932] [DEBUG] cheese - null
[2023-10-19T10:10:37.932] [DEBUG] cheese - null
[2023-10-19T10:10:38.049] [DEBUG] cheese - login => username:admin,password:123456
[2023-10-19T10:10:38.049] [DEBUG] cheese - admin
[2023-10-19T10:10:38.050] [DEBUG] cheese - null
[2023-10-19T10:10:38.050] [DEBUG] cheese - null
[2023-10-19T10:10:38.173] [DEBUG] cheese - login => username:admin,password:123456
[2023-10-19T10:10:38.173] [DEBUG] cheese - admin
[2023-10-19T10:10:38.174] [DEBUG] cheese - null
[2023-10-19T10:10:38.174] [DEBUG] cheese - null
[2023-10-19T10:10:38.293] [DEBUG] cheese - login => username:admin,password:123456
[2023-10-19T10:10:38.293] [DEBUG] cheese - admin
[2023-10-19T10:10:38.297] [DEBUG] cheese - null
[2023-10-19T10:10:38.298] [DEBUG] cheese - null
[2023-10-19T10:10:38.410] [DEBUG] cheese - login => username:admin,password:123456
[2023-10-19T10:10:38.410] [DEBUG] cheese - admin
[2023-10-19T10:10:38.411] [DEBUG] cheese - null
[2023-10-19T10:10:38.411] [DEBUG] cheese - null
[2023-10-19T10:10:38.541] [DEBUG] cheese - login => username:admin,password:123456
[2023-10-19T10:10:38.541] [DEBUG] cheese - admin
[2023-10-19T10:10:38.543] [DEBUG] cheese - null
[2023-10-19T10:10:38.543] [DEBUG] cheese - null
[2023-10-19T10:10:38.673] [DEBUG] cheese - login => username:admin,password:123456
[2023-10-19T10:10:38.673] [DEBUG] cheese - admin
[2023-10-19T10:10:38.674] [DEBUG] cheese - null
[2023-10-19T10:10:38.674] [DEBUG] cheese - null
[2023-10-19T10:10:38.823] [DEBUG] cheese - login => username:admin,password:123456
[2023-10-19T10:10:38.823] [DEBUG] cheese - admin
[2023-10-19T10:10:38.824] [DEBUG] cheese - null
[2023-10-19T10:10:38.824] [DEBUG] cheese - null
[2023-10-19T10:10:38.946] [DEBUG] cheese - login => username:admin,password:123456
[2023-10-19T10:10:38.946] [DEBUG] cheese - admin
[2023-10-19T10:10:38.948] [DEBUG] cheese - null
[2023-10-19T10:10:38.948] [DEBUG] cheese - null
[2023-10-19T10:10:39.082] [DEBUG] cheese - login => username:admin,password:123456
[2023-10-19T10:10:39.082] [DEBUG] cheese - admin
[2023-10-19T10:10:39.083] [DEBUG] cheese - null
[2023-10-19T10:10:39.083] [DEBUG] cheese - null
[2023-10-19T10:10:39.203] [DEBUG] cheese - login => username:admin,password:123456
[2023-10-19T10:10:39.203] [DEBUG] cheese - admin
[2023-10-19T10:10:39.205] [DEBUG] cheese - null
[2023-10-19T10:10:39.205] [DEBUG] cheese - null
[2023-10-19T10:10:39.327] [DEBUG] cheese - login => username:admin,password:123456
[2023-10-19T10:10:39.327] [DEBUG] cheese - admin
[2023-10-19T10:10:39.329] [DEBUG] cheese - null
[2023-10-19T10:10:39.329] [DEBUG] cheese - null
[2023-10-19T10:10:39.451] [DEBUG] cheese - login => username:admin,password:123456
[2023-10-19T10:10:39.452] [DEBUG] cheese - admin
[2023-10-19T10:10:39.452] [DEBUG] cheese - null
[2023-10-19T10:10:39.453] [DEBUG] cheese - null
[2023-10-19T10:10:39.577] [DEBUG] cheese - login => username:admin,password:123456
[2023-10-19T10:10:39.577] [DEBUG] cheese - admin
[2023-10-19T10:10:39.578] [DEBUG] cheese - null
[2023-10-19T10:10:39.578] [DEBUG] cheese - null
[2023-10-19T10:10:39.695] [DEBUG] cheese - login => username:admin,password:123456
[2023-10-19T10:10:39.695] [DEBUG] cheese - admin
[2023-10-19T10:10:39.696] [DEBUG] cheese - null
[2023-10-19T10:10:39.696] [DEBUG] cheese - null
[2023-10-19T10:10:39.814] [DEBUG] cheese - login => username:admin,password:123456
[2023-10-19T10:10:39.814] [DEBUG] cheese - admin
[2023-10-19T10:10:39.815] [DEBUG] cheese - null
[2023-10-19T10:10:39.815] [DEBUG] cheese - null
[2023-10-19T10:10:39.943] [DEBUG] cheese - login => username:admin,password:123456
[2023-10-19T10:10:39.943] [DEBUG] cheese - admin
[2023-10-19T10:10:39.944] [DEBUG] cheese - null
[2023-10-19T10:10:39.945] [DEBUG] cheese - null
[2023-10-19T10:10:40.069] [DEBUG] cheese - login => username:admin,password:123456
[2023-10-19T10:10:40.069] [DEBUG] cheese - admin
[2023-10-19T10:10:40.071] [DEBUG] cheese - null
[2023-10-19T10:10:40.071] [DEBUG] cheese - null
[2023-10-19T10:10:40.211] [DEBUG] cheese - login => username:admin,password:123456
[2023-10-19T10:10:40.211] [DEBUG] cheese - admin
[2023-10-19T10:10:40.213] [DEBUG] cheese - null
[2023-10-19T10:10:40.213] [DEBUG] cheese - null
[2023-10-19T10:10:40.334] [DEBUG] cheese - login => username:admin,password:123456
[2023-10-19T10:10:40.334] [DEBUG] cheese - admin
[2023-10-19T10:10:40.335] [DEBUG] cheese - null
[2023-10-19T10:10:40.335] [DEBUG] cheese - null
[2023-10-19T10:10:40.463] [DEBUG] cheese - login => username:admin,password:123456
[2023-10-19T10:10:40.463] [DEBUG] cheese - admin
[2023-10-19T10:10:40.464] [DEBUG] cheese - null
[2023-10-19T10:10:40.464] [DEBUG] cheese - null
[2023-10-19T10:10:40.594] [DEBUG] cheese - login => username:admin,password:123456
[2023-10-19T10:10:40.594] [DEBUG] cheese - admin
[2023-10-19T10:10:40.595] [DEBUG] cheese - null
[2023-10-19T10:10:40.596] [DEBUG] cheese - null
[2023-10-19T10:10:40.745] [DEBUG] cheese - login => username:admin,password:123456
[2023-10-19T10:10:40.745] [DEBUG] cheese - admin
[2023-10-19T10:10:40.747] [DEBUG] cheese - null
[2023-10-19T10:10:40.747] [DEBUG] cheese - null
[2023-10-19T10:10:40.908] [DEBUG] cheese - login => username:admin,password:123456
[2023-10-19T10:10:40.908] [DEBUG] cheese - admin
[2023-10-19T10:10:40.910] [DEBUG] cheese - null
[2023-10-19T10:10:40.910] [DEBUG] cheese - null
[2023-10-19T10:10:41.116] [DEBUG] cheese - login => username:admin,password:123456
[2023-10-19T10:10:41.116] [DEBUG] cheese - admin
[2023-10-19T10:10:41.119] [DEBUG] cheese - null
[2023-10-19T10:10:41.119] [DEBUG] cheese - null
[2023-10-19T10:10:41.406] [DEBUG] cheese - login => username:admin,password:123456
[2023-10-19T10:10:41.406] [DEBUG] cheese - admin
[2023-10-19T10:10:41.408] [DEBUG] cheese - null
[2023-10-19T10:10:41.408] [DEBUG] cheese - null
[2023-10-19T10:10:42.305] [DEBUG] cheese - login => username:admin,password:123456
[2023-10-19T10:10:42.305] [DEBUG] cheese - admin
[2023-10-19T10:10:42.308] [DEBUG] cheese - null
[2023-10-19T10:10:42.308] [DEBUG] cheese - null
[2023-10-19T10:34:26.672] [DEBUG] cheese - login => username:admin,password:123456
[2023-10-19T10:34:26.674] [DEBUG] cheese - admin
[2023-10-19T10:34:26.722] [DEBUG] cheese - null
[2023-10-19T10:34:26.722] [DEBUG] cheese - null
[2023-10-19T10:34:51.611] [DEBUG] cheese - login => username:admin,password:123456
[2023-10-19T10:34:51.612] [DEBUG] cheese - admin
[2023-10-19T10:34:51.617] [DEBUG] cheese - null
[2023-10-19T10:34:51.617] [DEBUG] cheese - null
[2023-10-19T10:34:53.903] [DEBUG] cheese - login => username:admin,password:123456
[2023-10-19T10:34:53.903] [DEBUG] cheese - admin
[2023-10-19T10:34:53.905] [DEBUG] cheese - null
[2023-10-19T10:34:53.905] [DEBUG] cheese - null
[2023-10-19T10:35:09.274] [DEBUG] cheese - login => username:admin,password:123456
[2023-10-19T10:35:09.274] [DEBUG] cheese - admin
[2023-10-19T10:35:09.280] [DEBUG] cheese - null
[2023-10-19T10:35:09.281] [DEBUG] cheese - null
[2023-10-19T10:35:48.290] [DEBUG] cheese - login => username:admin,password:123456
[2023-10-19T10:35:48.290] [DEBUG] cheese - admin
[2023-10-19T10:35:48.294] [DEBUG] cheese - null
[2023-10-19T10:35:48.294] [DEBUG] cheese - null
[2023-10-19T10:35:48.402] [DEBUG] cheese - login => username:admin,password:123456
[2023-10-19T10:35:48.402] [DEBUG] cheese - admin
[2023-10-19T10:35:48.403] [DEBUG] cheese - null
[2023-10-19T10:35:48.403] [DEBUG] cheese - null
[2023-10-19T10:35:48.507] [DEBUG] cheese - login => username:admin,password:123456
[2023-10-19T10:35:48.507] [DEBUG] cheese - admin
[2023-10-19T10:35:48.508] [DEBUG] cheese - null
[2023-10-19T10:35:48.508] [DEBUG] cheese - null
[2023-10-19T10:35:48.618] [DEBUG] cheese - login => username:admin,password:123456
[2023-10-19T10:35:48.618] [DEBUG] cheese - admin
[2023-10-19T10:35:48.620] [DEBUG] cheese - null
[2023-10-19T10:35:48.620] [DEBUG] cheese - null
[2023-10-19T10:35:48.738] [DEBUG] cheese - login => username:admin,password:123456
[2023-10-19T10:35:48.738] [DEBUG] cheese - admin
[2023-10-19T10:35:48.740] [DEBUG] cheese - null
[2023-10-19T10:35:48.740] [DEBUG] cheese - null
[2023-10-19T10:35:48.881] [DEBUG] cheese - login => username:admin,password:123456
[2023-10-19T10:35:48.881] [DEBUG] cheese - admin
[2023-10-19T10:35:48.884] [DEBUG] cheese - null
[2023-10-19T10:35:48.884] [DEBUG] cheese - null
[2023-10-19T10:35:49.004] [DEBUG] cheese - login => username:admin,password:123456
[2023-10-19T10:35:49.004] [DEBUG] cheese - admin
[2023-10-19T10:35:49.007] [DEBUG] cheese - null
[2023-10-19T10:35:49.007] [DEBUG] cheese - null
[2023-10-19T10:35:49.126] [DEBUG] cheese - login => username:admin,password:123456
[2023-10-19T10:35:49.126] [DEBUG] cheese - admin
[2023-10-19T10:35:49.129] [DEBUG] cheese - null
[2023-10-19T10:35:49.129] [DEBUG] cheese - null
[2023-10-19T10:35:49.254] [DEBUG] cheese - login => username:admin,password:123456
[2023-10-19T10:35:49.254] [DEBUG] cheese - admin
[2023-10-19T10:35:49.257] [DEBUG] cheese - null
[2023-10-19T10:35:49.257] [DEBUG] cheese - null
[2023-10-19T10:35:49.384] [DEBUG] cheese - login => username:admin,password:123456
[2023-10-19T10:35:49.384] [DEBUG] cheese - admin
[2023-10-19T10:35:49.385] [DEBUG] cheese - null
[2023-10-19T10:35:49.385] [DEBUG] cheese - null
[2023-10-19T10:35:49.508] [DEBUG] cheese - login => username:admin,password:123456
[2023-10-19T10:35:49.508] [DEBUG] cheese - admin
[2023-10-19T10:35:49.510] [DEBUG] cheese - null
[2023-10-19T10:35:49.511] [DEBUG] cheese - null
[2023-10-19T10:35:49.630] [DEBUG] cheese - login => username:admin,password:123456
[2023-10-19T10:35:49.630] [DEBUG] cheese - admin
[2023-10-19T10:35:49.631] [DEBUG] cheese - null
[2023-10-19T10:35:49.631] [DEBUG] cheese - null
[2023-10-19T10:35:49.759] [DEBUG] cheese - login => username:admin,password:123456
[2023-10-19T10:35:49.760] [DEBUG] cheese - admin
[2023-10-19T10:35:49.761] [DEBUG] cheese - null
[2023-10-19T10:35:49.761] [DEBUG] cheese - null
[2023-10-19T10:35:49.877] [DEBUG] cheese - login => username:admin,password:123456
[2023-10-19T10:35:49.877] [DEBUG] cheese - admin
[2023-10-19T10:35:49.880] [DEBUG] cheese - null
[2023-10-19T10:35:49.880] [DEBUG] cheese - null
[2023-10-19T10:35:50.001] [DEBUG] cheese - login => username:admin,password:123456
[2023-10-19T10:35:50.001] [DEBUG] cheese - admin
[2023-10-19T10:35:50.003] [DEBUG] cheese - null
[2023-10-19T10:35:50.003] [DEBUG] cheese - null
[2023-10-19T10:35:50.115] [DEBUG] cheese - login => username:admin,password:123456
[2023-10-19T10:35:50.115] [DEBUG] cheese - admin
[2023-10-19T10:35:50.116] [DEBUG] cheese - null
[2023-10-19T10:35:50.116] [DEBUG] cheese - null
[2023-10-19T10:35:50.243] [DEBUG] cheese - login => username:admin,password:123456
[2023-10-19T10:35:50.243] [DEBUG] cheese - admin
[2023-10-19T10:35:50.245] [DEBUG] cheese - null
[2023-10-19T10:35:50.245] [DEBUG] cheese - null
[2023-10-19T10:35:50.369] [DEBUG] cheese - login => username:admin,password:123456
[2023-10-19T10:35:50.369] [DEBUG] cheese - admin
[2023-10-19T10:35:50.370] [DEBUG] cheese - null
[2023-10-19T10:35:50.370] [DEBUG] cheese - null
[2023-10-19T10:35:50.494] [DEBUG] cheese - login => username:admin,password:123456
[2023-10-19T10:35:50.494] [DEBUG] cheese - admin
[2023-10-19T10:35:50.496] [DEBUG] cheese - null
[2023-10-19T10:35:50.496] [DEBUG] cheese - null
[2023-10-19T10:35:50.664] [DEBUG] cheese - login => username:admin,password:123456
[2023-10-19T10:35:50.664] [DEBUG] cheese - admin
[2023-10-19T10:35:50.665] [DEBUG] cheese - null
[2023-10-19T10:35:50.665] [DEBUG] cheese - null
[2023-10-19T10:35:50.791] [DEBUG] cheese - login => username:admin,password:123456
[2023-10-19T10:35:50.791] [DEBUG] cheese - admin
[2023-10-19T10:35:50.793] [DEBUG] cheese - null
[2023-10-19T10:35:50.793] [DEBUG] cheese - null
[2023-10-19T10:35:50.908] [DEBUG] cheese - login => username:admin,password:123456
[2023-10-19T10:35:50.908] [DEBUG] cheese - admin
[2023-10-19T10:35:50.910] [DEBUG] cheese - null
[2023-10-19T10:35:50.910] [DEBUG] cheese - null
[2023-10-19T10:35:51.027] [DEBUG] cheese - login => username:admin,password:123456
[2023-10-19T10:35:51.028] [DEBUG] cheese - admin
[2023-10-19T10:35:51.029] [DEBUG] cheese - null
[2023-10-19T10:35:51.030] [DEBUG] cheese - null
[2023-10-19T10:35:51.153] [DEBUG] cheese - login => username:admin,password:123456
[2023-10-19T10:35:51.153] [DEBUG] cheese - admin
[2023-10-19T10:35:51.154] [DEBUG] cheese - null
[2023-10-19T10:35:51.154] [DEBUG] cheese - null
[2023-10-19T10:35:51.276] [DEBUG] cheese - login => username:admin,password:123456
[2023-10-19T10:35:51.276] [DEBUG] cheese - admin
[2023-10-19T10:35:51.278] [DEBUG] cheese - null
[2023-10-19T10:35:51.278] [DEBUG] cheese - null
[2023-10-19T10:35:51.410] [DEBUG] cheese - login => username:admin,password:123456
[2023-10-19T10:35:51.410] [DEBUG] cheese - admin
[2023-10-19T10:35:51.414] [DEBUG] cheese - null
[2023-10-19T10:35:51.414] [DEBUG] cheese - null
[2023-10-19T10:35:51.535] [DEBUG] cheese - login => username:admin,password:123456
[2023-10-19T10:35:51.535] [DEBUG] cheese - admin
[2023-10-19T10:35:51.536] [DEBUG] cheese - null
[2023-10-19T10:35:51.536] [DEBUG] cheese - null
[2023-10-19T10:35:51.663] [DEBUG] cheese - login => username:admin,password:123456
[2023-10-19T10:35:51.664] [DEBUG] cheese - admin
[2023-10-19T10:35:51.665] [DEBUG] cheese - null
[2023-10-19T10:35:51.665] [DEBUG] cheese - null
[2023-10-19T10:35:51.787] [DEBUG] cheese - login => username:admin,password:123456
[2023-10-19T10:35:51.787] [DEBUG] cheese - admin
[2023-10-19T10:35:51.788] [DEBUG] cheese - null
[2023-10-19T10:35:51.789] [DEBUG] cheese - null
[2023-10-19T10:35:51.924] [DEBUG] cheese - login => username:admin,password:123456
[2023-10-19T10:35:51.924] [DEBUG] cheese - admin
[2023-10-19T10:35:51.926] [DEBUG] cheese - null
[2023-10-19T10:35:51.926] [DEBUG] cheese - null
[2023-10-19T10:35:52.044] [DEBUG] cheese - login => username:admin,password:123456
[2023-10-19T10:35:52.044] [DEBUG] cheese - admin
[2023-10-19T10:35:52.045] [DEBUG] cheese - null
[2023-10-19T10:35:52.046] [DEBUG] cheese - null
[2023-10-19T10:35:52.181] [DEBUG] cheese - login => username:admin,password:123456
[2023-10-19T10:35:52.182] [DEBUG] cheese - admin
[2023-10-19T10:35:52.183] [DEBUG] cheese - null
[2023-10-19T10:35:52.183] [DEBUG] cheese - null
[2023-10-19T10:35:52.315] [DEBUG] cheese - login => username:admin,password:123456
[2023-10-19T10:35:52.315] [DEBUG] cheese - admin
[2023-10-19T10:35:52.316] [DEBUG] cheese - null
[2023-10-19T10:35:52.316] [DEBUG] cheese - null
[2023-10-19T10:35:52.435] [DEBUG] cheese - login => username:admin,password:123456
[2023-10-19T10:35:52.435] [DEBUG] cheese - admin
[2023-10-19T10:35:52.436] [DEBUG] cheese - null
[2023-10-19T10:35:52.436] [DEBUG] cheese - null
[2023-10-19T10:35:52.561] [DEBUG] cheese - login => username:admin,password:123456
[2023-10-19T10:35:52.561] [DEBUG] cheese - admin
[2023-10-19T10:35:52.564] [DEBUG] cheese - null
[2023-10-19T10:35:52.564] [DEBUG] cheese - null
[2023-10-19T10:35:52.685] [DEBUG] cheese - login => username:admin,password:123456
[2023-10-19T10:35:52.685] [DEBUG] cheese - admin
[2023-10-19T10:35:52.685] [DEBUG] cheese - null
[2023-10-19T10:35:52.685] [DEBUG] cheese - null
[2023-10-19T10:35:52.808] [DEBUG] cheese - login => username:admin,password:123456
[2023-10-19T10:35:52.809] [DEBUG] cheese - admin
[2023-10-19T10:35:52.810] [DEBUG] cheese - null
[2023-10-19T10:35:52.810] [DEBUG] cheese - null
[2023-10-19T10:35:52.935] [DEBUG] cheese - login => username:admin,password:123456
[2023-10-19T10:35:52.935] [DEBUG] cheese - admin
[2023-10-19T10:35:52.936] [DEBUG] cheese - null
[2023-10-19T10:35:52.936] [DEBUG] cheese - null
[2023-10-19T10:35:53.056] [DEBUG] cheese - login => username:admin,password:123456
[2023-10-19T10:35:53.056] [DEBUG] cheese - admin
[2023-10-19T10:35:53.057] [DEBUG] cheese - null
[2023-10-19T10:35:53.057] [DEBUG] cheese - null
[2023-10-19T10:35:53.191] [DEBUG] cheese - login => username:admin,password:123456
[2023-10-19T10:35:53.191] [DEBUG] cheese - admin
[2023-10-19T10:35:53.192] [DEBUG] cheese - null
[2023-10-19T10:35:53.192] [DEBUG] cheese - null
[2023-10-19T10:35:53.313] [DEBUG] cheese - login => username:admin,password:123456
[2023-10-19T10:35:53.314] [DEBUG] cheese - admin
[2023-10-19T10:35:53.315] [DEBUG] cheese - null
[2023-10-19T10:35:53.315] [DEBUG] cheese - null
[2023-10-19T10:35:53.437] [DEBUG] cheese - login => username:admin,password:123456
[2023-10-19T10:35:53.437] [DEBUG] cheese - admin
[2023-10-19T10:35:53.439] [DEBUG] cheese - null
[2023-10-19T10:35:53.439] [DEBUG] cheese - null
[2023-10-19T10:35:53.561] [DEBUG] cheese - login => username:admin,password:123456
[2023-10-19T10:35:53.561] [DEBUG] cheese - admin
[2023-10-19T10:35:53.562] [DEBUG] cheese - null
[2023-10-19T10:35:53.562] [DEBUG] cheese - null
[2023-10-19T10:35:53.687] [DEBUG] cheese - login => username:admin,password:123456
[2023-10-19T10:35:53.687] [DEBUG] cheese - admin
[2023-10-19T10:35:53.688] [DEBUG] cheese - null
[2023-10-19T10:35:53.688] [DEBUG] cheese - null
[2023-10-19T10:35:53.807] [DEBUG] cheese - login => username:admin,password:123456
[2023-10-19T10:35:53.807] [DEBUG] cheese - admin
[2023-10-19T10:35:53.809] [DEBUG] cheese - null
[2023-10-19T10:35:53.809] [DEBUG] cheese - null
[2023-10-19T10:35:53.943] [DEBUG] cheese - login => username:admin,password:123456
[2023-10-19T10:35:53.943] [DEBUG] cheese - admin
[2023-10-19T10:35:53.945] [DEBUG] cheese - null
[2023-10-19T10:35:53.945] [DEBUG] cheese - null
[2023-10-19T10:35:54.081] [DEBUG] cheese - login => username:admin,password:123456
[2023-10-19T10:35:54.081] [DEBUG] cheese - admin
[2023-10-19T10:35:54.084] [DEBUG] cheese - null
[2023-10-19T10:35:54.084] [DEBUG] cheese - null
[2023-10-19T10:35:54.208] [DEBUG] cheese - login => username:admin,password:123456
[2023-10-19T10:35:54.208] [DEBUG] cheese - admin
[2023-10-19T10:35:54.210] [DEBUG] cheese - null
[2023-10-19T10:35:54.210] [DEBUG] cheese - null
[2023-10-19T10:35:54.330] [DEBUG] cheese - login => username:admin,password:123456
[2023-10-19T10:35:54.330] [DEBUG] cheese - admin
[2023-10-19T10:35:54.331] [DEBUG] cheese - null
[2023-10-19T10:35:54.331] [DEBUG] cheese - null
[2023-10-19T10:35:54.451] [DEBUG] cheese - login => username:admin,password:123456
[2023-10-19T10:35:54.451] [DEBUG] cheese - admin
[2023-10-19T10:35:54.452] [DEBUG] cheese - null
[2023-10-19T10:35:54.452] [DEBUG] cheese - null
[2023-10-19T10:35:54.605] [DEBUG] cheese - login => username:admin,password:123456
[2023-10-19T10:35:54.605] [DEBUG] cheese - admin
[2023-10-19T10:35:54.607] [DEBUG] cheese - null
[2023-10-19T10:35:54.607] [DEBUG] cheese - null
[2023-10-19T10:35:54.737] [DEBUG] cheese - login => username:admin,password:123456
[2023-10-19T10:35:54.737] [DEBUG] cheese - admin
[2023-10-19T10:35:54.738] [DEBUG] cheese - null
[2023-10-19T10:35:54.738] [DEBUG] cheese - null
[2023-10-19T10:35:54.856] [DEBUG] cheese - login => username:admin,password:123456
[2023-10-19T10:35:54.856] [DEBUG] cheese - admin
[2023-10-19T10:35:54.859] [DEBUG] cheese - null
[2023-10-19T10:35:54.859] [DEBUG] cheese - null
[2023-10-19T10:35:54.979] [DEBUG] cheese - login => username:admin,password:123456
[2023-10-19T10:35:54.979] [DEBUG] cheese - admin
[2023-10-19T10:35:54.980] [DEBUG] cheese - null
[2023-10-19T10:35:54.980] [DEBUG] cheese - null
[2023-10-19T10:35:55.097] [DEBUG] cheese - login => username:admin,password:123456
[2023-10-19T10:35:55.097] [DEBUG] cheese - admin
[2023-10-19T10:35:55.097] [DEBUG] cheese - null
[2023-10-19T10:35:55.098] [DEBUG] cheese - null
[2023-10-19T10:35:55.226] [DEBUG] cheese - login => username:admin,password:123456
[2023-10-19T10:35:55.226] [DEBUG] cheese - admin
[2023-10-19T10:35:55.228] [DEBUG] cheese - null
[2023-10-19T10:35:55.228] [DEBUG] cheese - null
[2023-10-19T10:35:55.344] [DEBUG] cheese - login => username:admin,password:123456
[2023-10-19T10:35:55.344] [DEBUG] cheese - admin
[2023-10-19T10:35:55.346] [DEBUG] cheese - null
[2023-10-19T10:35:55.346] [DEBUG] cheese - null
[2023-10-19T10:35:55.466] [DEBUG] cheese - login => username:admin,password:123456
[2023-10-19T10:35:55.466] [DEBUG] cheese - admin
[2023-10-19T10:35:55.467] [DEBUG] cheese - null
[2023-10-19T10:35:55.467] [DEBUG] cheese - null
[2023-10-19T10:35:55.584] [DEBUG] cheese - login => username:admin,password:123456
[2023-10-19T10:35:55.584] [DEBUG] cheese - admin
[2023-10-19T10:35:55.585] [DEBUG] cheese - null
[2023-10-19T10:35:55.585] [DEBUG] cheese - null
[2023-10-19T10:35:55.715] [DEBUG] cheese - login => username:admin,password:123456
[2023-10-19T10:35:55.715] [DEBUG] cheese - admin
[2023-10-19T10:35:55.716] [DEBUG] cheese - null
[2023-10-19T10:35:55.716] [DEBUG] cheese - null
[2023-10-19T10:35:55.837] [DEBUG] cheese - login => username:admin,password:123456
[2023-10-19T10:35:55.837] [DEBUG] cheese - admin
[2023-10-19T10:35:55.838] [DEBUG] cheese - null
[2023-10-19T10:35:55.838] [DEBUG] cheese - null
[2023-10-19T10:35:55.967] [DEBUG] cheese - login => username:admin,password:123456
[2023-10-19T10:35:55.967] [DEBUG] cheese - admin
[2023-10-19T10:35:55.967] [DEBUG] cheese - null
[2023-10-19T10:35:55.967] [DEBUG] cheese - null
[2023-10-19T10:35:56.099] [DEBUG] cheese - login => username:admin,password:123456
[2023-10-19T10:35:56.099] [DEBUG] cheese - admin
[2023-10-19T10:35:56.100] [DEBUG] cheese - null
[2023-10-19T10:35:56.100] [DEBUG] cheese - null
[2023-10-19T10:35:56.244] [DEBUG] cheese - login => username:admin,password:123456
[2023-10-19T10:35:56.244] [DEBUG] cheese - admin
[2023-10-19T10:35:56.245] [DEBUG] cheese - null
[2023-10-19T10:35:56.245] [DEBUG] cheese - null
[2023-10-19T10:35:56.374] [DEBUG] cheese - login => username:admin,password:123456
[2023-10-19T10:35:56.374] [DEBUG] cheese - admin
[2023-10-19T10:35:56.375] [DEBUG] cheese - null
[2023-10-19T10:35:56.375] [DEBUG] cheese - null
[2023-10-19T10:35:56.495] [DEBUG] cheese - login => username:admin,password:123456
[2023-10-19T10:35:56.495] [DEBUG] cheese - admin
[2023-10-19T10:35:56.496] [DEBUG] cheese - null
[2023-10-19T10:35:56.496] [DEBUG] cheese - null
[2023-10-19T10:35:56.621] [DEBUG] cheese - login => username:admin,password:123456
[2023-10-19T10:35:56.621] [DEBUG] cheese - admin
[2023-10-19T10:35:56.624] [DEBUG] cheese - null
[2023-10-19T10:35:56.624] [DEBUG] cheese - null
[2023-10-19T10:35:56.746] [DEBUG] cheese - login => username:admin,password:123456
[2023-10-19T10:35:56.746] [DEBUG] cheese - admin
[2023-10-19T10:35:56.748] [DEBUG] cheese - null
[2023-10-19T10:35:56.748] [DEBUG] cheese - null
[2023-10-19T10:35:56.866] [DEBUG] cheese - login => username:admin,password:123456
[2023-10-19T10:35:56.866] [DEBUG] cheese - admin
[2023-10-19T10:35:56.867] [DEBUG] cheese - null
[2023-10-19T10:35:56.867] [DEBUG] cheese - null
[2023-10-19T10:35:56.983] [DEBUG] cheese - login => username:admin,password:123456
[2023-10-19T10:35:56.983] [DEBUG] cheese - admin
[2023-10-19T10:35:56.984] [DEBUG] cheese - null
[2023-10-19T10:35:56.984] [DEBUG] cheese - null
[2023-10-19T10:35:57.110] [DEBUG] cheese - login => username:admin,password:123456
[2023-10-19T10:35:57.110] [DEBUG] cheese - admin
[2023-10-19T10:35:57.111] [DEBUG] cheese - null
[2023-10-19T10:35:57.111] [DEBUG] cheese - null
[2023-10-19T10:35:57.244] [DEBUG] cheese - login => username:admin,password:123456
[2023-10-19T10:35:57.244] [DEBUG] cheese - admin
[2023-10-19T10:35:57.245] [DEBUG] cheese - null
[2023-10-19T10:35:57.245] [DEBUG] cheese - null
[2023-10-19T10:35:57.381] [DEBUG] cheese - login => username:admin,password:123456
[2023-10-19T10:35:57.381] [DEBUG] cheese - admin
[2023-10-19T10:35:57.383] [DEBUG] cheese - null
[2023-10-19T10:35:57.383] [DEBUG] cheese - null
[2023-10-19T10:35:57.500] [DEBUG] cheese - login => username:admin,password:123456
[2023-10-19T10:35:57.500] [DEBUG] cheese - admin
[2023-10-19T10:35:57.501] [DEBUG] cheese - null
[2023-10-19T10:35:57.501] [DEBUG] cheese - null
[2023-10-19T10:35:57.621] [DEBUG] cheese - login => username:admin,password:123456
[2023-10-19T10:35:57.621] [DEBUG] cheese - admin
[2023-10-19T10:35:57.622] [DEBUG] cheese - null
[2023-10-19T10:35:57.622] [DEBUG] cheese - null
[2023-10-19T10:35:57.748] [DEBUG] cheese - login => username:admin,password:123456
[2023-10-19T10:35:57.748] [DEBUG] cheese - admin
[2023-10-19T10:35:57.749] [DEBUG] cheese - null
[2023-10-19T10:35:57.749] [DEBUG] cheese - null
[2023-10-19T10:35:57.869] [DEBUG] cheese - login => username:admin,password:123456
[2023-10-19T10:35:57.869] [DEBUG] cheese - admin
[2023-10-19T10:35:57.876] [DEBUG] cheese - null
[2023-10-19T10:35:57.876] [DEBUG] cheese - null
[2023-10-19T10:35:57.996] [DEBUG] cheese - login => username:admin,password:123456
[2023-10-19T10:35:57.996] [DEBUG] cheese - admin
[2023-10-19T10:35:57.997] [DEBUG] cheese - null
[2023-10-19T10:35:57.997] [DEBUG] cheese - null
[2023-10-19T10:35:58.150] [DEBUG] cheese - login => username:admin,password:123456
[2023-10-19T10:35:58.150] [DEBUG] cheese - admin
[2023-10-19T10:35:58.151] [DEBUG] cheese - null
[2023-10-19T10:35:58.151] [DEBUG] cheese - null
[2023-10-19T10:35:58.283] [DEBUG] cheese - login => username:admin,password:123456
[2023-10-19T10:35:58.283] [DEBUG] cheese - admin
[2023-10-19T10:35:58.284] [DEBUG] cheese - null
[2023-10-19T10:35:58.284] [DEBUG] cheese - null
[2023-10-19T10:35:58.418] [DEBUG] cheese - login => username:admin,password:123456
[2023-10-19T10:35:58.418] [DEBUG] cheese - admin
[2023-10-19T10:35:58.419] [DEBUG] cheese - null
[2023-10-19T10:35:58.419] [DEBUG] cheese - null
[2023-10-19T10:35:58.554] [DEBUG] cheese - login => username:admin,password:123456
[2023-10-19T10:35:58.554] [DEBUG] cheese - admin
[2023-10-19T10:35:58.556] [DEBUG] cheese - null
[2023-10-19T10:35:58.556] [DEBUG] cheese - null
[2023-10-19T10:35:58.689] [DEBUG] cheese - login => username:admin,password:123456
[2023-10-19T10:35:58.689] [DEBUG] cheese - admin
[2023-10-19T10:35:58.690] [DEBUG] cheese - null
[2023-10-19T10:35:58.690] [DEBUG] cheese - null
[2023-10-19T10:35:58.827] [DEBUG] cheese - login => username:admin,password:123456
[2023-10-19T10:35:58.827] [DEBUG] cheese - admin
[2023-10-19T10:35:58.829] [DEBUG] cheese - null
[2023-10-19T10:35:58.829] [DEBUG] cheese - null
[2023-10-19T10:35:58.970] [DEBUG] cheese - login => username:admin,password:123456
[2023-10-19T10:35:58.970] [DEBUG] cheese - admin
[2023-10-19T10:35:58.972] [DEBUG] cheese - null
[2023-10-19T10:35:58.972] [DEBUG] cheese - null
[2023-10-19T10:35:59.269] [DEBUG] cheese - login => username:admin,password:123456
[2023-10-19T10:35:59.270] [DEBUG] cheese - admin
[2023-10-19T10:35:59.286] [DEBUG] cheese - null
[2023-10-19T10:35:59.286] [DEBUG] cheese - null
[2023-10-19T10:35:59.512] [DEBUG] cheese - login => username:admin,password:123456
[2023-10-19T10:35:59.512] [DEBUG] cheese - admin
[2023-10-19T10:35:59.513] [DEBUG] cheese - null
[2023-10-19T10:35:59.514] [DEBUG] cheese - null
[2023-10-19T10:36:00.510] [DEBUG] cheese - login => username:admin,password:123456
[2023-10-19T10:36:00.510] [DEBUG] cheese - admin
[2023-10-19T10:36:00.513] [DEBUG] cheese - null
[2023-10-19T10:36:00.513] [DEBUG] cheese - null
[2023-10-19T10:36:00.657] [DEBUG] cheese - login => username:admin,password:123456
[2023-10-19T10:36:00.657] [DEBUG] cheese - admin
[2023-10-19T10:36:00.661] [DEBUG] cheese - null
[2023-10-19T10:36:00.661] [DEBUG] cheese - null
[2023-10-19T10:36:00.766] [DEBUG] cheese - login => username:admin,password:123456
[2023-10-19T10:36:00.766] [DEBUG] cheese - admin
[2023-10-19T10:36:00.770] [DEBUG] cheese - null
[2023-10-19T10:36:00.770] [DEBUG] cheese - null
[2023-10-19T10:36:00.884] [DEBUG] cheese - login => username:admin,password:123456
[2023-10-19T10:36:00.884] [DEBUG] cheese - admin
[2023-10-19T10:36:00.886] [DEBUG] cheese - null
[2023-10-19T10:36:00.886] [DEBUG] cheese - null
[2023-10-19T10:36:01.004] [DEBUG] cheese - login => username:admin,password:123456
[2023-10-19T10:36:01.005] [DEBUG] cheese - admin
[2023-10-19T10:36:01.006] [DEBUG] cheese - null
[2023-10-19T10:36:01.006] [DEBUG] cheese - null
[2023-10-19T10:36:01.122] [DEBUG] cheese - login => username:admin,password:123456
[2023-10-19T10:36:01.122] [DEBUG] cheese - admin
[2023-10-19T10:36:01.123] [DEBUG] cheese - null
[2023-10-19T10:36:01.123] [DEBUG] cheese - null
[2023-10-19T10:36:01.243] [DEBUG] cheese - login => username:admin,password:123456
[2023-10-19T10:36:01.244] [DEBUG] cheese - admin
[2023-10-19T10:36:01.246] [DEBUG] cheese - null
[2023-10-19T10:36:01.246] [DEBUG] cheese - null
[2023-10-19T10:36:01.360] [DEBUG] cheese - login => username:admin,password:123456
[2023-10-19T10:36:01.360] [DEBUG] cheese - admin
[2023-10-19T10:36:01.361] [DEBUG] cheese - null
[2023-10-19T10:36:01.361] [DEBUG] cheese - null
[2023-10-19T10:36:01.484] [DEBUG] cheese - login => username:admin,password:123456
[2023-10-19T10:36:01.484] [DEBUG] cheese - admin
[2023-10-19T10:36:01.485] [DEBUG] cheese - null
[2023-10-19T10:36:01.485] [DEBUG] cheese - null
[2023-10-19T10:36:01.606] [DEBUG] cheese - login => username:admin,password:123456
[2023-10-19T10:36:01.607] [DEBUG] cheese - admin
[2023-10-19T10:36:01.608] [DEBUG] cheese - null
[2023-10-19T10:36:01.608] [DEBUG] cheese - null
[2023-10-19T10:36:01.723] [DEBUG] cheese - login => username:admin,password:123456
[2023-10-19T10:36:01.723] [DEBUG] cheese - admin
[2023-10-19T10:36:01.724] [DEBUG] cheese - null
[2023-10-19T10:36:01.725] [DEBUG] cheese - null
[2023-10-19T10:36:01.836] [DEBUG] cheese - login => username:admin,password:123456
[2023-10-19T10:36:01.836] [DEBUG] cheese - admin
[2023-10-19T10:36:01.838] [DEBUG] cheese - null
[2023-10-19T10:36:01.838] [DEBUG] cheese - null
[2023-10-19T10:36:01.960] [DEBUG] cheese - login => username:admin,password:123456
[2023-10-19T10:36:01.960] [DEBUG] cheese - admin
[2023-10-19T10:36:01.962] [DEBUG] cheese - null
[2023-10-19T10:36:01.962] [DEBUG] cheese - null
[2023-10-19T10:36:02.079] [DEBUG] cheese - login => username:admin,password:123456
[2023-10-19T10:36:02.079] [DEBUG] cheese - admin
[2023-10-19T10:36:02.080] [DEBUG] cheese - null
[2023-10-19T10:36:02.080] [DEBUG] cheese - null
[2023-10-19T10:36:02.200] [DEBUG] cheese - login => username:admin,password:123456
[2023-10-19T10:36:02.200] [DEBUG] cheese - admin
[2023-10-19T10:36:02.202] [DEBUG] cheese - null
[2023-10-19T10:36:02.202] [DEBUG] cheese - null
[2023-10-19T10:36:02.320] [DEBUG] cheese - login => username:admin,password:123456
[2023-10-19T10:36:02.321] [DEBUG] cheese - admin
[2023-10-19T10:36:02.327] [DEBUG] cheese - null
[2023-10-19T10:36:02.327] [DEBUG] cheese - null
[2023-10-19T10:36:02.493] [DEBUG] cheese - login => username:admin,password:123456
[2023-10-19T10:36:02.493] [DEBUG] cheese - admin
[2023-10-19T10:36:02.495] [DEBUG] cheese - null
[2023-10-19T10:36:02.495] [DEBUG] cheese - null
[2023-10-19T10:36:02.617] [DEBUG] cheese - login => username:admin,password:123456
[2023-10-19T10:36:02.617] [DEBUG] cheese - admin
[2023-10-19T10:36:02.618] [DEBUG] cheese - null
[2023-10-19T10:36:02.618] [DEBUG] cheese - null
[2023-10-19T10:36:02.736] [DEBUG] cheese - login => username:admin,password:123456
[2023-10-19T10:36:02.736] [DEBUG] cheese - admin
[2023-10-19T10:36:02.737] [DEBUG] cheese - null
[2023-10-19T10:36:02.737] [DEBUG] cheese - null
[2023-10-19T10:36:02.849] [DEBUG] cheese - login => username:admin,password:123456
[2023-10-19T10:36:02.849] [DEBUG] cheese - admin
[2023-10-19T10:36:02.850] [DEBUG] cheese - null
[2023-10-19T10:36:02.850] [DEBUG] cheese - null
[2023-10-19T10:36:02.965] [DEBUG] cheese - login => username:admin,password:123456
[2023-10-19T10:36:02.966] [DEBUG] cheese - admin
[2023-10-19T10:36:02.967] [DEBUG] cheese - null
[2023-10-19T10:36:02.967] [DEBUG] cheese - null
[2023-10-19T10:36:03.089] [DEBUG] cheese - login => username:admin,password:123456
[2023-10-19T10:36:03.089] [DEBUG] cheese - admin
[2023-10-19T10:36:03.091] [DEBUG] cheese - null
[2023-10-19T10:36:03.091] [DEBUG] cheese - null
[2023-10-19T10:36:03.211] [DEBUG] cheese - login => username:admin,password:123456
[2023-10-19T10:36:03.211] [DEBUG] cheese - admin
[2023-10-19T10:36:03.213] [DEBUG] cheese - null
[2023-10-19T10:36:03.213] [DEBUG] cheese - null
[2023-10-19T10:36:03.341] [DEBUG] cheese - login => username:admin,password:123456
[2023-10-19T10:36:03.341] [DEBUG] cheese - admin
[2023-10-19T10:36:03.343] [DEBUG] cheese - null
[2023-10-19T10:36:03.343] [DEBUG] cheese - null
[2023-10-19T10:36:03.458] [DEBUG] cheese - login => username:admin,password:123456
[2023-10-19T10:36:03.458] [DEBUG] cheese - admin
[2023-10-19T10:36:03.459] [DEBUG] cheese - null
[2023-10-19T10:36:03.459] [DEBUG] cheese - null
[2023-10-19T10:36:03.581] [DEBUG] cheese - login => username:admin,password:123456
[2023-10-19T10:36:03.581] [DEBUG] cheese - admin
[2023-10-19T10:36:03.582] [DEBUG] cheese - null
[2023-10-19T10:36:03.582] [DEBUG] cheese - null
[2023-10-19T10:36:03.701] [DEBUG] cheese - login => username:admin,password:123456
[2023-10-19T10:36:03.701] [DEBUG] cheese - admin
[2023-10-19T10:36:03.702] [DEBUG] cheese - null
[2023-10-19T10:36:03.702] [DEBUG] cheese - null
[2023-10-19T10:36:03.820] [DEBUG] cheese - login => username:admin,password:123456
[2023-10-19T10:36:03.820] [DEBUG] cheese - admin
[2023-10-19T10:36:03.821] [DEBUG] cheese - null
[2023-10-19T10:36:03.821] [DEBUG] cheese - null
[2023-10-19T10:36:03.939] [DEBUG] cheese - login => username:admin,password:123456
[2023-10-19T10:36:03.939] [DEBUG] cheese - admin
[2023-10-19T10:36:03.941] [DEBUG] cheese - null
[2023-10-19T10:36:03.941] [DEBUG] cheese - null
[2023-10-19T10:36:04.064] [DEBUG] cheese - login => username:admin,password:123456
[2023-10-19T10:36:04.064] [DEBUG] cheese - admin
[2023-10-19T10:36:04.065] [DEBUG] cheese - null
[2023-10-19T10:36:04.065] [DEBUG] cheese - null
[2023-10-19T10:36:04.178] [DEBUG] cheese - login => username:admin,password:123456
[2023-10-19T10:36:04.178] [DEBUG] cheese - admin
[2023-10-19T10:36:04.180] [DEBUG] cheese - null
[2023-10-19T10:36:04.180] [DEBUG] cheese - null
[2023-10-19T10:36:04.294] [DEBUG] cheese - login => username:admin,password:123456
[2023-10-19T10:36:04.294] [DEBUG] cheese - admin
[2023-10-19T10:36:04.295] [DEBUG] cheese - null
[2023-10-19T10:36:04.295] [DEBUG] cheese - null
[2023-10-19T10:36:04.405] [DEBUG] cheese - login => username:admin,password:123456
[2023-10-19T10:36:04.405] [DEBUG] cheese - admin
[2023-10-19T10:36:04.406] [DEBUG] cheese - null
[2023-10-19T10:36:04.406] [DEBUG] cheese - null
[2023-10-19T10:36:04.534] [DEBUG] cheese - login => username:admin,password:123456
[2023-10-19T10:36:04.534] [DEBUG] cheese - admin
[2023-10-19T10:36:04.535] [DEBUG] cheese - null
[2023-10-19T10:36:04.535] [DEBUG] cheese - null
[2023-10-19T10:36:04.655] [DEBUG] cheese - login => username:admin,password:123456
[2023-10-19T10:36:04.655] [DEBUG] cheese - admin
[2023-10-19T10:36:04.657] [DEBUG] cheese - null
[2023-10-19T10:36:04.657] [DEBUG] cheese - null
[2023-10-19T10:36:04.775] [DEBUG] cheese - login => username:admin,password:123456
[2023-10-19T10:36:04.775] [DEBUG] cheese - admin
[2023-10-19T10:36:04.776] [DEBUG] cheese - null
[2023-10-19T10:36:04.776] [DEBUG] cheese - null
[2023-10-19T10:36:04.890] [DEBUG] cheese - login => username:admin,password:123456
[2023-10-19T10:36:04.890] [DEBUG] cheese - admin
[2023-10-19T10:36:04.892] [DEBUG] cheese - null
[2023-10-19T10:36:04.892] [DEBUG] cheese - null
[2023-10-19T10:36:05.004] [DEBUG] cheese - login => username:admin,password:123456
[2023-10-19T10:36:05.004] [DEBUG] cheese - admin
[2023-10-19T10:36:05.005] [DEBUG] cheese - null
[2023-10-19T10:36:05.005] [DEBUG] cheese - null
[2023-10-19T10:36:05.120] [DEBUG] cheese - login => username:admin,password:123456
[2023-10-19T10:36:05.120] [DEBUG] cheese - admin
[2023-10-19T10:36:05.120] [DEBUG] cheese - null
[2023-10-19T10:36:05.120] [DEBUG] cheese - null
[2023-10-19T10:36:05.245] [DEBUG] cheese - login => username:admin,password:123456
[2023-10-19T10:36:05.245] [DEBUG] cheese - admin
[2023-10-19T10:36:05.246] [DEBUG] cheese - null
[2023-10-19T10:36:05.246] [DEBUG] cheese - null
[2023-10-19T10:36:05.361] [DEBUG] cheese - login => username:admin,password:123456
[2023-10-19T10:36:05.361] [DEBUG] cheese - admin
[2023-10-19T10:36:05.362] [DEBUG] cheese - null
[2023-10-19T10:36:05.362] [DEBUG] cheese - null
[2023-10-19T10:36:05.482] [DEBUG] cheese - login => username:admin,password:123456
[2023-10-19T10:36:05.482] [DEBUG] cheese - admin
[2023-10-19T10:36:05.483] [DEBUG] cheese - null
[2023-10-19T10:36:05.483] [DEBUG] cheese - null
[2023-10-19T10:36:05.598] [DEBUG] cheese - login => username:admin,password:123456
[2023-10-19T10:36:05.598] [DEBUG] cheese - admin
[2023-10-19T10:36:05.599] [DEBUG] cheese - null
[2023-10-19T10:36:05.599] [DEBUG] cheese - null
[2023-10-19T10:36:05.720] [DEBUG] cheese - login => username:admin,password:123456
[2023-10-19T10:36:05.720] [DEBUG] cheese - admin
[2023-10-19T10:36:05.721] [DEBUG] cheese - null
[2023-10-19T10:36:05.721] [DEBUG] cheese - null
[2023-10-19T10:36:05.842] [DEBUG] cheese - login => username:admin,password:123456
[2023-10-19T10:36:05.842] [DEBUG] cheese - admin
[2023-10-19T10:36:05.843] [DEBUG] cheese - null
[2023-10-19T10:36:05.843] [DEBUG] cheese - null
[2023-10-19T10:36:05.960] [DEBUG] cheese - login => username:admin,password:123456
[2023-10-19T10:36:05.960] [DEBUG] cheese - admin
[2023-10-19T10:36:05.962] [DEBUG] cheese - null
[2023-10-19T10:36:05.963] [DEBUG] cheese - null
[2023-10-19T10:36:06.079] [DEBUG] cheese - login => username:admin,password:123456
[2023-10-19T10:36:06.079] [DEBUG] cheese - admin
[2023-10-19T10:36:06.080] [DEBUG] cheese - null
[2023-10-19T10:36:06.080] [DEBUG] cheese - null
[2023-10-19T10:36:06.198] [DEBUG] cheese - login => username:admin,password:123456
[2023-10-19T10:36:06.198] [DEBUG] cheese - admin
[2023-10-19T10:36:06.199] [DEBUG] cheese - null
[2023-10-19T10:36:06.199] [DEBUG] cheese - null
[2023-10-19T10:36:06.315] [DEBUG] cheese - login => username:admin,password:123456
[2023-10-19T10:36:06.315] [DEBUG] cheese - admin
[2023-10-19T10:36:06.316] [DEBUG] cheese - null
[2023-10-19T10:36:06.316] [DEBUG] cheese - null
[2023-10-19T10:36:06.431] [DEBUG] cheese - login => username:admin,password:123456
[2023-10-19T10:36:06.431] [DEBUG] cheese - admin
[2023-10-19T10:36:06.432] [DEBUG] cheese - null
[2023-10-19T10:36:06.432] [DEBUG] cheese - null
[2023-10-19T10:36:06.555] [DEBUG] cheese - login => username:admin,password:123456
[2023-10-19T10:36:06.555] [DEBUG] cheese - admin
[2023-10-19T10:36:06.557] [DEBUG] cheese - null
[2023-10-19T10:36:06.557] [DEBUG] cheese - null
[2023-10-19T10:36:06.672] [DEBUG] cheese - login => username:admin,password:123456
[2023-10-19T10:36:06.673] [DEBUG] cheese - admin
[2023-10-19T10:36:06.675] [DEBUG] cheese - null
[2023-10-19T10:36:06.675] [DEBUG] cheese - null
[2023-10-19T10:36:06.814] [DEBUG] cheese - login => username:admin,password:123456
[2023-10-19T10:36:06.814] [DEBUG] cheese - admin
[2023-10-19T10:36:06.815] [DEBUG] cheese - null
[2023-10-19T10:36:06.816] [DEBUG] cheese - null
[2023-10-19T10:36:06.934] [DEBUG] cheese - login => username:admin,password:123456
[2023-10-19T10:36:06.934] [DEBUG] cheese - admin
[2023-10-19T10:36:06.935] [DEBUG] cheese - null
[2023-10-19T10:36:06.935] [DEBUG] cheese - null
[2023-10-19T10:36:07.050] [DEBUG] cheese - login => username:admin,password:123456
[2023-10-19T10:36:07.050] [DEBUG] cheese - admin
[2023-10-19T10:36:07.051] [DEBUG] cheese - null
[2023-10-19T10:36:07.051] [DEBUG] cheese - null
[2023-10-19T10:36:07.168] [DEBUG] cheese - login => username:admin,password:123456
[2023-10-19T10:36:07.168] [DEBUG] cheese - admin
[2023-10-19T10:36:07.169] [DEBUG] cheese - null
[2023-10-19T10:36:07.169] [DEBUG] cheese - null
[2023-10-19T10:36:07.293] [DEBUG] cheese - login => username:admin,password:123456
[2023-10-19T10:36:07.293] [DEBUG] cheese - admin
[2023-10-19T10:36:07.294] [DEBUG] cheese - null
[2023-10-19T10:36:07.295] [DEBUG] cheese - null
[2023-10-19T10:36:07.425] [DEBUG] cheese - login => username:admin,password:123456
[2023-10-19T10:36:07.425] [DEBUG] cheese - admin
[2023-10-19T10:36:07.426] [DEBUG] cheese - null
[2023-10-19T10:36:07.426] [DEBUG] cheese - null
[2023-10-19T10:36:07.554] [DEBUG] cheese - login => username:admin,password:123456
[2023-10-19T10:36:07.554] [DEBUG] cheese - admin
[2023-10-19T10:36:07.555] [DEBUG] cheese - null
[2023-10-19T10:36:07.555] [DEBUG] cheese - null
[2023-10-19T10:36:07.671] [DEBUG] cheese - login => username:admin,password:123456
[2023-10-19T10:36:07.671] [DEBUG] cheese - admin
[2023-10-19T10:36:07.672] [DEBUG] cheese - null
[2023-10-19T10:36:07.672] [DEBUG] cheese - null
[2023-10-19T10:36:07.814] [DEBUG] cheese - login => username:admin,password:123456
[2023-10-19T10:36:07.815] [DEBUG] cheese - admin
[2023-10-19T10:36:07.816] [DEBUG] cheese - null
[2023-10-19T10:36:07.816] [DEBUG] cheese - null
[2023-10-19T10:36:07.942] [DEBUG] cheese - login => username:admin,password:123456
[2023-10-19T10:36:07.942] [DEBUG] cheese - admin
[2023-10-19T10:36:07.943] [DEBUG] cheese - null
[2023-10-19T10:36:07.943] [DEBUG] cheese - null
[2023-10-19T10:36:08.058] [DEBUG] cheese - login => username:admin,password:123456
[2023-10-19T10:36:08.058] [DEBUG] cheese - admin
[2023-10-19T10:36:08.060] [DEBUG] cheese - null
[2023-10-19T10:36:08.060] [DEBUG] cheese - null
[2023-10-19T10:36:08.181] [DEBUG] cheese - login => username:admin,password:123456
[2023-10-19T10:36:08.181] [DEBUG] cheese - admin
[2023-10-19T10:36:08.182] [DEBUG] cheese - null
[2023-10-19T10:36:08.182] [DEBUG] cheese - null
[2023-10-19T10:36:08.303] [DEBUG] cheese - login => username:admin,password:123456
[2023-10-19T10:36:08.303] [DEBUG] cheese - admin
[2023-10-19T10:36:08.304] [DEBUG] cheese - null
[2023-10-19T10:36:08.304] [DEBUG] cheese - null
[2023-10-19T10:36:08.420] [DEBUG] cheese - login => username:admin,password:123456
[2023-10-19T10:36:08.420] [DEBUG] cheese - admin
[2023-10-19T10:36:08.422] [DEBUG] cheese - null
[2023-10-19T10:36:08.422] [DEBUG] cheese - null
[2023-10-19T10:36:08.552] [DEBUG] cheese - login => username:admin,password:123456
[2023-10-19T10:36:08.552] [DEBUG] cheese - admin
[2023-10-19T10:36:08.553] [DEBUG] cheese - null
[2023-10-19T10:36:08.553] [DEBUG] cheese - null
[2023-10-19T10:36:08.671] [DEBUG] cheese - login => username:admin,password:123456
[2023-10-19T10:36:08.671] [DEBUG] cheese - admin
[2023-10-19T10:36:08.672] [DEBUG] cheese - null
[2023-10-19T10:36:08.672] [DEBUG] cheese - null
[2023-10-19T10:36:08.804] [DEBUG] cheese - login => username:admin,password:123456
[2023-10-19T10:36:08.804] [DEBUG] cheese - admin
[2023-10-19T10:36:08.806] [DEBUG] cheese - null
[2023-10-19T10:36:08.806] [DEBUG] cheese - null
[2023-10-19T10:36:08.927] [DEBUG] cheese - login => username:admin,password:123456
[2023-10-19T10:36:08.927] [DEBUG] cheese - admin
[2023-10-19T10:36:08.928] [DEBUG] cheese - null
[2023-10-19T10:36:08.928] [DEBUG] cheese - null
[2023-10-19T10:36:09.052] [DEBUG] cheese - login => username:admin,password:123456
[2023-10-19T10:36:09.052] [DEBUG] cheese - admin
[2023-10-19T10:36:09.053] [DEBUG] cheese - null
[2023-10-19T10:36:09.053] [DEBUG] cheese - null
[2023-10-19T10:36:09.171] [DEBUG] cheese - login => username:admin,password:123456
[2023-10-19T10:36:09.171] [DEBUG] cheese - admin
[2023-10-19T10:36:09.181] [DEBUG] cheese - null
[2023-10-19T10:36:09.181] [DEBUG] cheese - null
[2023-10-19T10:36:09.309] [DEBUG] cheese - login => username:admin,password:123456
[2023-10-19T10:36:09.309] [DEBUG] cheese - admin
[2023-10-19T10:36:09.310] [DEBUG] cheese - null
[2023-10-19T10:36:09.310] [DEBUG] cheese - null
[2023-10-19T10:36:09.432] [DEBUG] cheese - login => username:admin,password:123456
[2023-10-19T10:36:09.432] [DEBUG] cheese - admin
[2023-10-19T10:36:09.434] [DEBUG] cheese - null
[2023-10-19T10:36:09.434] [DEBUG] cheese - null
[2023-10-19T10:36:09.556] [DEBUG] cheese - login => username:admin,password:123456
[2023-10-19T10:36:09.556] [DEBUG] cheese - admin
[2023-10-19T10:36:09.557] [DEBUG] cheese - null
[2023-10-19T10:36:09.558] [DEBUG] cheese - null
[2023-10-19T10:36:09.685] [DEBUG] cheese - login => username:admin,password:123456
[2023-10-19T10:36:09.685] [DEBUG] cheese - admin
[2023-10-19T10:36:09.686] [DEBUG] cheese - null
[2023-10-19T10:36:09.686] [DEBUG] cheese - null
[2023-10-19T10:36:09.829] [DEBUG] cheese - login => username:admin,password:123456
[2023-10-19T10:36:09.829] [DEBUG] cheese - admin
[2023-10-19T10:36:09.830] [DEBUG] cheese - null
[2023-10-19T10:36:09.830] [DEBUG] cheese - null
[2023-10-19T10:36:09.958] [DEBUG] cheese - login => username:admin,password:123456
[2023-10-19T10:36:09.958] [DEBUG] cheese - admin
[2023-10-19T10:36:09.961] [DEBUG] cheese - null
[2023-10-19T10:36:09.961] [DEBUG] cheese - null
[2023-10-19T10:36:10.200] [DEBUG] cheese - login => username:admin,password:123456
[2023-10-19T10:36:10.200] [DEBUG] cheese - admin
[2023-10-19T10:36:10.202] [DEBUG] cheese - null
[2023-10-19T10:36:10.202] [DEBUG] cheese - null
[2023-10-19T10:36:10.893] [DEBUG] cheese - login => username:admin,password:123456
[2023-10-19T10:36:10.893] [DEBUG] cheese - admin
[2023-10-19T10:36:10.895] [DEBUG] cheese - null
[2023-10-19T10:36:10.895] [DEBUG] cheese - null
[2023-10-19T10:36:22.209] [DEBUG] cheese - login => username:admin,password:123456
[2023-10-19T10:36:22.209] [DEBUG] cheese - admin
[2023-10-19T10:36:22.214] [DEBUG] cheese - null
[2023-10-19T10:36:22.214] [DEBUG] cheese - null
[2023-10-19T10:36:27.608] [DEBUG] cheese - login => username:admin,password:123456
[2023-10-19T10:36:27.609] [DEBUG] cheese - admin
[2023-10-19T10:36:27.612] [DEBUG] cheese - null
[2023-10-19T10:36:27.612] [DEBUG] cheese - null
[2023-10-19T10:36:35.849] [DEBUG] cheese - login => username:admin,password:123456
[2023-10-19T10:36:35.849] [DEBUG] cheese - admin
[2023-10-19T10:36:35.858] [DEBUG] cheese - null
[2023-10-19T10:36:35.858] [DEBUG] cheese - null
[2023-10-19T10:36:35.996] [DEBUG] cheese - login => username:admin,password:123456
[2023-10-19T10:36:35.996] [DEBUG] cheese - admin
[2023-10-19T10:36:35.997] [DEBUG] cheese - null
[2023-10-19T10:36:35.997] [DEBUG] cheese - null
[2023-10-19T10:36:36.106] [DEBUG] cheese - login => username:admin,password:123456
[2023-10-19T10:36:36.106] [DEBUG] cheese - admin
[2023-10-19T10:36:36.113] [DEBUG] cheese - null
[2023-10-19T10:36:36.113] [DEBUG] cheese - null
[2023-10-19T10:36:36.226] [DEBUG] cheese - login => username:admin,password:123456
[2023-10-19T10:36:36.227] [DEBUG] cheese - admin
[2023-10-19T10:36:36.233] [DEBUG] cheese - null
[2023-10-19T10:36:36.233] [DEBUG] cheese - null
[2023-10-19T10:36:36.365] [DEBUG] cheese - login => username:admin,password:123456
[2023-10-19T10:36:36.365] [DEBUG] cheese - admin
[2023-10-19T10:36:36.366] [DEBUG] cheese - null
[2023-10-19T10:36:36.366] [DEBUG] cheese - null
[2023-10-19T10:36:36.483] [DEBUG] cheese - login => username:admin,password:123456
[2023-10-19T10:36:36.483] [DEBUG] cheese - admin
[2023-10-19T10:36:36.484] [DEBUG] cheese - null
[2023-10-19T10:36:36.484] [DEBUG] cheese - null
[2023-10-19T10:36:36.606] [DEBUG] cheese - login => username:admin,password:123456
[2023-10-19T10:36:36.606] [DEBUG] cheese - admin
[2023-10-19T10:36:36.607] [DEBUG] cheese - null
[2023-10-19T10:36:36.607] [DEBUG] cheese - null
[2023-10-19T10:36:36.720] [DEBUG] cheese - login => username:admin,password:123456
[2023-10-19T10:36:36.720] [DEBUG] cheese - admin
[2023-10-19T10:36:36.721] [DEBUG] cheese - null
[2023-10-19T10:36:36.721] [DEBUG] cheese - null
[2023-10-19T10:36:36.839] [DEBUG] cheese - login => username:admin,password:123456
[2023-10-19T10:36:36.840] [DEBUG] cheese - admin
[2023-10-19T10:36:36.841] [DEBUG] cheese - null
[2023-10-19T10:36:36.841] [DEBUG] cheese - null
[2023-10-19T10:36:36.957] [DEBUG] cheese - login => username:admin,password:123456
[2023-10-19T10:36:36.957] [DEBUG] cheese - admin
[2023-10-19T10:36:36.958] [DEBUG] cheese - null
[2023-10-19T10:36:36.958] [DEBUG] cheese - null
[2023-10-19T10:36:37.081] [DEBUG] cheese - login => username:admin,password:123456
[2023-10-19T10:36:37.082] [DEBUG] cheese - admin
[2023-10-19T10:36:37.083] [DEBUG] cheese - null
[2023-10-19T10:36:37.083] [DEBUG] cheese - null
[2023-10-19T10:36:37.200] [DEBUG] cheese - login => username:admin,password:123456
[2023-10-19T10:36:37.200] [DEBUG] cheese - admin
[2023-10-19T10:36:37.201] [DEBUG] cheese - null
[2023-10-19T10:36:37.201] [DEBUG] cheese - null
[2023-10-19T10:36:37.326] [DEBUG] cheese - login => username:admin,password:123456
[2023-10-19T10:36:37.326] [DEBUG] cheese - admin
[2023-10-19T10:36:37.328] [DEBUG] cheese - null
[2023-10-19T10:36:37.328] [DEBUG] cheese - null
[2023-10-19T10:36:37.448] [DEBUG] cheese - login => username:admin,password:123456
[2023-10-19T10:36:37.448] [DEBUG] cheese - admin
[2023-10-19T10:36:37.449] [DEBUG] cheese - null
[2023-10-19T10:36:37.449] [DEBUG] cheese - null
[2023-10-19T10:36:37.577] [DEBUG] cheese - login => username:admin,password:123456
[2023-10-19T10:36:37.577] [DEBUG] cheese - admin
[2023-10-19T10:36:37.578] [DEBUG] cheese - null
[2023-10-19T10:36:37.578] [DEBUG] cheese - null
[2023-10-19T10:36:37.707] [DEBUG] cheese - login => username:admin,password:123456
[2023-10-19T10:36:37.707] [DEBUG] cheese - admin
[2023-10-19T10:36:37.708] [DEBUG] cheese - null
[2023-10-19T10:36:37.709] [DEBUG] cheese - null
[2023-10-19T10:36:37.826] [DEBUG] cheese - login => username:admin,password:123456
[2023-10-19T10:36:37.826] [DEBUG] cheese - admin
[2023-10-19T10:36:37.828] [DEBUG] cheese - null
[2023-10-19T10:36:37.828] [DEBUG] cheese - null
[2023-10-19T10:36:37.959] [DEBUG] cheese - login => username:admin,password:123456
[2023-10-19T10:36:37.959] [DEBUG] cheese - admin
[2023-10-19T10:36:37.960] [DEBUG] cheese - null
[2023-10-19T10:36:37.960] [DEBUG] cheese - null
[2023-10-19T10:36:38.078] [DEBUG] cheese - login => username:admin,password:123456
[2023-10-19T10:36:38.078] [DEBUG] cheese - admin
[2023-10-19T10:36:38.080] [DEBUG] cheese - null
[2023-10-19T10:36:38.080] [DEBUG] cheese - null
[2023-10-19T10:36:38.206] [DEBUG] cheese - login => username:admin,password:123456
[2023-10-19T10:36:38.206] [DEBUG] cheese - admin
[2023-10-19T10:36:38.208] [DEBUG] cheese - null
[2023-10-19T10:36:38.208] [DEBUG] cheese - null
[2023-10-19T10:36:38.332] [DEBUG] cheese - login => username:admin,password:123456
[2023-10-19T10:36:38.332] [DEBUG] cheese - admin
[2023-10-19T10:36:38.333] [DEBUG] cheese - null
[2023-10-19T10:36:38.333] [DEBUG] cheese - null
[2023-10-19T10:36:38.453] [DEBUG] cheese - login => username:admin,password:123456
[2023-10-19T10:36:38.453] [DEBUG] cheese - admin
[2023-10-19T10:36:38.454] [DEBUG] cheese - null
[2023-10-19T10:36:38.454] [DEBUG] cheese - null
[2023-10-19T10:36:38.581] [DEBUG] cheese - login => username:admin,password:123456
[2023-10-19T10:36:38.581] [DEBUG] cheese - admin
[2023-10-19T10:36:38.582] [DEBUG] cheese - null
[2023-10-19T10:36:38.582] [DEBUG] cheese - null
[2023-10-19T10:36:38.703] [DEBUG] cheese - login => username:admin,password:123456
[2023-10-19T10:36:38.703] [DEBUG] cheese - admin
[2023-10-19T10:36:38.704] [DEBUG] cheese - null
[2023-10-19T10:36:38.704] [DEBUG] cheese - null
[2023-10-19T10:36:38.837] [DEBUG] cheese - login => username:admin,password:123456
[2023-10-19T10:36:38.837] [DEBUG] cheese - admin
[2023-10-19T10:36:38.838] [DEBUG] cheese - null
[2023-10-19T10:36:38.838] [DEBUG] cheese - null
[2023-10-19T10:36:38.967] [DEBUG] cheese - login => username:admin,password:123456
[2023-10-19T10:36:38.967] [DEBUG] cheese - admin
[2023-10-19T10:36:38.968] [DEBUG] cheese - null
[2023-10-19T10:36:38.968] [DEBUG] cheese - null
[2023-10-19T10:36:39.093] [DEBUG] cheese - login => username:admin,password:123456
[2023-10-19T10:36:39.093] [DEBUG] cheese - admin
[2023-10-19T10:36:39.095] [DEBUG] cheese - null
[2023-10-19T10:36:39.095] [DEBUG] cheese - null
[2023-10-19T10:36:39.216] [DEBUG] cheese - login => username:admin,password:123456
[2023-10-19T10:36:39.216] [DEBUG] cheese - admin
[2023-10-19T10:36:39.216] [DEBUG] cheese - null
[2023-10-19T10:36:39.216] [DEBUG] cheese - null
[2023-10-19T10:36:39.403] [DEBUG] cheese - login => username:admin,password:123456
[2023-10-19T10:36:39.403] [DEBUG] cheese - admin
[2023-10-19T10:36:39.404] [DEBUG] cheese - null
[2023-10-19T10:36:39.404] [DEBUG] cheese - null
[2023-10-19T10:36:39.523] [DEBUG] cheese - login => username:admin,password:123456
[2023-10-19T10:36:39.523] [DEBUG] cheese - admin
[2023-10-19T10:36:39.525] [DEBUG] cheese - null
[2023-10-19T10:36:39.525] [DEBUG] cheese - null
[2023-10-19T10:36:39.643] [DEBUG] cheese - login => username:admin,password:123456
[2023-10-19T10:36:39.643] [DEBUG] cheese - admin
[2023-10-19T10:36:39.644] [DEBUG] cheese - null
[2023-10-19T10:36:39.644] [DEBUG] cheese - null
[2023-10-19T10:36:39.760] [DEBUG] cheese - login => username:admin,password:123456
[2023-10-19T10:36:39.760] [DEBUG] cheese - admin
[2023-10-19T10:36:39.761] [DEBUG] cheese - null
[2023-10-19T10:36:39.761] [DEBUG] cheese - null
[2023-10-19T10:36:39.881] [DEBUG] cheese - login => username:admin,password:123456
[2023-10-19T10:36:39.881] [DEBUG] cheese - admin
[2023-10-19T10:36:39.883] [DEBUG] cheese - null
[2023-10-19T10:36:39.883] [DEBUG] cheese - null
[2023-10-19T10:36:40.004] [DEBUG] cheese - login => username:admin,password:123456
[2023-10-19T10:36:40.004] [DEBUG] cheese - admin
[2023-10-19T10:36:40.005] [DEBUG] cheese - null
[2023-10-19T10:36:40.005] [DEBUG] cheese - null
[2023-10-19T10:36:40.128] [DEBUG] cheese - login => username:admin,password:123456
[2023-10-19T10:36:40.128] [DEBUG] cheese - admin
[2023-10-19T10:36:40.129] [DEBUG] cheese - null
[2023-10-19T10:36:40.129] [DEBUG] cheese - null
[2023-10-19T10:36:40.253] [DEBUG] cheese - login => username:admin,password:123456
[2023-10-19T10:36:40.254] [DEBUG] cheese - admin
[2023-10-19T10:36:40.255] [DEBUG] cheese - null
[2023-10-19T10:36:40.255] [DEBUG] cheese - null
[2023-10-19T10:36:40.379] [DEBUG] cheese - login => username:admin,password:123456
[2023-10-19T10:36:40.380] [DEBUG] cheese - admin
[2023-10-19T10:36:40.381] [DEBUG] cheese - null
[2023-10-19T10:36:40.381] [DEBUG] cheese - null
[2023-10-19T10:36:40.512] [DEBUG] cheese - login => username:admin,password:123456
[2023-10-19T10:36:40.512] [DEBUG] cheese - admin
[2023-10-19T10:36:40.514] [DEBUG] cheese - null
[2023-10-19T10:36:40.514] [DEBUG] cheese - null
[2023-10-19T10:36:40.640] [DEBUG] cheese - login => username:admin,password:123456
[2023-10-19T10:36:40.640] [DEBUG] cheese - admin
[2023-10-19T10:36:40.641] [DEBUG] cheese - null
[2023-10-19T10:36:40.641] [DEBUG] cheese - null
[2023-10-19T10:36:40.763] [DEBUG] cheese - login => username:admin,password:123456
[2023-10-19T10:36:40.763] [DEBUG] cheese - admin
[2023-10-19T10:36:40.764] [DEBUG] cheese - null
[2023-10-19T10:36:40.764] [DEBUG] cheese - null
[2023-10-19T10:36:40.922] [DEBUG] cheese - login => username:admin,password:123456
[2023-10-19T10:36:40.922] [DEBUG] cheese - admin
[2023-10-19T10:36:40.923] [DEBUG] cheese - null
[2023-10-19T10:36:40.923] [DEBUG] cheese - null
[2023-10-19T10:36:41.047] [DEBUG] cheese - login => username:admin,password:123456
[2023-10-19T10:36:41.047] [DEBUG] cheese - admin
[2023-10-19T10:36:41.048] [DEBUG] cheese - null
[2023-10-19T10:36:41.048] [DEBUG] cheese - null
[2023-10-19T10:36:41.193] [DEBUG] cheese - login => username:admin,password:123456
[2023-10-19T10:36:41.193] [DEBUG] cheese - admin
[2023-10-19T10:36:41.195] [DEBUG] cheese - null
[2023-10-19T10:36:41.195] [DEBUG] cheese - null
[2023-10-19T10:36:41.333] [DEBUG] cheese - login => username:admin,password:123456
[2023-10-19T10:36:41.333] [DEBUG] cheese - admin
[2023-10-19T10:36:41.334] [DEBUG] cheese - null
[2023-10-19T10:36:41.334] [DEBUG] cheese - null
[2023-10-19T10:36:41.463] [DEBUG] cheese - login => username:admin,password:123456
[2023-10-19T10:36:41.464] [DEBUG] cheese - admin
[2023-10-19T10:36:41.465] [DEBUG] cheese - null
[2023-10-19T10:36:41.465] [DEBUG] cheese - null
[2023-10-19T10:36:41.592] [DEBUG] cheese - login => username:admin,password:123456
[2023-10-19T10:36:41.592] [DEBUG] cheese - admin
[2023-10-19T10:36:41.593] [DEBUG] cheese - null
[2023-10-19T10:36:41.593] [DEBUG] cheese - null
[2023-10-19T10:36:41.717] [DEBUG] cheese - login => username:admin,password:123456
[2023-10-19T10:36:41.717] [DEBUG] cheese - admin
[2023-10-19T10:36:41.718] [DEBUG] cheese - null
[2023-10-19T10:36:41.718] [DEBUG] cheese - null
[2023-10-19T10:36:41.839] [DEBUG] cheese - login => username:admin,password:123456
[2023-10-19T10:36:41.839] [DEBUG] cheese - admin
[2023-10-19T10:36:41.840] [DEBUG] cheese - null
[2023-10-19T10:36:41.840] [DEBUG] cheese - null
[2023-10-19T10:36:41.981] [DEBUG] cheese - login => username:admin,password:123456
[2023-10-19T10:36:41.981] [DEBUG] cheese - admin
[2023-10-19T10:36:41.982] [DEBUG] cheese - null
[2023-10-19T10:36:41.982] [DEBUG] cheese - null
[2023-10-19T10:36:42.143] [DEBUG] cheese - login => username:admin,password:123456
[2023-10-19T10:36:42.144] [DEBUG] cheese - admin
[2023-10-19T10:36:42.145] [DEBUG] cheese - null
[2023-10-19T10:36:42.145] [DEBUG] cheese - null
[2023-10-19T10:36:42.277] [DEBUG] cheese - login => username:admin,password:123456
[2023-10-19T10:36:42.277] [DEBUG] cheese - admin
[2023-10-19T10:36:42.278] [DEBUG] cheese - null
[2023-10-19T10:36:42.278] [DEBUG] cheese - null
[2023-10-19T10:36:42.393] [DEBUG] cheese - login => username:admin,password:123456
[2023-10-19T10:36:42.393] [DEBUG] cheese - admin
[2023-10-19T10:36:42.395] [DEBUG] cheese - null
[2023-10-19T10:36:42.395] [DEBUG] cheese - null
[2023-10-19T10:36:42.513] [DEBUG] cheese - login => username:admin,password:123456
[2023-10-19T10:36:42.513] [DEBUG] cheese - admin
[2023-10-19T10:36:42.515] [DEBUG] cheese - null
[2023-10-19T10:36:42.515] [DEBUG] cheese - null
[2023-10-19T10:36:42.631] [DEBUG] cheese - login => username:admin,password:123456
[2023-10-19T10:36:42.631] [DEBUG] cheese - admin
[2023-10-19T10:36:42.632] [DEBUG] cheese - null
[2023-10-19T10:36:42.632] [DEBUG] cheese - null
[2023-10-19T10:36:42.746] [DEBUG] cheese - login => username:admin,password:123456
[2023-10-19T10:36:42.746] [DEBUG] cheese - admin
[2023-10-19T10:36:42.746] [DEBUG] cheese - null
[2023-10-19T10:36:42.746] [DEBUG] cheese - null
[2023-10-19T10:36:42.875] [DEBUG] cheese - login => username:admin,password:123456
[2023-10-19T10:36:42.875] [DEBUG] cheese - admin
[2023-10-19T10:36:42.877] [DEBUG] cheese - null
[2023-10-19T10:36:42.877] [DEBUG] cheese - null
[2023-10-19T10:36:43.003] [DEBUG] cheese - login => username:admin,password:123456
[2023-10-19T10:36:43.003] [DEBUG] cheese - admin
[2023-10-19T10:36:43.003] [DEBUG] cheese - null
[2023-10-19T10:36:43.003] [DEBUG] cheese - null
[2023-10-19T10:36:43.124] [DEBUG] cheese - login => username:admin,password:123456
[2023-10-19T10:36:43.124] [DEBUG] cheese - admin
[2023-10-19T10:36:43.126] [DEBUG] cheese - null
[2023-10-19T10:36:43.127] [DEBUG] cheese - null
[2023-10-19T10:36:43.267] [DEBUG] cheese - login => username:admin,password:123456
[2023-10-19T10:36:43.267] [DEBUG] cheese - admin
[2023-10-19T10:36:43.269] [DEBUG] cheese - null
[2023-10-19T10:36:43.269] [DEBUG] cheese - null
[2023-10-19T10:36:43.400] [DEBUG] cheese - login => username:admin,password:123456
[2023-10-19T10:36:43.400] [DEBUG] cheese - admin
[2023-10-19T10:36:43.401] [DEBUG] cheese - null
[2023-10-19T10:36:43.401] [DEBUG] cheese - null
[2023-10-19T10:36:43.531] [DEBUG] cheese - login => username:admin,password:123456
[2023-10-19T10:36:43.531] [DEBUG] cheese - admin
[2023-10-19T10:36:43.532] [DEBUG] cheese - null
[2023-10-19T10:36:43.532] [DEBUG] cheese - null
[2023-10-19T10:36:43.652] [DEBUG] cheese - login => username:admin,password:123456
[2023-10-19T10:36:43.652] [DEBUG] cheese - admin
[2023-10-19T10:36:43.653] [DEBUG] cheese - null
[2023-10-19T10:36:43.653] [DEBUG] cheese - null
[2023-10-19T10:36:43.778] [DEBUG] cheese - login => username:admin,password:123456
[2023-10-19T10:36:43.778] [DEBUG] cheese - admin
[2023-10-19T10:36:43.779] [DEBUG] cheese - null
[2023-10-19T10:36:43.779] [DEBUG] cheese - null
[2023-10-19T10:36:43.897] [DEBUG] cheese - login => username:admin,password:123456
[2023-10-19T10:36:43.897] [DEBUG] cheese - admin
[2023-10-19T10:36:43.898] [DEBUG] cheese - null
[2023-10-19T10:36:43.898] [DEBUG] cheese - null
[2023-10-19T10:36:44.029] [DEBUG] cheese - login => username:admin,password:123456
[2023-10-19T10:36:44.029] [DEBUG] cheese - admin
[2023-10-19T10:36:44.031] [DEBUG] cheese - null
[2023-10-19T10:36:44.031] [DEBUG] cheese - null
[2023-10-19T10:36:44.151] [DEBUG] cheese - login => username:admin,password:123456
[2023-10-19T10:36:44.151] [DEBUG] cheese - admin
[2023-10-19T10:36:44.152] [DEBUG] cheese - null
[2023-10-19T10:36:44.152] [DEBUG] cheese - null
[2023-10-19T10:36:44.268] [DEBUG] cheese - login => username:admin,password:123456
[2023-10-19T10:36:44.268] [DEBUG] cheese - admin
[2023-10-19T10:36:44.269] [DEBUG] cheese - null
[2023-10-19T10:36:44.269] [DEBUG] cheese - null
[2023-10-19T10:36:44.383] [DEBUG] cheese - login => username:admin,password:123456
[2023-10-19T10:36:44.383] [DEBUG] cheese - admin
[2023-10-19T10:36:44.384] [DEBUG] cheese - null
[2023-10-19T10:36:44.384] [DEBUG] cheese - null
[2023-10-19T10:36:44.503] [DEBUG] cheese - login => username:admin,password:123456
[2023-10-19T10:36:44.503] [DEBUG] cheese - admin
[2023-10-19T10:36:44.508] [DEBUG] cheese - null
[2023-10-19T10:36:44.508] [DEBUG] cheese - null
[2023-10-19T10:36:44.626] [DEBUG] cheese - login => username:admin,password:123456
[2023-10-19T10:36:44.627] [DEBUG] cheese - admin
[2023-10-19T10:36:44.628] [DEBUG] cheese - null
[2023-10-19T10:36:44.628] [DEBUG] cheese - null
[2023-10-19T10:36:44.751] [DEBUG] cheese - login => username:admin,password:123456
[2023-10-19T10:36:44.751] [DEBUG] cheese - admin
[2023-10-19T10:36:44.752] [DEBUG] cheese - null
[2023-10-19T10:36:44.752] [DEBUG] cheese - null
[2023-10-19T10:36:44.897] [DEBUG] cheese - login => username:admin,password:123456
[2023-10-19T10:36:44.897] [DEBUG] cheese - admin
[2023-10-19T10:36:44.899] [DEBUG] cheese - null
[2023-10-19T10:36:44.899] [DEBUG] cheese - null
[2023-10-19T10:36:45.011] [DEBUG] cheese - login => username:admin,password:123456
[2023-10-19T10:36:45.011] [DEBUG] cheese - admin
[2023-10-19T10:36:45.012] [DEBUG] cheese - null
[2023-10-19T10:36:45.012] [DEBUG] cheese - null
[2023-10-19T10:36:45.127] [DEBUG] cheese - login => username:admin,password:123456
[2023-10-19T10:36:45.127] [DEBUG] cheese - admin
[2023-10-19T10:36:45.128] [DEBUG] cheese - null
[2023-10-19T10:36:45.128] [DEBUG] cheese - null
[2023-10-19T10:36:45.270] [DEBUG] cheese - login => username:admin,password:123456
[2023-10-19T10:36:45.270] [DEBUG] cheese - admin
[2023-10-19T10:36:45.272] [DEBUG] cheese - null
[2023-10-19T10:36:45.272] [DEBUG] cheese - null
[2023-10-19T10:36:45.401] [DEBUG] cheese - login => username:admin,password:123456
[2023-10-19T10:36:45.401] [DEBUG] cheese - admin
[2023-10-19T10:36:45.402] [DEBUG] cheese - null
[2023-10-19T10:36:45.402] [DEBUG] cheese - null
[2023-10-19T10:36:45.529] [DEBUG] cheese - login => username:admin,password:123456
[2023-10-19T10:36:45.529] [DEBUG] cheese - admin
[2023-10-19T10:36:45.530] [DEBUG] cheese - null
[2023-10-19T10:36:45.530] [DEBUG] cheese - null
[2023-10-19T10:36:45.647] [DEBUG] cheese - login => username:admin,password:123456
[2023-10-19T10:36:45.647] [DEBUG] cheese - admin
[2023-10-19T10:36:45.648] [DEBUG] cheese - null
[2023-10-19T10:36:45.648] [DEBUG] cheese - null
[2023-10-19T10:36:45.763] [DEBUG] cheese - login => username:admin,password:123456
[2023-10-19T10:36:45.763] [DEBUG] cheese - admin
[2023-10-19T10:36:45.765] [DEBUG] cheese - null
[2023-10-19T10:36:45.765] [DEBUG] cheese - null
[2023-10-19T10:36:45.882] [DEBUG] cheese - login => username:admin,password:123456
[2023-10-19T10:36:45.882] [DEBUG] cheese - admin
[2023-10-19T10:36:45.883] [DEBUG] cheese - null
[2023-10-19T10:36:45.883] [DEBUG] cheese - null
[2023-10-19T10:36:46.010] [DEBUG] cheese - login => username:admin,password:123456
[2023-10-19T10:36:46.010] [DEBUG] cheese - admin
[2023-10-19T10:36:46.011] [DEBUG] cheese - null
[2023-10-19T10:36:46.011] [DEBUG] cheese - null
[2023-10-19T10:36:46.136] [DEBUG] cheese - login => username:admin,password:123456
[2023-10-19T10:36:46.136] [DEBUG] cheese - admin
[2023-10-19T10:36:46.138] [DEBUG] cheese - null
[2023-10-19T10:36:46.138] [DEBUG] cheese - null
[2023-10-19T10:36:46.260] [DEBUG] cheese - login => username:admin,password:123456
[2023-10-19T10:36:46.260] [DEBUG] cheese - admin
[2023-10-19T10:36:46.261] [DEBUG] cheese - null
[2023-10-19T10:36:46.261] [DEBUG] cheese - null
[2023-10-19T10:36:46.401] [DEBUG] cheese - login => username:admin,password:123456
[2023-10-19T10:36:46.401] [DEBUG] cheese - admin
[2023-10-19T10:36:46.402] [DEBUG] cheese - null
[2023-10-19T10:36:46.403] [DEBUG] cheese - null
[2023-10-19T10:36:46.533] [DEBUG] cheese - login => username:admin,password:123456
[2023-10-19T10:36:46.533] [DEBUG] cheese - admin
[2023-10-19T10:36:46.535] [DEBUG] cheese - null
[2023-10-19T10:36:46.535] [DEBUG] cheese - null
[2023-10-19T10:36:46.660] [DEBUG] cheese - login => username:admin,password:123456
[2023-10-19T10:36:46.660] [DEBUG] cheese - admin
[2023-10-19T10:36:46.661] [DEBUG] cheese - null
[2023-10-19T10:36:46.661] [DEBUG] cheese - null
[2023-10-19T10:36:46.787] [DEBUG] cheese - login => username:admin,password:123456
[2023-10-19T10:36:46.787] [DEBUG] cheese - admin
[2023-10-19T10:36:46.788] [DEBUG] cheese - null
[2023-10-19T10:36:46.788] [DEBUG] cheese - null
[2023-10-19T10:36:46.912] [DEBUG] cheese - login => username:admin,password:123456
[2023-10-19T10:36:46.912] [DEBUG] cheese - admin
[2023-10-19T10:36:46.913] [DEBUG] cheese - null
[2023-10-19T10:36:46.913] [DEBUG] cheese - null
[2023-10-19T10:36:47.040] [DEBUG] cheese - login => username:admin,password:123456
[2023-10-19T10:36:47.040] [DEBUG] cheese - admin
[2023-10-19T10:36:47.041] [DEBUG] cheese - null
[2023-10-19T10:36:47.041] [DEBUG] cheese - null
[2023-10-19T10:36:47.169] [DEBUG] cheese - login => username:admin,password:123456
[2023-10-19T10:36:47.169] [DEBUG] cheese - admin
[2023-10-19T10:36:47.170] [DEBUG] cheese - null
[2023-10-19T10:36:47.170] [DEBUG] cheese - null
[2023-10-19T10:36:47.296] [DEBUG] cheese - login => username:admin,password:123456
[2023-10-19T10:36:47.296] [DEBUG] cheese - admin
[2023-10-19T10:36:47.297] [DEBUG] cheese - null
[2023-10-19T10:36:47.297] [DEBUG] cheese - null
[2023-10-19T10:36:47.421] [DEBUG] cheese - login => username:admin,password:123456
[2023-10-19T10:36:47.421] [DEBUG] cheese - admin
[2023-10-19T10:36:47.423] [DEBUG] cheese - null
[2023-10-19T10:36:47.423] [DEBUG] cheese - null
[2023-10-19T10:36:47.561] [DEBUG] cheese - login => username:admin,password:123456
[2023-10-19T10:36:47.561] [DEBUG] cheese - admin
[2023-10-19T10:36:47.563] [DEBUG] cheese - null
[2023-10-19T10:36:47.563] [DEBUG] cheese - null
[2023-10-19T10:36:47.715] [DEBUG] cheese - login => username:admin,password:123456
[2023-10-19T10:36:47.716] [DEBUG] cheese - admin
[2023-10-19T10:36:47.716] [DEBUG] cheese - null
[2023-10-19T10:36:47.716] [DEBUG] cheese - null
[2023-10-19T10:36:47.850] [DEBUG] cheese - login => username:admin,password:123456
[2023-10-19T10:36:47.850] [DEBUG] cheese - admin
[2023-10-19T10:36:47.851] [DEBUG] cheese - null
[2023-10-19T10:36:47.851] [DEBUG] cheese - null
[2023-10-19T10:36:47.967] [DEBUG] cheese - login => username:admin,password:123456
[2023-10-19T10:36:47.967] [DEBUG] cheese - admin
[2023-10-19T10:36:47.968] [DEBUG] cheese - null
[2023-10-19T10:36:47.968] [DEBUG] cheese - null
[2023-10-19T10:36:48.108] [DEBUG] cheese - login => username:admin,password:123456
[2023-10-19T10:36:48.108] [DEBUG] cheese - admin
[2023-10-19T10:36:48.110] [DEBUG] cheese - null
[2023-10-19T10:36:48.111] [DEBUG] cheese - null
[2023-10-19T10:36:48.240] [DEBUG] cheese - login => username:admin,password:123456
[2023-10-19T10:36:48.240] [DEBUG] cheese - admin
[2023-10-19T10:36:48.242] [DEBUG] cheese - null
[2023-10-19T10:36:48.242] [DEBUG] cheese - null
[2023-10-19T10:36:48.365] [DEBUG] cheese - login => username:admin,password:123456
[2023-10-19T10:36:48.365] [DEBUG] cheese - admin
[2023-10-19T10:36:48.367] [DEBUG] cheese - null
[2023-10-19T10:36:48.367] [DEBUG] cheese - null
[2023-10-19T10:36:48.516] [DEBUG] cheese - login => username:admin,password:123456
[2023-10-19T10:36:48.516] [DEBUG] cheese - admin
[2023-10-19T10:36:48.517] [DEBUG] cheese - null
[2023-10-19T10:36:48.517] [DEBUG] cheese - null
[2023-10-19T10:36:48.694] [DEBUG] cheese - login => username:admin,password:123456
[2023-10-19T10:36:48.694] [DEBUG] cheese - admin
[2023-10-19T10:36:48.696] [DEBUG] cheese - null
[2023-10-19T10:36:48.696] [DEBUG] cheese - null
[2023-10-19T10:36:48.870] [DEBUG] cheese - login => username:admin,password:123456
[2023-10-19T10:36:48.870] [DEBUG] cheese - admin
[2023-10-19T10:36:48.877] [DEBUG] cheese - null
[2023-10-19T10:36:48.877] [DEBUG] cheese - null
[2023-10-19T10:36:49.030] [DEBUG] cheese - login => username:admin,password:123456
[2023-10-19T10:36:49.030] [DEBUG] cheese - admin
[2023-10-19T10:36:49.031] [DEBUG] cheese - null
[2023-10-19T10:36:49.031] [DEBUG] cheese - null
[2023-10-19T10:36:49.174] [DEBUG] cheese - login => username:admin,password:123456
[2023-10-19T10:36:49.174] [DEBUG] cheese - admin
[2023-10-19T10:36:49.176] [DEBUG] cheese - null
[2023-10-19T10:36:49.176] [DEBUG] cheese - null
[2023-10-19T10:36:49.329] [DEBUG] cheese - login => username:admin,password:123456
[2023-10-19T10:36:49.329] [DEBUG] cheese - admin
[2023-10-19T10:36:49.332] [DEBUG] cheese - null
[2023-10-19T10:36:49.332] [DEBUG] cheese - null
[2023-10-19T10:36:49.502] [DEBUG] cheese - login => username:admin,password:123456
[2023-10-19T10:36:49.502] [DEBUG] cheese - admin
[2023-10-19T10:36:49.504] [DEBUG] cheese - null
[2023-10-19T10:36:49.504] [DEBUG] cheese - null
[2023-10-19T10:36:49.670] [DEBUG] cheese - login => username:admin,password:123456
[2023-10-19T10:36:49.670] [DEBUG] cheese - admin
[2023-10-19T10:36:49.672] [DEBUG] cheese - null
[2023-10-19T10:36:49.672] [DEBUG] cheese - null
[2023-10-19T10:36:49.880] [DEBUG] cheese - login => username:admin,password:123456
[2023-10-19T10:36:49.880] [DEBUG] cheese - admin
[2023-10-19T10:36:49.882] [DEBUG] cheese - null
[2023-10-19T10:36:49.882] [DEBUG] cheese - null
[2023-10-19T10:36:52.692] [DEBUG] cheese - login => username:admin,password:123456
[2023-10-19T10:36:52.692] [DEBUG] cheese - admin
[2023-10-19T10:36:52.696] [DEBUG] cheese - null
[2023-10-19T10:36:52.696] [DEBUG] cheese - null
[2023-10-19T10:36:55.306] [DEBUG] cheese - login => username:admin,password:123456
[2023-10-19T10:36:55.307] [DEBUG] cheese - admin
[2023-10-19T10:36:55.326] [DEBUG] cheese - null
[2023-10-19T10:36:55.326] [DEBUG] cheese - null
[2023-10-19T10:37:55.164] [DEBUG] cheese - login => username:admin,password:123456
[2023-10-19T10:37:55.164] [DEBUG] cheese - admin
[2023-10-19T10:37:55.168] [DEBUG] cheese - null
[2023-10-19T10:37:55.168] [DEBUG] cheese - null
[2023-10-19T10:37:58.941] [DEBUG] cheese - login => username:admin,password:123456
[2023-10-19T10:37:58.941] [DEBUG] cheese - admin
[2023-10-19T10:37:58.944] [DEBUG] cheese - null
[2023-10-19T10:37:58.944] [DEBUG] cheese - null
[2023-10-19T10:38:01.270] [DEBUG] cheese - login => username:admin,password:123456
[2023-10-19T10:38:01.270] [DEBUG] cheese - admin
[2023-10-19T10:38:01.271] [DEBUG] cheese - null
[2023-10-19T10:38:01.271] [DEBUG] cheese - null
[2023-10-19T10:38:14.957] [DEBUG] cheese - login => username:admin,password:123456
[2023-10-19T10:38:14.957] [DEBUG] cheese - admin
[2023-10-19T10:38:14.962] [DEBUG] cheese - null
[2023-10-19T10:38:14.962] [DEBUG] cheese - null
[2023-10-19T10:38:37.506] [DEBUG] cheese - login => username:admin,password:123456
[2023-10-19T10:38:37.507] [DEBUG] cheese - admin
[2023-10-19T10:38:37.513] [DEBUG] cheese - null
[2023-10-19T10:38:37.513] [DEBUG] cheese - null
[2023-10-19T16:20:58.363] [DEBUG] cheese - login => username:admin,password:123456
[2023-10-19T16:20:58.367] [DEBUG] cheese - admin
[2023-10-19T16:20:58.437] [DEBUG] cheese - null
[2023-10-19T16:20:58.437] [DEBUG] cheese - null
[2023-10-19T16:21:01.411] [DEBUG] cheese - login => username:admin,password:123456
[2023-10-19T16:21:01.411] [DEBUG] cheese - admin
[2023-10-19T16:21:01.417] [DEBUG] cheese - null
[2023-10-19T16:21:01.417] [DEBUG] cheese - null
[2023-10-19T16:22:02.934] [DEBUG] cheese - login => username:admin,password:123456
[2023-10-19T16:22:02.934] [DEBUG] cheese - admin
[2023-10-19T16:22:02.959] [DEBUG] cheese - null
[2023-10-19T16:22:02.959] [DEBUG] cheese - null
[2023-10-19T16:22:07.003] [DEBUG] cheese - login => username:admin,password:123456
[2023-10-19T16:22:07.003] [DEBUG] cheese - admin
[2023-10-19T16:22:07.006] [DEBUG] cheese - null
[2023-10-19T16:22:07.006] [DEBUG] cheese - null
[2023-10-19T16:22:07.936] [DEBUG] cheese - login => username:admin,password:123456
[2023-10-19T16:22:07.936] [DEBUG] cheese - admin
[2023-10-19T16:22:07.940] [DEBUG] cheese - null
[2023-10-19T16:22:07.940] [DEBUG] cheese - null
[2023-10-19T16:22:08.496] [DEBUG] cheese - login => username:admin,password:123456
[2023-10-19T16:22:08.496] [DEBUG] cheese - admin
[2023-10-19T16:22:08.499] [DEBUG] cheese - null
[2023-10-19T16:22:08.499] [DEBUG] cheese - null
[2023-10-19T16:22:27.037] [DEBUG] cheese - login => username:admin,password:123456
[2023-10-19T16:22:27.037] [DEBUG] cheese - admin
[2023-10-19T16:22:27.041] [DEBUG] cheese - null
[2023-10-19T16:22:27.042] [DEBUG] cheese - null
[2023-10-19T16:23:26.491] [DEBUG] cheese - login => username:admin,password:123456
[2023-10-19T16:23:26.492] [DEBUG] cheese - admin
[2023-10-19T16:23:26.507] [DEBUG] cheese - null
[2023-10-19T16:23:26.511] [DEBUG] cheese - null
[2023-10-19T16:25:31.880] [DEBUG] cheese - login => username:admin,password:123456
[2023-10-19T16:25:31.883] [DEBUG] cheese - admin
[2023-10-19T16:25:31.974] [DEBUG] cheese - null
[2023-10-19T16:25:31.975] [DEBUG] cheese - null
[2023-10-19T16:25:33.023] [DEBUG] cheese - login => username:admin,password:123456
[2023-10-19T16:25:33.023] [DEBUG] cheese - admin
[2023-10-19T16:25:33.027] [DEBUG] cheese - null
[2023-10-19T16:25:33.027] [DEBUG] cheese - null
[2023-10-19T16:55:00.068] [DEBUG] cheese - login => username:admin,password:123456
[2023-10-19T16:55:00.072] [DEBUG] cheese - admin
[2023-10-19T16:55:00.128] [DEBUG] cheese - null
[2023-10-19T16:55:00.129] [DEBUG] cheese - null
[2023-10-19T16:55:29.451] [DEBUG] cheese - login => username:admin,password:123456
[2023-10-19T16:55:29.452] [DEBUG] cheese - admin
[2023-10-19T16:55:29.458] [DEBUG] cheese - null
[2023-10-19T16:55:29.458] [DEBUG] cheese - null
[2023-10-19T16:59:45.461] [DEBUG] cheese - login => username:admin,password:123456
[2023-10-19T16:59:45.462] [DEBUG] cheese - admin
[2023-10-19T16:59:45.468] [DEBUG] cheese - null
[2023-10-19T16:59:45.468] [DEBUG] cheese - null
[2023-10-19T17:00:11.471] [DEBUG] cheese - login => username:admin,password:123456
[2023-10-19T17:00:11.471] [DEBUG] cheese - admin
[2023-10-19T17:00:11.474] [DEBUG] cheese - null
[2023-10-19T17:00:11.474] [DEBUG] cheese - null
[2023-10-19T17:01:26.336] [DEBUG] cheese - login => username:admin,password:123456
[2023-10-19T17:01:26.336] [DEBUG] cheese - admin
[2023-10-19T17:01:26.359] [DEBUG] cheese - null
[2023-10-19T17:01:26.359] [DEBUG] cheese - null
[2023-10-19T17:02:01.533] [DEBUG] cheese - login => username:admin,password:123456
[2023-10-19T17:02:01.534] [DEBUG] cheese - admin
[2023-10-19T17:02:01.539] [DEBUG] cheese - null
[2023-10-19T17:02:01.539] [DEBUG] cheese - null
[2023-10-19T17:02:02.680] [DEBUG] cheese - login => username:admin,password:123456
[2023-10-19T17:02:02.680] [DEBUG] cheese - admin
[2023-10-19T17:02:02.682] [DEBUG] cheese - null
[2023-10-19T17:02:02.682] [DEBUG] cheese - null
[2023-10-19T17:03:33.704] [DEBUG] cheese - login => username:admin,password:123456
[2023-10-19T17:03:33.704] [DEBUG] cheese - admin
[2023-10-19T17:03:33.729] [DEBUG] cheese - null
[2023-10-19T17:03:33.729] [DEBUG] cheese - null
[2023-10-19T17:03:39.364] [DEBUG] cheese - login => username:admin,password:123456
[2023-10-19T17:03:39.365] [DEBUG] cheese - admin
[2023-10-19T17:03:39.368] [DEBUG] cheese - null
[2023-10-19T17:03:39.368] [DEBUG] cheese - null
[2023-10-19T17:06:13.150] [DEBUG] cheese - login => username:admin,password:123456
[2023-10-19T17:06:13.153] [DEBUG] cheese - admin
[2023-10-19T17:06:13.200] [DEBUG] cheese - null
[2023-10-19T17:06:13.200] [DEBUG] cheese - null
[2023-10-19T17:11:53.031] [DEBUG] cheese - login => username:admin,password:123456
[2023-10-19T17:11:53.033] [DEBUG] cheese - admin
[2023-10-19T17:11:53.083] [DEBUG] cheese - null
[2023-10-19T17:11:53.083] [DEBUG] cheese - null
[2023-10-19T17:24:06.912] [DEBUG] cheese - login => username:admin,password:123456
[2023-10-19T17:24:06.917] [DEBUG] cheese - admin
[2023-10-19T17:24:06.971] [DEBUG] cheese - null
[2023-10-19T17:24:06.972] [DEBUG] cheese - null
[2023-10-19T17:25:00.122] [DEBUG] cheese - login => username:admin,password:123456
[2023-10-19T17:25:00.122] [DEBUG] cheese - admin
[2023-10-19T17:25:00.142] [DEBUG] cheese - null
[2023-10-19T17:25:00.142] [DEBUG] cheese - null
[2023-10-19T17:29:50.287] [DEBUG] cheese - login => username:admin,password:123456
[2023-10-19T17:29:50.289] [DEBUG] cheese - admin
[2023-10-19T17:29:50.359] [DEBUG] cheese - null
[2023-10-19T17:29:50.359] [DEBUG] cheese - null
[2023-10-19T17:32:39.129] [DEBUG] cheese - login => username:admin,password:123456
[2023-10-19T17:32:39.130] [DEBUG] cheese - admin
[2023-10-19T17:32:39.178] [DEBUG] cheese - null
[2023-10-19T17:32:39.178] [DEBUG] cheese - null
[2023-10-19T17:33:59.255] [DEBUG] cheese - login => username:admin,password:123456
[2023-10-19T17:33:59.257] [DEBUG] cheese - admin
[2023-10-19T17:33:59.306] [DEBUG] cheese - null
[2023-10-19T17:33:59.306] [DEBUG] cheese - null
[2023-10-19T17:40:10.465] [DEBUG] cheese - login => username:admin,password:123456
[2023-10-19T17:40:10.467] [DEBUG] cheese - admin
[2023-10-19T17:40:10.518] [DEBUG] cheese - null
[2023-10-19T17:40:10.518] [DEBUG] cheese - null
[2023-10-19T17:40:32.860] [DEBUG] cheese - login => username:admin,password:123456
[2023-10-19T17:40:32.860] [DEBUG] cheese - admin
[2023-10-19T17:40:32.869] [DEBUG] cheese - null
[2023-10-19T17:40:32.869] [DEBUG] cheese - null
[2023-10-19T18:44:45.424] [DEBUG] cheese - login => username:admin,password:123456
[2023-10-19T18:44:45.427] [DEBUG] cheese - admin
[2023-10-19T18:44:45.479] [DEBUG] cheese - null
[2023-10-19T18:44:45.479] [DEBUG] cheese - null
[2023-10-19T18:45:29.326] [DEBUG] cheese - login => username:admin,password:123456
[2023-10-19T18:45:29.327] [DEBUG] cheese - admin
[2023-10-19T18:45:29.370] [DEBUG] cheese - null
[2023-10-19T18:45:29.370] [DEBUG] cheese - null
[2023-10-19T18:46:46.193] [DEBUG] cheese - login => username:admin,password:123456
[2023-10-19T18:46:46.194] [DEBUG] cheese - admin
[2023-10-19T18:46:46.234] [DEBUG] cheese - null
[2023-10-19T18:46:46.234] [DEBUG] cheese - null
[2024-05-02T15:05:31.541] [DEBUG] cheese - login => username:admin,password:123456
[2024-05-02T15:05:31.543] [DEBUG] cheese - admin
[2024-05-02T15:05:31.604] [DEBUG] cheese - null
[2024-05-02T15:05:31.605] [DEBUG] cheese - null
[2024-05-02T15:06:27.002] [DEBUG] cheese - login => username:admin,password:123456
[2024-05-02T15:06:27.003] [DEBUG] cheese - admin
[2024-05-02T15:06:27.009] [DEBUG] cheese - null
[2024-05-02T15:06:27.009] [DEBUG] cheese - null
[2024-05-02T15:07:04.456] [DEBUG] cheese - login => username:admin,password:123456
[2024-05-02T15:07:04.457] [DEBUG] cheese - admin
[2024-05-02T15:07:04.476] [DEBUG] cheese - null
[2024-05-02T15:07:04.476] [DEBUG] cheese - null
[2025-01-15T16:09:19.504] [DEBUG] cheese - login => username:admin,password:123456
[2025-01-15T16:09:19.505] [DEBUG] cheese - admin
[2025-01-15T16:09:19.549] [DEBUG] cheese - null
[2025-01-15T16:09:19.549] [DEBUG] cheese - null
